-- @formatter:off
-- ----------------------------
-- Table data for app
-- ----------------------------
-- Note: After installation, it is necessary to modify the application URL.
INSERT INTO `app` (`id`, `code`, `name`, `show_name`, `icon`, `type`, `edition_type`, `description`, `auth_ctrl`, `enabled`, `url`, `sequence`, `api_ids`, `version`, `open_stage`, `client_id`, `tenant_id`, `created_by`, `created_date`, `last_modified_by`, `last_modified_date`) VALUES (100007, 'AngusGM', 'AngusGM', 'AngusGM', '', 'BASE_APP', 'ENTERPRISE', '企业版全局管理', 1, 1, 'http://localhost:8802', 6, '[]', '1.0.0', 'SIGNUP', 'xcan_tp', :TENANT_ID, -1, '2024-01-01 00:00:00', -1, '2024-01-01 00:00:00');

-- ----------------------------
-- Table data for app_func
-- ----------------------------
INSERT INTO `app_func` (`id`, `code`, `name`, `show_name`, `pid`, `icon`, `type`, `description`, `auth_ctrl`, `enabled`, `url`, `app_id`, `sequence`, `api_ids`, `client_id`, `tenant_id`, `created_by`, `created_date`, `last_modified_by`, `last_modified_date`) VALUES (1000071205018, 'Appearance', '外观', '外观', 1000071205001, 'icon-waiguan', 'MENU', '', 1, 1, '/system/appearance', 100007, 14, '[]', 'xcan_tp', :TENANT_ID, -1, '2024-01-02 11:22:22', -1, '2024-01-02 11:22:22');
INSERT INTO `app_func` (`id`, `code`, `name`, `show_name`, `pid`, `icon`, `type`, `description`, `auth_ctrl`, `enabled`, `url`, `app_id`, `sequence`, `api_ids`, `client_id`, `tenant_id`, `created_by`, `created_date`, `last_modified_by`, `last_modified_date`) VALUES (1000071205014, 'ApplicationStorage', '应用存储', '应用存储', 1000071205001, 'icon-yingyongcunchu', 'MENU', '', 1, 1, '/system/storage', 100007, 10, '[]', 'xcan_tp', :TENANT_ID, -1, '2024-01-02 11:22:22', -1, '2024-01-02 11:22:22');
INSERT INTO `app_func` (`id`, `code`, `name`, `show_name`, `pid`, `icon`, `type`, `description`, `auth_ctrl`, `enabled`, `url`, `app_id`, `sequence`, `api_ids`, `client_id`, `tenant_id`, `created_by`, `created_date`, `last_modified_by`, `last_modified_date`) VALUES (1000071205049, 'ApplicationStorageModify', '编辑应用存储', '编辑', 1000071205014, '', 'BUTTON', '', 1, 1, '', 100007, 1, '[]', 'xcan_tp', :TENANT_ID, -1, '2024-01-02 11:22:22', -1, '2024-01-02 11:22:22');
INSERT INTO `app_func` (`id`, `code`, `name`, `show_name`, `pid`, `icon`, `type`, `description`, `auth_ctrl`, `enabled`, `url`, `app_id`, `sequence`, `api_ids`, `client_id`, `tenant_id`, `created_by`, `created_date`, `last_modified_by`, `last_modified_date`) VALUES (1000071205016, 'AuditLog', '审计日志', '审计日志', 1000071205001, 'icon-shenjirizhi', 'MENU', '', 1, 1, '/system/log', 100007, 12, '[]', 'xcan_tp', :TENANT_ID, -1, '2024-01-02 11:22:22', -1, '2024-01-02 11:22:22');
INSERT INTO `app_func` (`id`, `code`, `name`, `show_name`, `pid`, `icon`, `type`, `description`, `auth_ctrl`, `enabled`, `url`, `app_id`, `sequence`, `api_ids`, `client_id`, `tenant_id`, `created_by`, `created_date`, `last_modified_by`, `last_modified_date`) VALUES (1000071202011, 'AuthDeptAdd', '添加授权部门', '授权部门', 1000071202002, '', 'BUTTON', '', 1, 1, '', 100007, 1, '[]', 'xcan_tp', :TENANT_ID, -1, '2024-01-02 11:22:22', -1, '2024-01-02 11:22:22');
INSERT INTO `app_func` (`id`, `code`, `name`, `show_name`, `pid`, `icon`, `type`, `description`, `auth_ctrl`, `enabled`, `url`, `app_id`, `sequence`, `api_ids`, `client_id`, `tenant_id`, `created_by`, `created_date`, `last_modified_by`, `last_modified_date`) VALUES (1000071202012, 'AuthDeptCancel', '取消授权部门', '取消授权', 1000071202002, '', 'BUTTON', '', 1, 1, '', 100007, 1, '[]', 'xcan_tp', :TENANT_ID, -1, '2024-01-02 11:22:22', -1, '2024-01-02 11:22:22');
INSERT INTO `app_func` (`id`, `code`, `name`, `show_name`, `pid`, `icon`, `type`, `description`, `auth_ctrl`, `enabled`, `url`, `app_id`, `sequence`, `api_ids`, `client_id`, `tenant_id`, `created_by`, `created_date`, `last_modified_by`, `last_modified_date`) VALUES (1000071202013, 'AuthGroupAdd', '添加授权组', '授权组', 1000071202002, '', 'BUTTON', '', 1, 1, '', 100007, 1, '[]', 'xcan_tp', :TENANT_ID, -1, '2024-01-02 11:22:22', -1, '2024-01-02 11:22:22');
INSERT INTO `app_func` (`id`, `code`, `name`, `show_name`, `pid`, `icon`, `type`, `description`, `auth_ctrl`, `enabled`, `url`, `app_id`, `sequence`, `api_ids`, `client_id`, `tenant_id`, `created_by`, `created_date`, `last_modified_by`, `last_modified_date`) VALUES (1000071202014, 'AuthGroupCancel', '取消授权组', '取消授权', 1000071202002, '', 'BUTTON', '', 1, 1, '', 100007, 1, '[]', 'xcan_tp', :TENANT_ID, -1, '2024-01-02 11:22:22', -1, '2024-01-02 11:22:22');
INSERT INTO `app_func` (`id`, `code`, `name`, `show_name`, `pid`, `icon`, `type`, `description`, `auth_ctrl`, `enabled`, `url`, `app_id`, `sequence`, `api_ids`, `client_id`, `tenant_id`, `created_by`, `created_date`, `last_modified_by`, `last_modified_date`) VALUES (1000071202009, 'AuthUserAdd', '添加授权用户', '授权用户', 1000071202002, '', 'BUTTON', '', 1, 1, '', 100007, 1, '[]', 'xcan_tp', :TENANT_ID, -1, '2024-01-02 11:22:22', -1, '2024-01-02 11:22:22');
INSERT INTO `app_func` (`id`, `code`, `name`, `show_name`, `pid`, `icon`, `type`, `description`, `auth_ctrl`, `enabled`, `url`, `app_id`, `sequence`, `api_ids`, `client_id`, `tenant_id`, `created_by`, `created_date`, `last_modified_by`, `last_modified_date`) VALUES (1000071202010, 'AuthUserCancel', '取消授权用户', '取消授权', 1000071202002, '', 'BUTTON', '', 1, 1, '', 100007, 1, '[]', 'xcan_tp', :TENANT_ID, -1, '2024-01-02 11:22:22', -1, '2024-01-02 11:22:22');
INSERT INTO `app_func` (`id`, `code`, `name`, `show_name`, `pid`, `icon`, `type`, `description`, `auth_ctrl`, `enabled`, `url`, `app_id`, `sequence`, `api_ids`, `client_id`, `tenant_id`, `created_by`, `created_date`, `last_modified_by`, `last_modified_date`) VALUES (1000071202005, 'Authorize', '授权', '授权', 1000071202002, '', 'BUTTON', '', 1, 1, '/permissions/policy/auth/{id}', 100007, 1, '[]', 'xcan_tp', :TENANT_ID, -1, '2024-01-02 11:22:22', -1, '2024-01-02 11:22:22');
INSERT INTO `app_func` (`id`, `code`, `name`, `show_name`, `pid`, `icon`, `type`, `description`, `auth_ctrl`, `enabled`, `url`, `app_id`, `sequence`, `api_ids`, `client_id`, `tenant_id`, `created_by`, `created_date`, `last_modified_by`, `last_modified_date`) VALUES (1000071202017, 'AuthorizeDeptAdd', '添加授权部门', '授权部门', 1000071202003, '', 'BUTTON', '', 1, 1, '', 100007, 1, '[]', 'xcan_tp', :TENANT_ID, -1, '2024-01-02 11:22:22', -1, '2024-01-02 11:22:22');
INSERT INTO `app_func` (`id`, `code`, `name`, `show_name`, `pid`, `icon`, `type`, `description`, `auth_ctrl`, `enabled`, `url`, `app_id`, `sequence`, `api_ids`, `client_id`, `tenant_id`, `created_by`, `created_date`, `last_modified_by`, `last_modified_date`) VALUES (1000071202018, 'AuthorizeGroupAdd', '添加授权组', '授权组', 1000071202003, '', 'BUTTON', '', 1, 1, '', 100007, 1, '[]', 'xcan_tp', :TENANT_ID, -1, '2024-01-02 11:22:22', -1, '2024-01-02 11:22:22');
INSERT INTO `app_func` (`id`, `code`, `name`, `show_name`, `pid`, `icon`, `type`, `description`, `auth_ctrl`, `enabled`, `url`, `app_id`, `sequence`, `api_ids`, `client_id`, `tenant_id`, `created_by`, `created_date`, `last_modified_by`, `last_modified_date`) VALUES (1000071201019, 'AuthorizeUser', '授权', '授权', 1000071201002, '', 'BUTTON', '', 1, 1, '', 100007, 1, '[]', 'xcan_tp', :TENANT_ID, -1, '2024-01-02 11:22:22', -1, '2024-03-08 09:50:33');
INSERT INTO `app_func` (`id`, `code`, `name`, `show_name`, `pid`, `icon`, `type`, `description`, `auth_ctrl`, `enabled`, `url`, `app_id`, `sequence`, `api_ids`, `client_id`, `tenant_id`, `created_by`, `created_date`, `last_modified_by`, `last_modified_date`) VALUES (1000071202016, 'AuthorizeUserAdd', '添加授权用户', '授权用户', 1000071202003, '', 'BUTTON', '', 1, 1, '', 100007, 1, '[]', 'xcan_tp', :TENANT_ID, -1, '2024-01-02 11:22:22', -1, '2024-01-02 11:22:22');
INSERT INTO `app_func` (`id`, `code`, `name`, `show_name`, `pid`, `icon`, `type`, `description`, `auth_ctrl`, `enabled`, `url`, `app_id`, `sequence`, `api_ids`, `client_id`, `tenant_id`, `created_by`, `created_date`, `last_modified_by`, `last_modified_date`) VALUES (1000071202003, 'AuthorizeView', '查看授权', '查看授权', 1000071202001, 'icon-chakanshouquan', 'MENU', '', 1, 1, '/permissions/view', 100007, 2, '[]', 'xcan_tp', :TENANT_ID, -1, '2024-01-02 11:22:22', -1, '2024-01-02 11:22:22');
INSERT INTO `app_func` (`id`, `code`, `name`, `show_name`, `pid`, `icon`, `type`, `description`, `auth_ctrl`, `enabled`, `url`, `app_id`, `sequence`, `api_ids`, `client_id`, `tenant_id`, `created_by`, `created_date`, `last_modified_by`, `last_modified_date`) VALUES (1000071201038, 'AuthorizedGroup', '授权', '授权', 1000071201004, '', 'BUTTON', '', 1, 1, '', 100007, 1, '[]', 'xcan_tp', :TENANT_ID, -1, '2024-01-02 11:22:22', -1, '2024-03-08 09:52:06');
INSERT INTO `app_func` (`id`, `code`, `name`, `show_name`, `pid`, `icon`, `type`, `description`, `auth_ctrl`, `enabled`, `url`, `app_id`, `sequence`, `api_ids`, `client_id`, `tenant_id`, `created_by`, `created_date`, `last_modified_by`, `last_modified_date`) VALUES (1000071205069, 'ChannelAdd', '添加', '添加', 1000071205012, '', 'BUTTON', '', 1, 1, '', 100007, 1, '[]', 'xcan_tp', :TENANT_ID, -1, '2024-02-24 09:44:11', -1, '2024-02-24 09:44:11');
INSERT INTO `app_func` (`id`, `code`, `name`, `show_name`, `pid`, `icon`, `type`, `description`, `auth_ctrl`, `enabled`, `url`, `app_id`, `sequence`, `api_ids`, `client_id`, `tenant_id`, `created_by`, `created_date`, `last_modified_by`, `last_modified_date`) VALUES (1000071205070, 'ChannelDelete', '删除', '删除', 1000071205012, '', 'BUTTON', '', 1, 1, '', 100007, 1, '[]', 'xcan_tp', :TENANT_ID, -1, '2024-02-24 09:45:21', -1, '2024-02-24 09:45:21');
INSERT INTO `app_func` (`id`, `code`, `name`, `show_name`, `pid`, `icon`, `type`, `description`, `auth_ctrl`, `enabled`, `url`, `app_id`, `sequence`, `api_ids`, `client_id`, `tenant_id`, `created_by`, `created_date`, `last_modified_by`, `last_modified_date`) VALUES (1000071205071, 'ChannelEdit', '编辑', '编辑', 1000071205012, '', 'BUTTON', '', 1, 1, '', 100007, 1, '[]', 'xcan_tp', :TENANT_ID, -1, '2024-02-24 09:46:09', -1, '2024-02-24 09:46:09');
INSERT INTO `app_func` (`id`, `code`, `name`, `show_name`, `pid`, `icon`, `type`, `description`, `auth_ctrl`, `enabled`, `url`, `app_id`, `sequence`, `api_ids`, `client_id`, `tenant_id`, `created_by`, `created_date`, `last_modified_by`, `last_modified_date`) VALUES (1000071205072, 'ChannelTest', '测试', '测试', 1000071205012, '', 'BUTTON', '', 1, 1, '', 100007, 1, '[]', 'xcan_tp', :TENANT_ID, -1, '2024-02-24 09:43:20', -1, '2024-02-24 09:43:20');
INSERT INTO `app_func` (`id`, `code`, `name`, `show_name`, `pid`, `icon`, `type`, `description`, `auth_ctrl`, `enabled`, `url`, `app_id`, `sequence`, `api_ids`, `client_id`, `tenant_id`, `created_by`, `created_date`, `last_modified_by`, `last_modified_date`) VALUES (1000071201003, 'Department', '部门', '部门', 1000071201001, 'icon-bumen', 'MENU', '', 1, 1, '/organization/dept', 100007, 2, '[]', 'xcan_tp', :TENANT_ID, -1, '2024-01-02 11:22:22', -1, '2024-01-02 11:22:22');
INSERT INTO `app_func` (`id`, `code`, `name`, `show_name`, `pid`, `icon`, `type`, `description`, `auth_ctrl`, `enabled`, `url`, `app_id`, `sequence`, `api_ids`, `client_id`, `tenant_id`, `created_by`, `created_date`, `last_modified_by`, `last_modified_date`) VALUES (1000071201022, 'DeptAdd', '添加部门', '添加部门', 1000071201003, '', 'BUTTON', '', 1, 1, '', 100007, 1, '[]', 'xcan_tp', :TENANT_ID, -1, '2024-01-02 11:22:22', -1, '2024-01-02 11:22:22');
INSERT INTO `app_func` (`id`, `code`, `name`, `show_name`, `pid`, `icon`, `type`, `description`, `auth_ctrl`, `enabled`, `url`, `app_id`, `sequence`, `api_ids`, `client_id`, `tenant_id`, `created_by`, `created_date`, `last_modified_by`, `last_modified_date`) VALUES (1000071201030, 'DeptAuthorize', '授权', '授权', 1000071201003, '', 'BUTTON', '', 1, 1, '', 100007, 1, '[]', 'xcan_tp', :TENANT_ID, -1, '2024-01-02 11:22:22', -1, '2024-03-08 09:51:23');
INSERT INTO `app_func` (`id`, `code`, `name`, `show_name`, `pid`, `icon`, `type`, `description`, `auth_ctrl`, `enabled`, `url`, `app_id`, `sequence`, `api_ids`, `client_id`, `tenant_id`, `created_by`, `created_date`, `last_modified_by`, `last_modified_date`) VALUES (1000071201031, 'DeptAuthorizeCancel', '取消授权', '取消授权', 1000071201003, '', 'BUTTON', '', 1, 1, '', 100007, 1, '[]', 'xcan_tp', :TENANT_ID, -1, '2024-01-02 11:22:22', -1, '2024-03-08 09:51:30');
INSERT INTO `app_func` (`id`, `code`, `name`, `show_name`, `pid`, `icon`, `type`, `description`, `auth_ctrl`, `enabled`, `url`, `app_id`, `sequence`, `api_ids`, `client_id`, `tenant_id`, `created_by`, `created_date`, `last_modified_by`, `last_modified_date`) VALUES (1000071201025, 'DeptDelete', '删除部门', '删除', 1000071201003, '', 'BUTTON', '', 1, 1, '', 100007, 1, '[]', 'xcan_tp', :TENANT_ID, -1, '2024-01-02 11:22:22', -1, '2024-01-02 11:22:22');
INSERT INTO `app_func` (`id`, `code`, `name`, `show_name`, `pid`, `icon`, `type`, `description`, `auth_ctrl`, `enabled`, `url`, `app_id`, `sequence`, `api_ids`, `client_id`, `tenant_id`, `created_by`, `created_date`, `last_modified_by`, `last_modified_date`) VALUES (1000071201024, 'DeptModify', '编辑部门', '编辑', 1000071201003, '', 'BUTTON', '', 1, 1, '', 100007, 1, '[]', 'xcan_tp', :TENANT_ID, -1, '2024-01-02 11:22:22', -1, '2024-01-02 11:22:22');
INSERT INTO `app_func` (`id`, `code`, `name`, `show_name`, `pid`, `icon`, `type`, `description`, `auth_ctrl`, `enabled`, `url`, `app_id`, `sequence`, `api_ids`, `client_id`, `tenant_id`, `created_by`, `created_date`, `last_modified_by`, `last_modified_date`) VALUES (1000071201023, 'DeptRefresh', '刷新部门', '刷新', 1000071201003, '', 'BUTTON', '', 1, 1, '', 100007, 1, '[]', 'xcan_tp', :TENANT_ID, -1, '2024-01-02 11:22:22', -1, '2024-01-02 11:22:22');
INSERT INTO `app_func` (`id`, `code`, `name`, `show_name`, `pid`, `icon`, `type`, `description`, `auth_ctrl`, `enabled`, `url`, `app_id`, `sequence`, `api_ids`, `client_id`, `tenant_id`, `created_by`, `created_date`, `last_modified_by`, `last_modified_date`) VALUES (1000071201026, 'DeptTagsAdd', '关联标签', '关联标签', 1000071201003, '', 'BUTTON', '', 1, 1, '', 100007, 1, '[]', 'xcan_tp', :TENANT_ID, -1, '2024-01-02 11:22:22', -1, '2024-03-08 09:53:56');
INSERT INTO `app_func` (`id`, `code`, `name`, `show_name`, `pid`, `icon`, `type`, `description`, `auth_ctrl`, `enabled`, `url`, `app_id`, `sequence`, `api_ids`, `client_id`, `tenant_id`, `created_by`, `created_date`, `last_modified_by`, `last_modified_date`) VALUES (1000071201028, 'DeptUserAssociate', '关联用户', '关联用户', 1000071201003, '', 'BUTTON', '', 1, 1, '', 100007, 1, '[]', 'xcan_tp', :TENANT_ID, -1, '2024-01-02 11:22:22', -1, '2024-03-08 09:51:02');
INSERT INTO `app_func` (`id`, `code`, `name`, `show_name`, `pid`, `icon`, `type`, `description`, `auth_ctrl`, `enabled`, `url`, `app_id`, `sequence`, `api_ids`, `client_id`, `tenant_id`, `created_by`, `created_date`, `last_modified_by`, `last_modified_date`) VALUES (1000071201029, 'DeptUserUnassociate', '取消关联', '取消关联', 1000071201003, '', 'BUTTON', '', 1, 1, '', 100007, 1, '[]', 'xcan_tp', :TENANT_ID, -1, '2024-01-02 11:22:22', -1, '2024-03-08 09:51:13');
INSERT INTO `app_func` (`id`, `code`, `name`, `show_name`, `pid`, `icon`, `type`, `description`, `auth_ctrl`, `enabled`, `url`, `app_id`, `sequence`, `api_ids`, `client_id`, `tenant_id`, `created_by`, `created_date`, `last_modified_by`, `last_modified_date`) VALUES (1000071205031, 'EventContentView', '查看事件内容', '查看事件内容', 1000071205010, '', 'BUTTON', '', 1, 1, '', 100007, 1, '[]', 'xcan_tp', :TENANT_ID, -1, '2024-01-02 11:22:22', -1, '2024-01-02 11:22:22');
INSERT INTO `app_func` (`id`, `code`, `name`, `show_name`, `pid`, `icon`, `type`, `description`, `auth_ctrl`, `enabled`, `url`, `app_id`, `sequence`, `api_ids`, `client_id`, `tenant_id`, `created_by`, `created_date`, `last_modified_by`, `last_modified_date`) VALUES (1000071205010, 'EventLog', '事件记录', '事件记录', 1000071205009, '', 'MENU', '', 1, 1, '/system/event/log', 100007, 1, '[]', 'xcan_tp', :TENANT_ID, -1, '2024-01-02 11:22:22', -1, '2024-01-02 11:22:22');
INSERT INTO `app_func` (`id`, `code`, `name`, `show_name`, `pid`, `icon`, `type`, `description`, `auth_ctrl`, `enabled`, `url`, `app_id`, `sequence`, `api_ids`, `client_id`, `tenant_id`, `created_by`, `created_date`, `last_modified_by`, `last_modified_date`) VALUES (1000071205009, 'EventManagement', '事件管理', '事件管理', 1000071205001, 'icon-jieshouguanli', 'MENU', '', 1, 1, '/system/event', 100007, 8, '[]', 'xcan_tp', :TENANT_ID, -1, '2024-01-02 11:22:22', -1, '2024-01-02 11:22:22');
INSERT INTO `app_func` (`id`, `code`, `name`, `show_name`, `pid`, `icon`, `type`, `description`, `auth_ctrl`, `enabled`, `url`, `app_id`, `sequence`, `api_ids`, `client_id`, `tenant_id`, `created_by`, `created_date`, `last_modified_by`, `last_modified_date`) VALUES (1000071205011, 'EventTemplate', '事件模版', '事件模版', 1000071205009, '', 'MENU', '', 1, 1, '/system/event/template', 100007, 2, '[]', 'xcan_tp', :TENANT_ID, -1, '2024-01-02 11:22:22', -1, '2024-01-02 11:22:22');
INSERT INTO `app_func` (`id`, `code`, `name`, `show_name`, `pid`, `icon`, `type`, `description`, `auth_ctrl`, `enabled`, `url`, `app_id`, `sequence`, `api_ids`, `client_id`, `tenant_id`, `created_by`, `created_date`, `last_modified_by`, `last_modified_date`) VALUES (1000071202001, 'GlobalPermissions', '全局权限', '全局权限', -1, '', 'MENU', '', 1, 1, '/permissions', 100007, 2, '[]', 'xcan_tp', :TENANT_ID, -1, '2024-01-02 11:22:22', -1, '2024-01-02 11:22:22');
INSERT INTO `app_func` (`id`, `code`, `name`, `show_name`, `pid`, `icon`, `type`, `description`, `auth_ctrl`, `enabled`, `url`, `app_id`, `sequence`, `api_ids`, `client_id`, `tenant_id`, `created_by`, `created_date`, `last_modified_by`, `last_modified_date`) VALUES (1000071201004, 'Group', '组', '组', 1000071201001, 'icon-zu', 'MENU', '', 1, 1, '/organization/group', 100007, 3, '[]', 'xcan_tp', :TENANT_ID, -1, '2024-01-02 11:22:22', -1, '2024-01-02 11:22:22');
INSERT INTO `app_func` (`id`, `code`, `name`, `show_name`, `pid`, `icon`, `type`, `description`, `auth_ctrl`, `enabled`, `url`, `app_id`, `sequence`, `api_ids`, `client_id`, `tenant_id`, `created_by`, `created_date`, `last_modified_by`, `last_modified_date`) VALUES (1000071201032, 'GroupAdd', '添加组', '添加组', 1000071201004, '', 'BUTTON', '', 1, 1, '/organization/group/add', 100007, 1, '[]', 'xcan_tp', :TENANT_ID, -1, '2024-01-02 11:22:22', -1, '2024-01-02 11:22:22');
INSERT INTO `app_func` (`id`, `code`, `name`, `show_name`, `pid`, `icon`, `type`, `description`, `auth_ctrl`, `enabled`, `url`, `app_id`, `sequence`, `api_ids`, `client_id`, `tenant_id`, `created_by`, `created_date`, `last_modified_by`, `last_modified_date`) VALUES (1000071201039, 'GroupAuthorizeCancel', '取消授权', '取消授权', 1000071201004, '', 'BUTTON', '', 1, 1, '', 100007, 1, '[]', 'xcan_tp', :TENANT_ID, -1, '2024-01-02 11:22:22', -1, '2024-03-08 09:52:11');
INSERT INTO `app_func` (`id`, `code`, `name`, `show_name`, `pid`, `icon`, `type`, `description`, `auth_ctrl`, `enabled`, `url`, `app_id`, `sequence`, `api_ids`, `client_id`, `tenant_id`, `created_by`, `created_date`, `last_modified_by`, `last_modified_date`) VALUES (1000071201035, 'GroupDelete', '删除组', '删除', 1000071201004, '', 'BUTTON', '', 1, 1, '', 100007, 1, '[]', 'xcan_tp', :TENANT_ID, -1, '2024-01-02 11:22:22', -1, '2024-01-02 11:22:22');
INSERT INTO `app_func` (`id`, `code`, `name`, `show_name`, `pid`, `icon`, `type`, `description`, `auth_ctrl`, `enabled`, `url`, `app_id`, `sequence`, `api_ids`, `client_id`, `tenant_id`, `created_by`, `created_date`, `last_modified_by`, `last_modified_date`) VALUES (1000071201040, 'GroupDetail', '查看组详情', '查看详情', 1000071201004, '', 'BUTTON', '', 1, 1, '/organization/group/{id}', 100007, 1, '[]', 'xcan_tp', :TENANT_ID, -1, '2024-01-02 11:22:22', -1, '2024-01-02 11:22:22');
INSERT INTO `app_func` (`id`, `code`, `name`, `show_name`, `pid`, `icon`, `type`, `description`, `auth_ctrl`, `enabled`, `url`, `app_id`, `sequence`, `api_ids`, `client_id`, `tenant_id`, `created_by`, `created_date`, `last_modified_by`, `last_modified_date`) VALUES (1000071201034, 'GroupEnable', '启用或禁用组', '启用|禁用', 1000071201004, '', 'BUTTON', '', 1, 1, '', 100007, 1, '[]', 'xcan_tp', :TENANT_ID, -1, '2024-01-02 11:22:22', -1, '2024-03-08 09:52:51');
INSERT INTO `app_func` (`id`, `code`, `name`, `show_name`, `pid`, `icon`, `type`, `description`, `auth_ctrl`, `enabled`, `url`, `app_id`, `sequence`, `api_ids`, `client_id`, `tenant_id`, `created_by`, `created_date`, `last_modified_by`, `last_modified_date`) VALUES (1000071201033, 'GroupModify', '编辑组', '编辑', 1000071201004, '', 'BUTTON', '', 1, 1, '/organization/group/edit/{id}', 100007, 1, '[]', 'xcan_tp', :TENANT_ID, -1, '2024-01-02 11:22:22', -1, '2024-01-02 11:22:22');
INSERT INTO `app_func` (`id`, `code`, `name`, `show_name`, `pid`, `icon`, `type`, `description`, `auth_ctrl`, `enabled`, `url`, `app_id`, `sequence`, `api_ids`, `client_id`, `tenant_id`, `created_by`, `created_date`, `last_modified_by`, `last_modified_date`) VALUES (1000071201036, 'GroupUserAssociate', '关联用户', '关联用户', 1000071201004, '', 'BUTTON', '', 1, 1, '', 100007, 1, '[]', 'xcan_tp', :TENANT_ID, -1, '2024-01-02 11:22:22', -1, '2024-03-08 09:51:59');
INSERT INTO `app_func` (`id`, `code`, `name`, `show_name`, `pid`, `icon`, `type`, `description`, `auth_ctrl`, `enabled`, `url`, `app_id`, `sequence`, `api_ids`, `client_id`, `tenant_id`, `created_by`, `created_date`, `last_modified_by`, `last_modified_date`) VALUES (1000071201037, 'GroupUserUnassociate', '取消关联', '取消关联', 1000071201004, '', 'BUTTON', '', 1, 1, '', 100007, 1, '[]', 'xcan_tp', :TENANT_ID, -1, '2024-01-02 11:22:22', -1, '2024-01-02 11:22:22');
INSERT INTO `app_func` (`id`, `code`, `name`, `show_name`, `pid`, `icon`, `type`, `description`, `auth_ctrl`, `enabled`, `url`, `app_id`, `sequence`, `api_ids`, `client_id`, `tenant_id`, `created_by`, `created_date`, `last_modified_by`, `last_modified_date`) VALUES (1000071204010, 'InstalledGoodsDetail', '详情', '详情', 1000071204006, '', 'BUTTON', '', 1, 1, '/storespriv/goods/{id}', 100007, 1, '[]', 'xcan_tp', :TENANT_ID, -1, '2024-01-02 11:22:22', -1, '2024-03-27 12:14:09');
INSERT INTO `app_func` (`id`, `code`, `name`, `show_name`, `pid`, `icon`, `type`, `description`, `auth_ctrl`, `enabled`, `url`, `app_id`, `sequence`, `api_ids`, `client_id`, `tenant_id`, `created_by`, `created_date`, `last_modified_by`, `last_modified_date`) VALUES (1000071204007, 'LcsPriv', '已安装许可', '已安装许可', 1000071204001, 'icon-xukeguanli', 'MENU', '', 1, 1, '/storespriv/lcs', 100007, 6, '[]', 'xcan_tp', :TENANT_ID, -1, '2024-01-02 11:22:22', -1, '2024-01-02 11:22:22');
INSERT INTO `app_func` (`id`, `code`, `name`, `show_name`, `pid`, `icon`, `type`, `description`, `auth_ctrl`, `enabled`, `url`, `app_id`, `sequence`, `api_ids`, `client_id`, `tenant_id`, `created_by`, `created_date`, `last_modified_by`, `last_modified_date`) VALUES (1000071205006, 'Ldap', 'LDAP', 'LDAP', 1000071205001, 'icon-LDAP', 'MENU', '', 1, 1, '/system/ldap', 100007, 5, '[]', 'xcan_tp', :TENANT_ID, -1, '2024-01-02 11:22:22', -1, '2024-01-02 11:22:22');
INSERT INTO `app_func` (`id`, `code`, `name`, `show_name`, `pid`, `icon`, `type`, `description`, `auth_ctrl`, `enabled`, `url`, `app_id`, `sequence`, `api_ids`, `client_id`, `tenant_id`, `created_by`, `created_date`, `last_modified_by`, `last_modified_date`) VALUES (1000071205033, 'LdapAdd', '添加LDAP服务', '添加LDAP服务', 1000071205006, '', 'BUTTON', '', 1, 1, '/system/ldap/add', 100007, 1, '[]', 'xcan_tp', :TENANT_ID, -1, '2024-01-02 11:22:22', -1, '2024-01-02 11:22:22');
INSERT INTO `app_func` (`id`, `code`, `name`, `show_name`, `pid`, `icon`, `type`, `description`, `auth_ctrl`, `enabled`, `url`, `app_id`, `sequence`, `api_ids`, `client_id`, `tenant_id`, `created_by`, `created_date`, `last_modified_by`, `last_modified_date`) VALUES (1000071205039, 'LdapDataDelete', '删除目录和数据', '删除目录和数据', 1000071205006, '', 'BUTTON', '', 1, 1, '', 100007, 1, '[]', 'xcan_tp', :TENANT_ID, -1, '2024-03-27 15:32:09', -1, '2024-03-27 15:32:09');
INSERT INTO `app_func` (`id`, `code`, `name`, `show_name`, `pid`, `icon`, `type`, `description`, `auth_ctrl`, `enabled`, `url`, `app_id`, `sequence`, `api_ids`, `client_id`, `tenant_id`, `created_by`, `created_date`, `last_modified_by`, `last_modified_date`) VALUES (1000071205037, 'LdapDelete', '删除LDAP', '删除', 1000071205006, '', 'BUTTON', '', 1, 1, '', 100007, 1, '[]', 'xcan_tp', :TENANT_ID, -1, '2024-01-02 11:22:22', -1, '2024-01-02 11:22:22');
INSERT INTO `app_func` (`id`, `code`, `name`, `show_name`, `pid`, `icon`, `type`, `description`, `auth_ctrl`, `enabled`, `url`, `app_id`, `sequence`, `api_ids`, `client_id`, `tenant_id`, `created_by`, `created_date`, `last_modified_by`, `last_modified_date`) VALUES (1000071205034, 'LdapModify', '编辑LDAP', '编辑', 1000071205006, '', 'BUTTON', '', 1, 1, '/system/ldap/detail', 100007, 1, '[]', 'xcan_tp', :TENANT_ID, -1, '2024-01-02 11:22:22', -1, '2024-01-02 11:22:22');
INSERT INTO `app_func` (`id`, `code`, `name`, `show_name`, `pid`, `icon`, `type`, `description`, `auth_ctrl`, `enabled`, `url`, `app_id`, `sequence`, `api_ids`, `client_id`, `tenant_id`, `created_by`, `created_date`, `last_modified_by`, `last_modified_date`) VALUES (1000071205038, 'LdapSetDefault', '启用或禁用', '启用|禁用', 1000071205006, '', 'BUTTON', '', 1, 1, '', 100007, 1, '[]', 'xcan_tp', :TENANT_ID, -1, '2024-01-02 11:22:22', -1, '2024-03-08 09:55:56');
INSERT INTO `app_func` (`id`, `code`, `name`, `show_name`, `pid`, `icon`, `type`, `description`, `auth_ctrl`, `enabled`, `url`, `app_id`, `sequence`, `api_ids`, `client_id`, `tenant_id`, `created_by`, `created_date`, `last_modified_by`, `last_modified_date`) VALUES (1000071205035, 'LdapSyncData', '同步数据', '同步', 1000071205006, '', 'BUTTON', '', 1, 1, '', 100007, 1, '[]', 'xcan_tp', :TENANT_ID, -1, '2024-01-02 11:22:22', -1, '2024-01-02 11:22:22');
INSERT INTO `app_func` (`id`, `code`, `name`, `show_name`, `pid`, `icon`, `type`, `description`, `auth_ctrl`, `enabled`, `url`, `app_id`, `sequence`, `api_ids`, `client_id`, `tenant_id`, `created_by`, `created_date`, `last_modified_by`, `last_modified_date`) VALUES (1000071205036, 'LdapTest', '测试LDAP', '测试', 1000071205006, '', 'BUTTON', '', 1, 1, '', 100007, 1, '[]', 'xcan_tp', :TENANT_ID, -1, '2024-01-02 11:22:22', -1, '2024-01-02 11:22:22');
INSERT INTO `app_func` (`id`, `code`, `name`, `show_name`, `pid`, `icon`, `type`, `description`, `auth_ctrl`, `enabled`, `url`, `app_id`, `sequence`, `api_ids`, `client_id`, `tenant_id`, `created_by`, `created_date`, `last_modified_by`, `last_modified_date`) VALUES (1000071201011, 'LockingUser', '锁定用户', '锁定', 1000071201002, '', 'BUTTON', '', 1, 1, '', 100007, 1, '[]', 'xcan_tp', :TENANT_ID, -1, '2024-01-02 11:22:22', -1, '2024-01-02 11:22:22');
INSERT INTO `app_func` (`id`, `code`, `name`, `show_name`, `pid`, `icon`, `type`, `description`, `auth_ctrl`, `enabled`, `url`, `app_id`, `sequence`, `api_ids`, `client_id`, `tenant_id`, `created_by`, `created_date`, `last_modified_by`, `last_modified_date`) VALUES (1000071205007, 'MailConfiguration', '邮箱配置', '邮箱配置', 1000071205001, 'icon-youxiangfuwuqi', 'MENU', '', 1, 1, '/system/email', 100007, 6, '[]', 'xcan_tp', :TENANT_ID, -1, '2024-01-02 11:22:22', -1, '2024-01-02 11:22:22');
INSERT INTO `app_func` (`id`, `code`, `name`, `show_name`, `pid`, `icon`, `type`, `description`, `auth_ctrl`, `enabled`, `url`, `app_id`, `sequence`, `api_ids`, `client_id`, `tenant_id`, `created_by`, `created_date`, `last_modified_by`, `last_modified_date`) VALUES (1000071205065, 'MailSendRecords', '发送记录', '发送记录', 1000071205007, '', 'MENU', '', 1, 1, '/system/email/records', 100007, 2, '[]', 'xcan_tp', :TENANT_ID, -1, '2024-01-02 11:22:22', -1, '2024-01-02 11:22:22');
INSERT INTO `app_func` (`id`, `code`, `name`, `show_name`, `pid`, `icon`, `type`, `description`, `auth_ctrl`, `enabled`, `url`, `app_id`, `sequence`, `api_ids`, `client_id`, `tenant_id`, `created_by`, `created_date`, `last_modified_by`, `last_modified_date`) VALUES (1000071205067, 'MailSendRecordsDetail', '详情', '详情', 1000071205065, '', 'BUTTON', '', 1, 1, '/system/email/records/{id}', 100007, 1, '[]', 'xcan_tp', :TENANT_ID, -1, '2024-01-02 11:22:22', -1, '2024-01-02 11:22:22');
INSERT INTO `app_func` (`id`, `code`, `name`, `show_name`, `pid`, `icon`, `type`, `description`, `auth_ctrl`, `enabled`, `url`, `app_id`, `sequence`, `api_ids`, `client_id`, `tenant_id`, `created_by`, `created_date`, `last_modified_by`, `last_modified_date`) VALUES (1000071205058, 'MailServer', '邮件服务器', '邮件服务器', 1000071205007, '', 'MENU', '', 1, 1, '/system/email/server', 100007, 1, '[]', 'xcan_tp', :TENANT_ID, -1, '2024-01-02 11:22:22', -1, '2024-01-02 11:22:22');
INSERT INTO `app_func` (`id`, `code`, `name`, `show_name`, `pid`, `icon`, `type`, `description`, `auth_ctrl`, `enabled`, `url`, `app_id`, `sequence`, `api_ids`, `client_id`, `tenant_id`, `created_by`, `created_date`, `last_modified_by`, `last_modified_date`) VALUES (1000071205060, 'MailServerAdd', '添加邮箱服务器', '添加邮箱服务器', 1000071205058, '', 'BUTTON', '', 1, 1, '/system/email/server/add', 100007, 1, '[]', 'xcan_tp', :TENANT_ID, -1, '2024-01-02 11:22:22', -1, '2024-01-02 11:22:22');
INSERT INTO `app_func` (`id`, `code`, `name`, `show_name`, `pid`, `icon`, `type`, `description`, `auth_ctrl`, `enabled`, `url`, `app_id`, `sequence`, `api_ids`, `client_id`, `tenant_id`, `created_by`, `created_date`, `last_modified_by`, `last_modified_date`) VALUES (1000071205063, 'MailServerDelete', '删除邮箱服务器', '删除', 1000071205058, '', 'BUTTON', '', 1, 1, '', 100007, 1, '[]', 'xcan_tp', :TENANT_ID, -1, '2024-01-02 11:22:22', -1, '2024-01-02 11:22:22');
INSERT INTO `app_func` (`id`, `code`, `name`, `show_name`, `pid`, `icon`, `type`, `description`, `auth_ctrl`, `enabled`, `url`, `app_id`, `sequence`, `api_ids`, `client_id`, `tenant_id`, `created_by`, `created_date`, `last_modified_by`, `last_modified_date`) VALUES (1000071205059, 'MailServerDetail', '查看邮箱服务器详情', '查看详情', 1000071205058, '', 'BUTTON', '', 1, 1, '/system/email/server/{id}', 100007, 1, '[]', 'xcan_tp', :TENANT_ID, -1, '2024-01-02 11:22:22', -1, '2024-01-02 11:22:22');
INSERT INTO `app_func` (`id`, `code`, `name`, `show_name`, `pid`, `icon`, `type`, `description`, `auth_ctrl`, `enabled`, `url`, `app_id`, `sequence`, `api_ids`, `client_id`, `tenant_id`, `created_by`, `created_date`, `last_modified_by`, `last_modified_date`) VALUES (1000071205062, 'MailServerModify', '编辑邮箱服务器', '编辑', 1000071205058, '', 'BUTTON', '', 1, 1, '/system/email/server/edit/{id}', 100007, 1, '[]', 'xcan_tp', :TENANT_ID, -1, '2024-01-02 11:22:22', -1, '2024-01-02 11:22:22');
INSERT INTO `app_func` (`id`, `code`, `name`, `show_name`, `pid`, `icon`, `type`, `description`, `auth_ctrl`, `enabled`, `url`, `app_id`, `sequence`, `api_ids`, `client_id`, `tenant_id`, `created_by`, `created_date`, `last_modified_by`, `last_modified_date`) VALUES (1000071205061, 'MailServerSetDefault', '设为默认或取消默认', '设为默认|取消默认', 1000071205058, '', 'BUTTON', '', 1, 1, '', 100007, 1, '[]', 'xcan_tp', :TENANT_ID, -1, '2024-01-02 11:22:22', -1, '2024-03-08 09:56:17');
INSERT INTO `app_func` (`id`, `code`, `name`, `show_name`, `pid`, `icon`, `type`, `description`, `auth_ctrl`, `enabled`, `url`, `app_id`, `sequence`, `api_ids`, `client_id`, `tenant_id`, `created_by`, `created_date`, `last_modified_by`, `last_modified_date`) VALUES (1000071205064, 'MailServerTest', '测试邮箱服务器', '测试', 1000071205058, '', 'BUTTON', '', 1, 1, '', 100007, 1, '[]', 'xcan_tp', :TENANT_ID, -1, '2024-01-02 11:22:22', -1, '2024-01-02 11:22:22');
INSERT INTO `app_func` (`id`, `code`, `name`, `show_name`, `pid`, `icon`, `type`, `description`, `auth_ctrl`, `enabled`, `url`, `app_id`, `sequence`, `api_ids`, `client_id`, `tenant_id`, `created_by`, `created_date`, `last_modified_by`, `last_modified_date`) VALUES (1000071203003, 'Message', '消息', '消息', 1000071203001, 'icon-fasongxiaoxi', 'MENU', '', 1, 1, '/messages/message', 100007, 2, '[]', 'xcan_tp', :TENANT_ID, -1, '2024-01-02 11:22:22', -1, '2024-01-02 11:22:22');
INSERT INTO `app_func` (`id`, `code`, `name`, `show_name`, `pid`, `icon`, `type`, `description`, `auth_ctrl`, `enabled`, `url`, `app_id`, `sequence`, `api_ids`, `client_id`, `tenant_id`, `created_by`, `created_date`, `last_modified_by`, `last_modified_date`) VALUES (1000071203008, 'MessageDetail', '查看消息详情', '查看详情', 1000071203003, '', 'BUTTON', '', 1, 1, '/messages/message/{id}', 100007, 1, '[]', 'xcan_tp', :TENANT_ID, -1, '2024-01-02 11:22:22', -1, '2024-01-02 11:22:22');
INSERT INTO `app_func` (`id`, `code`, `name`, `show_name`, `pid`, `icon`, `type`, `description`, `auth_ctrl`, `enabled`, `url`, `app_id`, `sequence`, `api_ids`, `client_id`, `tenant_id`, `created_by`, `created_date`, `last_modified_by`, `last_modified_date`) VALUES (1000071203007, 'MessageSend', '发送消息', '发送消息', 1000071203003, '', 'BUTTON', '', 1, 1, '/messages/message/send', 100007, 1, '[]', 'xcan_tp', :TENANT_ID, -1, '2024-01-02 11:22:22', -1, '2024-01-02 11:22:22');
INSERT INTO `app_func` (`id`, `code`, `name`, `show_name`, `pid`, `icon`, `type`, `description`, `auth_ctrl`, `enabled`, `url`, `app_id`, `sequence`, `api_ids`, `client_id`, `tenant_id`, `created_by`, `created_date`, `last_modified_by`, `last_modified_date`) VALUES (1000071201027, 'Move', '移动部门', '移动', 1000071201003, '', 'BUTTON', '', 1, 1, '', 100007, 1, '[]', 'xcan_tp', :TENANT_ID, -1, '2024-01-02 11:22:22', -1, '2024-01-02 11:22:22');
INSERT INTO `app_func` (`id`, `code`, `name`, `show_name`, `pid`, `icon`, `type`, `description`, `auth_ctrl`, `enabled`, `url`, `app_id`, `sequence`, `api_ids`, `client_id`, `tenant_id`, `created_by`, `created_date`, `last_modified_by`, `last_modified_date`) VALUES (1000071203002, 'Notice', '公告', '公告', 1000071203001, 'icon-gonggao', 'MENU', '', 1, 1, '/messages/notice', 100007, 1, '[]', 'xcan_tp', :TENANT_ID, -1, '2024-01-02 11:22:22', -1, '2024-01-02 11:22:22');
INSERT INTO `app_func` (`id`, `code`, `name`, `show_name`, `pid`, `icon`, `type`, `description`, `auth_ctrl`, `enabled`, `url`, `app_id`, `sequence`, `api_ids`, `client_id`, `tenant_id`, `created_by`, `created_date`, `last_modified_by`, `last_modified_date`) VALUES (1000071203001, 'NoticeAndMessage', '公告与消息', '公告与消息', -1, '', 'MENU', '', 1, 1, '/messages', 100007, 3, '[]', 'xcan_tp', :TENANT_ID, -1, '2024-01-02 11:22:22', -1, '2024-01-02 11:22:22');
INSERT INTO `app_func` (`id`, `code`, `name`, `show_name`, `pid`, `icon`, `type`, `description`, `auth_ctrl`, `enabled`, `url`, `app_id`, `sequence`, `api_ids`, `client_id`, `tenant_id`, `created_by`, `created_date`, `last_modified_by`, `last_modified_date`) VALUES (1000071203005, 'NoticeDelete', '删除公告', '删除', 1000071203002, '', 'BUTTON', '', 1, 1, '', 100007, 1, '[]', 'xcan_tp', :TENANT_ID, -1, '2024-01-02 11:22:22', -1, '2024-01-02 11:22:22');
INSERT INTO `app_func` (`id`, `code`, `name`, `show_name`, `pid`, `icon`, `type`, `description`, `auth_ctrl`, `enabled`, `url`, `app_id`, `sequence`, `api_ids`, `client_id`, `tenant_id`, `created_by`, `created_date`, `last_modified_by`, `last_modified_date`) VALUES (1000071203006, 'NoticeDetail', '查看详情', '查看详情', 1000071203002, '', 'BUTTON', '', 1, 1, '/messages/notice/{id}', 100007, 1, '[]', 'xcan_tp', :TENANT_ID, -1, '2024-01-02 11:22:22', -1, '2024-01-02 11:22:22');
INSERT INTO `app_func` (`id`, `code`, `name`, `show_name`, `pid`, `icon`, `type`, `description`, `auth_ctrl`, `enabled`, `url`, `app_id`, `sequence`, `api_ids`, `client_id`, `tenant_id`, `created_by`, `created_date`, `last_modified_by`, `last_modified_date`) VALUES (1000071203004, 'NoticePublish', '发布公告', '发布公告', 1000071203002, '', 'BUTTON', '', 1, 1, '/messages/notice/send', 100007, 1, '[]', 'xcan_tp', :TENANT_ID, -1, '2024-01-02 11:22:22', -1, '2024-01-02 11:22:22');
INSERT INTO `app_func` (`id`, `code`, `name`, `show_name`, `pid`, `icon`, `type`, `description`, `auth_ctrl`, `enabled`, `url`, `app_id`, `sequence`, `api_ids`, `client_id`, `tenant_id`, `created_by`, `created_date`, `last_modified_by`, `last_modified_date`) VALUES (1000071205017, 'OnlineUser', '在线用户', '在线用户', 1000071205001, 'icon-zaixianyonghu', 'MENU', '', 1, 1, '/system/online', 100007, 13, '[]', 'xcan_tp', :TENANT_ID, -1, '2024-01-02 11:22:22', -1, '2024-01-02 11:22:22');
INSERT INTO `app_func` (`id`, `code`, `name`, `show_name`, `pid`, `icon`, `type`, `description`, `auth_ctrl`, `enabled`, `url`, `app_id`, `sequence`, `api_ids`, `client_id`, `tenant_id`, `created_by`, `created_date`, `last_modified_by`, `last_modified_date`) VALUES (1000071205020, 'OperationLog', '操作日志', '操作日志', 1000071205016, '', 'MENU', '', 1, 1, '/system/log/op', 100007, 1, '[]', 'xcan_tp', :TENANT_ID, -1, '2024-01-02 11:22:22', -1, '2024-01-02 11:22:22');
INSERT INTO `app_func` (`id`, `code`, `name`, `show_name`, `pid`, `icon`, `type`, `description`, `auth_ctrl`, `enabled`, `url`, `app_id`, `sequence`, `api_ids`, `client_id`, `tenant_id`, `created_by`, `created_date`, `last_modified_by`, `last_modified_date`) VALUES (1000071201001, 'OrganizationUser', '组织人员', '组织人员', -1, '', 'MENU', '', 1, 1, '/organization', 100007, 1, '[]', 'xcan_tp', :TENANT_ID, -1, '2024-01-02 11:22:22', -1, '2024-01-02 11:22:22');
INSERT INTO `app_func` (`id`, `code`, `name`, `show_name`, `pid`, `icon`, `type`, `description`, `auth_ctrl`, `enabled`, `url`, `app_id`, `sequence`, `api_ids`, `client_id`, `tenant_id`, `created_by`, `created_date`, `last_modified_by`, `last_modified_date`) VALUES (1000071202002, 'PermissionPolicy', '权限策略', '权限策略', 1000071202001, 'icon-quanxiancelve', 'MENU', '', 1, 1, '/permissions/policy', 100007, 1, '[]', 'xcan_tp', :TENANT_ID, -1, '2024-01-02 11:22:22', -1, '2024-01-02 11:22:22');
INSERT INTO `app_func` (`id`, `code`, `name`, `show_name`, `pid`, `icon`, `type`, `description`, `auth_ctrl`, `enabled`, `url`, `app_id`, `sequence`, `api_ids`, `client_id`, `tenant_id`, `created_by`, `created_date`, `last_modified_by`, `last_modified_date`) VALUES (1000071202004, 'PolicyAdd', '添加授权策略', '添加授权策略', 1000071202002, '', 'BUTTON', '', 1, 1, '', 100007, 1, '[]', 'xcan_tp', :TENANT_ID, -1, '2024-01-02 11:22:22', -1, '2024-01-02 11:22:22');
INSERT INTO `app_func` (`id`, `code`, `name`, `show_name`, `pid`, `icon`, `type`, `description`, `auth_ctrl`, `enabled`, `url`, `app_id`, `sequence`, `api_ids`, `client_id`, `tenant_id`, `created_by`, `created_date`, `last_modified_by`, `last_modified_date`) VALUES (1000071202007, 'PolicyDelete', '删除策略', '删除', 1000071202002, '', 'BUTTON', '', 1, 1, '', 100007, 1, '[]', 'xcan_tp', :TENANT_ID, -1, '2024-01-02 11:22:22', -1, '2024-01-02 11:22:22');
INSERT INTO `app_func` (`id`, `code`, `name`, `show_name`, `pid`, `icon`, `type`, `description`, `auth_ctrl`, `enabled`, `url`, `app_id`, `sequence`, `api_ids`, `client_id`, `tenant_id`, `created_by`, `created_date`, `last_modified_by`, `last_modified_date`) VALUES (1000071202015, 'PolicyDetail', '查看策略详情', '查看详情', 1000071202002, '', 'BUTTON', '', 1, 1, '/permissions/policy/{id}', 100007, 1, '[]', 'xcan_tp', :TENANT_ID, -1, '2024-01-02 11:22:22', -1, '2024-01-02 11:22:22');
INSERT INTO `app_func` (`id`, `code`, `name`, `show_name`, `pid`, `icon`, `type`, `description`, `auth_ctrl`, `enabled`, `url`, `app_id`, `sequence`, `api_ids`, `client_id`, `tenant_id`, `created_by`, `created_date`, `last_modified_by`, `last_modified_date`) VALUES (1000071202006, 'PolicyEnable', '启用或禁用策略', '启用|禁用', 1000071202002, '', 'BUTTON', '', 1, 1, '', 100007, 1, '[]', 'xcan_tp', :TENANT_ID, -1, '2024-01-02 11:22:22', -1, '2024-03-08 09:54:39');
INSERT INTO `app_func` (`id`, `code`, `name`, `show_name`, `pid`, `icon`, `type`, `description`, `auth_ctrl`, `enabled`, `url`, `app_id`, `sequence`, `api_ids`, `client_id`, `tenant_id`, `created_by`, `created_date`, `last_modified_by`, `last_modified_date`) VALUES (1000071202008, 'PolicyModify', '修改策略', '修改策略', 1000071202002, '', 'BUTTON', '', 1, 1, '', 100007, 1, '[]', 'xcan_tp', :TENANT_ID, -1, '2024-01-02 11:22:22', -1, '2024-01-02 11:22:22');
INSERT INTO `app_func` (`id`, `code`, `name`, `show_name`, `pid`, `icon`, `type`, `description`, `auth_ctrl`, `enabled`, `url`, `app_id`, `sequence`, `api_ids`, `client_id`, `tenant_id`, `created_by`, `created_date`, `last_modified_by`, `last_modified_date`) VALUES (1000071202019, 'PolicysAdd', '授权策略', '授权策略', 1000071202003, '', 'BUTTON', '', 1, 1, '', 100007, 1, '[]', 'xcan_tp', :TENANT_ID, -1, '2024-01-02 11:22:22', -1, '2024-01-02 11:22:22');
INSERT INTO `app_func` (`id`, `code`, `name`, `show_name`, `pid`, `icon`, `type`, `description`, `auth_ctrl`, `enabled`, `url`, `app_id`, `sequence`, `api_ids`, `client_id`, `tenant_id`, `created_by`, `created_date`, `last_modified_by`, `last_modified_date`) VALUES (1000071202020, 'PolicysCancel', '取消策略', '取消授权', 1000071202003, '', 'BUTTON', '', 1, 1, '', 100007, 1, '[]', 'xcan_tp', :TENANT_ID, -1, '2024-01-02 11:22:22', -1, '2024-02-21 10:07:22');
INSERT INTO `app_func` (`id`, `code`, `name`, `show_name`, `pid`, `icon`, `type`, `description`, `auth_ctrl`, `enabled`, `url`, `app_id`, `sequence`, `api_ids`, `client_id`, `tenant_id`, `created_by`, `created_date`, `last_modified_by`, `last_modified_date`) VALUES (1000071202021, 'DefaultAppPolicySetting', '设置应用默认授权策略', '设置应用默认授权策略', 1000071202002, '', 'BUTTON', '', 1, 1, '', 100007, 1, '[]', 'xcan_tp', :TENANT_ID, -1, '2024-04-18 12:34:29', -1, '2024-04-18 12:34:29');
INSERT INTO `app_func` (`id`, `code`, `name`, `show_name`, `pid`, `icon`, `type`, `description`, `auth_ctrl`, `enabled`, `url`, `app_id`, `sequence`, `api_ids`, `client_id`, `tenant_id`, `created_by`, `created_date`, `last_modified_by`, `last_modified_date`) VALUES (1000071205032, 'ReceiveChannelConfigure', '配置接收通道', '配置接收通道', 1000071205011, '', 'BUTTON', '', 1, 1, '', 100007, 1, '[]', 'xcan_tp', :TENANT_ID, -1, '2024-01-02 11:22:22', -1, '2024-01-02 11:22:22');
INSERT INTO `app_func` (`id`, `code`, `name`, `show_name`, `pid`, `icon`, `type`, `description`, `auth_ctrl`, `enabled`, `url`, `app_id`, `sequence`, `api_ids`, `client_id`, `tenant_id`, `created_by`, `created_date`, `last_modified_by`, `last_modified_date`) VALUES (1000071205012, 'ReceivingChannel', '接收通道', '接收通道', 1000071205009, '', 'MENU', '', 1, 1, '/system/event/channel', 100007, 3, '[]', 'xcan_tp', :TENANT_ID, -1, '2024-01-02 11:22:22', -1, '2024-01-02 11:22:22');
INSERT INTO `app_func` (`id`, `code`, `name`, `show_name`, `pid`, `icon`, `type`, `description`, `auth_ctrl`, `enabled`, `url`, `app_id`, `sequence`, `api_ids`, `client_id`, `tenant_id`, `created_by`, `created_date`, `last_modified_by`, `last_modified_date`) VALUES (1000071205030, 'ReceivingChannelView', '查看接收通道', '查看接收通道', 1000071205010, '', 'BUTTON', '', 1, 1, '', 100007, 1, '[]', 'xcan_tp', :TENANT_ID, -1, '2024-01-02 11:22:22', -1, '2024-01-02 11:22:22');
INSERT INTO `app_func` (`id`, `code`, `name`, `show_name`, `pid`, `icon`, `type`, `description`, `auth_ctrl`, `enabled`, `url`, `app_id`, `sequence`, `api_ids`, `client_id`, `tenant_id`, `created_by`, `created_date`, `last_modified_by`, `last_modified_date`) VALUES (1000071205005, 'RegistrationCenter', '注册中心', '注册中心', 1000071205001, 'icon-zhucezhongxin', 'MENU', '', 1, 1, '/system/register', 100007, 4, '[]', 'xcan_tp', :TENANT_ID, -1, '2024-01-02 11:22:22', -1, '2024-01-02 11:22:22');
INSERT INTO `app_func` (`id`, `code`, `name`, `show_name`, `pid`, `icon`, `type`, `description`, `auth_ctrl`, `enabled`, `url`, `app_id`, `sequence`, `api_ids`, `client_id`, `tenant_id`, `created_by`, `created_date`, `last_modified_by`, `last_modified_date`) VALUES (1000071205022, 'RequestLog', '请求日志', '请求日志', 1000071205016, '', 'MENU', '', 1, 1, '/system/log/request', 100007, 3, '[]', 'xcan_tp', :TENANT_ID, -1, '2024-01-02 11:22:22', -1, '2024-01-02 11:22:22');
INSERT INTO `app_func` (`id`, `code`, `name`, `show_name`, `pid`, `icon`, `type`, `description`, `auth_ctrl`, `enabled`, `url`, `app_id`, `sequence`, `api_ids`, `client_id`, `tenant_id`, `created_by`, `created_date`, `last_modified_by`, `last_modified_date`) VALUES (1000071201008, 'ResetPassword', '重置用户密码', '重置密码', 1000071201002, '', 'BUTTON', '', 1, 1, '', 100007, 1, '[]', 'xcan_tp', :TENANT_ID, -1, '2024-01-02 11:22:22', -1, '2024-01-02 11:22:22');
INSERT INTO `app_func` (`id`, `code`, `name`, `show_name`, `pid`, `icon`, `type`, `description`, `auth_ctrl`, `enabled`, `url`, `app_id`, `sequence`, `api_ids`, `client_id`, `tenant_id`, `created_by`, `created_date`, `last_modified_by`, `last_modified_date`) VALUES (1000071205013, 'ResourceQuota', '资源配额', '资源配额', 1000071205001, 'icon-peie', 'MENU', '', 1, 1, '/system/quota', 100007, 9, '[]', 'xcan_tp', :TENANT_ID, -1, '2024-01-02 11:22:22', -1, '2024-01-02 11:22:22');
INSERT INTO `app_func` (`id`, `code`, `name`, `show_name`, `pid`, `icon`, `type`, `description`, `auth_ctrl`, `enabled`, `url`, `app_id`, `sequence`, `api_ids`, `client_id`, `tenant_id`, `created_by`, `created_date`, `last_modified_by`, `last_modified_date`) VALUES (1000071205048, 'ResourceQuotaModify', '修改资源配额', '修改', 1000071205013, '', 'BUTTON', '', 1, 1, '', 100007, 1, '[]', 'xcan_tp', :TENANT_ID, -1, '2024-01-02 11:22:22', -1, '2024-01-02 11:22:22');
INSERT INTO `app_func` (`id`, `code`, `name`, `show_name`, `pid`, `icon`, `type`, `description`, `auth_ctrl`, `enabled`, `url`, `app_id`, `sequence`, `api_ids`, `client_id`, `tenant_id`, `created_by`, `created_date`, `last_modified_by`, `last_modified_date`) VALUES (1000071205023, 'SMSChannel', '短信通道', '短信通道', 1000071205008, '', 'MENU', '', 1, 1, '/system/sms/channel', 100007, 1, '[]', 'xcan_tp', :TENANT_ID, -1, '2024-01-02 11:22:22', -1, '2024-01-02 11:22:22');
INSERT INTO `app_func` (`id`, `code`, `name`, `show_name`, `pid`, `icon`, `type`, `description`, `auth_ctrl`, `enabled`, `url`, `app_id`, `sequence`, `api_ids`, `client_id`, `tenant_id`, `created_by`, `created_date`, `last_modified_by`, `last_modified_date`) VALUES (1000071205045, 'SMSChannelConfiguration', '配置短信通道', '配置', 1000071205023, '', 'BUTTON', '', 1, 1, '', 100007, 1, '[]', 'xcan_tp', :TENANT_ID, -1, '2024-01-02 11:22:22', -1, '2024-01-02 11:22:22');
INSERT INTO `app_func` (`id`, `code`, `name`, `show_name`, `pid`, `icon`, `type`, `description`, `auth_ctrl`, `enabled`, `url`, `app_id`, `sequence`, `api_ids`, `client_id`, `tenant_id`, `created_by`, `created_date`, `last_modified_by`, `last_modified_date`) VALUES (1000071205046, 'SMSChannelEnable', '启用或禁用短信通道', '启用|禁用', 1000071205023, '', 'BUTTON', '', 1, 1, '', 100007, 1, '[]', 'xcan_tp', :TENANT_ID, -1, '2024-01-02 11:22:22', -1, '2024-03-08 09:56:54');
INSERT INTO `app_func` (`id`, `code`, `name`, `show_name`, `pid`, `icon`, `type`, `description`, `auth_ctrl`, `enabled`, `url`, `app_id`, `sequence`, `api_ids`, `client_id`, `tenant_id`, `created_by`, `created_date`, `last_modified_by`, `last_modified_date`) VALUES (1000071205044, 'SMSChannelTest', '测试短信通道', '测试', 1000071205023, '', 'BUTTON', '', 1, 1, '', 100007, 1, '[]', 'xcan_tp', :TENANT_ID, -1, '2024-01-02 11:22:22', -1, '2024-01-02 11:22:22');
INSERT INTO `app_func` (`id`, `code`, `name`, `show_name`, `pid`, `icon`, `type`, `description`, `auth_ctrl`, `enabled`, `url`, `app_id`, `sequence`, `api_ids`, `client_id`, `tenant_id`, `created_by`, `created_date`, `last_modified_by`, `last_modified_date`) VALUES (1000071205008, 'SMSConfiguration', '短信配置', '短信配置', 1000071205001, 'icon-duanxinpeizhi', 'MENU', '', 1, 1, '/system/sms', 100007, 7, '[]', 'xcan_tp', :TENANT_ID, -1, '2024-01-02 11:22:22', -1, '2024-01-02 11:22:22');
INSERT INTO `app_func` (`id`, `code`, `name`, `show_name`, `pid`, `icon`, `type`, `description`, `auth_ctrl`, `enabled`, `url`, `app_id`, `sequence`, `api_ids`, `client_id`, `tenant_id`, `created_by`, `created_date`, `last_modified_by`, `last_modified_date`) VALUES (1000071205066, 'SMSSendRecords', '发送记录', '发送记录', 1000071205008, '', 'MENU', '', 1, 1, '/system/sms/records', 100007, 3, '[]', 'xcan_tp', :TENANT_ID, -1, '2024-01-02 11:22:22', -1, '2024-01-02 11:22:22');
INSERT INTO `app_func` (`id`, `code`, `name`, `show_name`, `pid`, `icon`, `type`, `description`, `auth_ctrl`, `enabled`, `url`, `app_id`, `sequence`, `api_ids`, `client_id`, `tenant_id`, `created_by`, `created_date`, `last_modified_by`, `last_modified_date`) VALUES (1000071205068, 'SMSSendRecordsDetail', '详情', '详情', 1000071205066, '', 'BUTTON', '', 1, 1, '/system/sms/records/{id}', 100007, 1, '[]', 'xcan_tp', :TENANT_ID, -1, '2024-01-02 11:22:22', -1, '2024-01-02 11:22:22');
INSERT INTO `app_func` (`id`, `code`, `name`, `show_name`, `pid`, `icon`, `type`, `description`, `auth_ctrl`, `enabled`, `url`, `app_id`, `sequence`, `api_ids`, `client_id`, `tenant_id`, `created_by`, `created_date`, `last_modified_by`, `last_modified_date`) VALUES (1000071205024, 'SMSTemplate', '短信模版', '短信模版', 1000071205008, '', 'MENU', '', 1, 1, '/system/sms/template', 100007, 2, '[]', 'xcan_tp', :TENANT_ID, -1, '2024-01-02 11:22:22', -1, '2024-01-02 11:22:22');
INSERT INTO `app_func` (`id`, `code`, `name`, `show_name`, `pid`, `icon`, `type`, `description`, `auth_ctrl`, `enabled`, `url`, `app_id`, `sequence`, `api_ids`, `client_id`, `tenant_id`, `created_by`, `created_date`, `last_modified_by`, `last_modified_date`) VALUES (1000071205047, 'SMSTemplateModify', '编辑短信模版', '编辑', 1000071205024, '', 'BUTTON', '', 1, 1, '', 100007, 1, '[]', 'xcan_tp', :TENANT_ID, -1, '2024-01-02 11:22:22', -1, '2024-01-02 11:22:22');
INSERT INTO `app_func` (`id`, `code`, `name`, `show_name`, `pid`, `icon`, `type`, `description`, `auth_ctrl`, `enabled`, `url`, `app_id`, `sequence`, `api_ids`, `client_id`, `tenant_id`, `created_by`, `created_date`, `last_modified_by`, `last_modified_date`) VALUES (1000071205004, 'SecuritySetting', '安全设置', '安全设置', 1000071205001, 'icon-anquanshezhi', 'MENU', '', 1, 1, '/system/security', 100007, 3, '[]', 'xcan_tp', :TENANT_ID, -1, '2024-01-02 11:22:22', -1, '2024-01-02 11:22:22');
INSERT INTO `app_func` (`id`, `code`, `name`, `show_name`, `pid`, `icon`, `type`, `description`, `auth_ctrl`, `enabled`, `url`, `app_id`, `sequence`, `api_ids`, `client_id`, `tenant_id`, `created_by`, `created_date`, `last_modified_by`, `last_modified_date`) VALUES (1000071201012, 'SetIdentity', '设置用户身份', '设为系统管理员|设为一般用户', 1000071201002, '', 'BUTTON', '', 1, 1, '', 100007, 1, '[]', 'xcan_tp', :TENANT_ID, -1, '2024-01-02 11:22:22', -1, '2024-03-08 09:48:09');
INSERT INTO `app_func` (`id`, `code`, `name`, `show_name`, `pid`, `icon`, `type`, `description`, `auth_ctrl`, `enabled`, `url`, `app_id`, `sequence`, `api_ids`, `client_id`, `tenant_id`, `created_by`, `created_date`, `last_modified_by`, `last_modified_date`) VALUES (1000071205050, 'SignOut', '登出', '登出', 1000071205017, '', 'BUTTON', '', 1, 1, '', 100007, 1, '[]', 'xcan_tp', :TENANT_ID, -1, '2024-01-02 11:22:22', -1, '2024-01-02 11:22:22');
INSERT INTO `app_func` (`id`, `code`, `name`, `show_name`, `pid`, `icon`, `type`, `description`, `auth_ctrl`, `enabled`, `url`, `app_id`, `sequence`, `api_ids`, `client_id`, `tenant_id`, `created_by`, `created_date`, `last_modified_by`, `last_modified_date`) VALUES (1000071205053, 'SiteDomainModify', '编辑站点域名', '编辑', 1000071205018, '', 'BUTTON', '', 1, 1, '', 100007, 1, '[]', 'xcan_tp', :TENANT_ID, -1, '2024-01-02 11:22:22', -1, '2024-01-02 11:22:22');
INSERT INTO `app_func` (`id`, `code`, `name`, `show_name`, `pid`, `icon`, `type`, `description`, `auth_ctrl`, `enabled`, `url`, `app_id`, `sequence`, `api_ids`, `client_id`, `tenant_id`, `created_by`, `created_date`, `last_modified_by`, `last_modified_date`) VALUES (1000071205052, 'SiteNameModify', '编辑站点名称', '编辑', 1000071205018, '', 'BUTTON', '', 1, 1, '', 100007, 1, '[]', 'xcan_tp', :TENANT_ID, -1, '2024-01-02 11:22:22', -1, '2024-01-02 11:22:22');
INSERT INTO `app_func` (`id`, `code`, `name`, `show_name`, `pid`, `icon`, `type`, `description`, `auth_ctrl`, `enabled`, `url`, `app_id`, `sequence`, `api_ids`, `client_id`, `tenant_id`, `created_by`, `created_date`, `last_modified_by`, `last_modified_date`) VALUES (1000071204001, 'Store', '商店', '商店', -1, '', 'MENU', '', 1, 1, '/stores', 100007, 4, '[]', 'xcan_tp', :TENANT_ID, -1, '2024-01-02 11:22:22', -1, '2024-01-02 11:22:22');
INSERT INTO `app_func` (`id`, `code`, `name`, `show_name`, `pid`, `icon`, `type`, `description`, `auth_ctrl`, `enabled`, `url`, `app_id`, `sequence`, `api_ids`, `client_id`, `tenant_id`, `created_by`, `created_date`, `last_modified_by`, `last_modified_date`) VALUES (1000071204011, 'StoreGoodsCloudForPriv', '私有化云商店', '私有化云商店', 1000071204005, '', 'BUTTON', '', 1, 1, '/stores/cloud/open2p', 100007, 1, '[]', 'xcan_tp', :TENANT_ID, -1, '2024-01-02 11:22:22', -1, '2024-03-27 12:12:53');
INSERT INTO `app_func` (`id`, `code`, `name`, `show_name`, `pid`, `icon`, `type`, `description`, `auth_ctrl`, `enabled`, `url`, `app_id`, `sequence`, `api_ids`, `client_id`, `tenant_id`, `created_by`, `created_date`, `last_modified_by`, `last_modified_date`) VALUES (1000071204012, 'StoreGoodsCloudForPrivDetail', '私有化云商店详情', '私有化云商店详情', 1000071204005, '', 'BUTTON', '', 1, 1, '/stores/cloud/open2p/{id}', 100007, 1, '[]', 'xcan_tp', :TENANT_ID, -1, '2024-01-02 11:22:22', -1, '2024-03-27 12:12:55');
INSERT INTO `app_func` (`id`, `code`, `name`, `show_name`, `pid`, `icon`, `type`, `description`, `auth_ctrl`, `enabled`, `url`, `app_id`, `sequence`, `api_ids`, `client_id`, `tenant_id`, `created_by`, `created_date`, `last_modified_by`, `last_modified_date`) VALUES (1000071204005, 'StoreGoodsPriv', '云商店', '云商店', 1000071204001, 'icon-yunshangdian', 'MENU', '', 1, 0, '/storespriv/cloud', 100007, 4, '[]', 'xcan_tp', :TENANT_ID, -1, '2024-01-02 11:22:22', -1, '2024-01-02 11:22:22');
INSERT INTO `app_func` (`id`, `code`, `name`, `show_name`, `pid`, `icon`, `type`, `description`, `auth_ctrl`, `enabled`, `url`, `app_id`, `sequence`, `api_ids`, `client_id`, `tenant_id`, `created_by`, `created_date`, `last_modified_by`, `last_modified_date`) VALUES (1000071204006, 'StoreInstallationPriv', '已安装商品', '已安装商品', 1000071204001, 'icon-wodeshangpin', 'MENU', '', 1, 1, '/storespriv/goods', 100007, 5, '[]', 'xcan_tp', :TENANT_ID, -1, '2024-01-02 11:22:22', -1, '2024-01-02 11:22:22');
INSERT INTO `app_func` (`id`, `code`, `name`, `show_name`, `pid`, `icon`, `type`, `description`, `auth_ctrl`, `enabled`, `url`, `app_id`, `sequence`, `api_ids`, `client_id`, `tenant_id`, `created_by`, `created_date`, `last_modified_by`, `last_modified_date`) VALUES (1000071205001, 'System', '系统', '系统', -1, '', 'MENU', '', 1, 1, '/system', 100007, 5, '[]', 'xcan_tp', :TENANT_ID, -1, '2024-01-02 11:22:22', -1, '2024-01-02 11:22:22');
INSERT INTO `app_func` (`id`, `code`, `name`, `show_name`, `pid`, `icon`, `type`, `description`, `auth_ctrl`, `enabled`, `url`, `app_id`, `sequence`, `api_ids`, `client_id`, `tenant_id`, `created_by`, `created_date`, `last_modified_by`, `last_modified_date`) VALUES (1000071205021, 'SystemLog', '系统日志', '系统日志', 1000071205016, '', 'MENU', '', 1, 1, '/system/log/system', 100007, 2, '[]', 'xcan_tp', :TENANT_ID, -1, '2024-01-02 11:22:22', -1, '2024-01-02 11:22:22');
INSERT INTO `app_func` (`id`, `code`, `name`, `show_name`, `pid`, `icon`, `type`, `description`, `auth_ctrl`, `enabled`, `url`, `app_id`, `sequence`, `api_ids`, `client_id`, `tenant_id`, `created_by`, `created_date`, `last_modified_by`, `last_modified_date`) VALUES (1000071205019, 'SystemToken', '系统令牌', '系统令牌', 1000071205001, 'icon-xitonglingpai', 'MENU', '', 1, 1, '/system/token', 100007, 15, '[]', 'xcan_tp', :TENANT_ID, -1, '2024-01-02 11:22:22', -1, '2024-01-02 11:22:22');
INSERT INTO `app_func` (`id`, `code`, `name`, `show_name`, `pid`, `icon`, `type`, `description`, `auth_ctrl`, `enabled`, `url`, `app_id`, `sequence`, `api_ids`, `client_id`, `tenant_id`, `created_by`, `created_date`, `last_modified_by`, `last_modified_date`) VALUES (1000071205056, 'SystemTokenAuthView', '查看授权', '查看授权', 1000071205019, '', 'BUTTON', '', 1, 1, '', 100007, 1, '[]', 'xcan_tp', :TENANT_ID, -1, '2024-01-02 11:22:22', -1, '2024-01-02 11:22:22');
INSERT INTO `app_func` (`id`, `code`, `name`, `show_name`, `pid`, `icon`, `type`, `description`, `auth_ctrl`, `enabled`, `url`, `app_id`, `sequence`, `api_ids`, `client_id`, `tenant_id`, `created_by`, `created_date`, `last_modified_by`, `last_modified_date`) VALUES (1000071205054, 'SystemTokenCreate', '创建令牌', '创建令牌', 1000071205019, '', 'BUTTON', '', 1, 1, '', 100007, 1, '[]', 'xcan_tp', :TENANT_ID, -1, '2024-01-02 11:22:22', -1, '2024-01-02 11:22:22');
INSERT INTO `app_func` (`id`, `code`, `name`, `show_name`, `pid`, `icon`, `type`, `description`, `auth_ctrl`, `enabled`, `url`, `app_id`, `sequence`, `api_ids`, `client_id`, `tenant_id`, `created_by`, `created_date`, `last_modified_by`, `last_modified_date`) VALUES (1000071205057, 'SystemTokenDelete', '删除令牌', '删除', 1000071205019, '', 'BUTTON', '', 1, 1, '', 100007, 1, '[]', 'xcan_tp', :TENANT_ID, -1, '2024-01-02 11:22:22', -1, '2024-01-02 11:22:22');
INSERT INTO `app_func` (`id`, `code`, `name`, `show_name`, `pid`, `icon`, `type`, `description`, `auth_ctrl`, `enabled`, `url`, `app_id`, `sequence`, `api_ids`, `client_id`, `tenant_id`, `created_by`, `created_date`, `last_modified_by`, `last_modified_date`) VALUES (1000071205055, 'SystemTokenView', '查看令牌', '查看令牌', 1000071205019, '', 'BUTTON', '', 1, 1, '', 100007, 1, '[]', 'xcan_tp', :TENANT_ID, -1, '2024-01-02 11:22:22', -1, '2024-01-02 11:22:22');
INSERT INTO `app_func` (`id`, `code`, `name`, `show_name`, `pid`, `icon`, `type`, `description`, `auth_ctrl`, `enabled`, `url`, `app_id`, `sequence`, `api_ids`, `client_id`, `tenant_id`, `created_by`, `created_date`, `last_modified_by`, `last_modified_date`) VALUES (1000071205002, 'SystemVersion', '系统版本', '系统版本', 1000071205001, 'icon-xitongbanben', 'MENU', '', 1, 1, '/system/version', 100007, 1, '[]', 'xcan_tp', :TENANT_ID, -1, '2024-01-02 11:22:22', -1, '2024-01-02 11:22:22');
INSERT INTO `app_func` (`id`, `code`, `name`, `show_name`, `pid`, `icon`, `type`, `description`, `auth_ctrl`, `enabled`, `url`, `app_id`, `sequence`, `api_ids`, `client_id`, `tenant_id`, `created_by`, `created_date`, `last_modified_by`, `last_modified_date`) VALUES (1000071201005, 'Tag', '标签', '标签', 1000071201001, 'icon-biaoqian', 'MENU', '', 1, 1, '/organization/tag', 100007, 4, '[]', 'xcan_tp', :TENANT_ID, -1, '2024-01-02 11:22:22', -1, '2024-01-02 11:22:22');
INSERT INTO `app_func` (`id`, `code`, `name`, `show_name`, `pid`, `icon`, `type`, `description`, `auth_ctrl`, `enabled`, `url`, `app_id`, `sequence`, `api_ids`, `client_id`, `tenant_id`, `created_by`, `created_date`, `last_modified_by`, `last_modified_date`) VALUES (1000071201041, 'TagAdd', '添加标签', '添加', 1000071201005, '', 'BUTTON', '', 1, 1, '', 100007, 1, '[]', 'xcan_tp', :TENANT_ID, -1, '2024-01-02 11:22:22', -1, '2024-01-02 11:22:22');
INSERT INTO `app_func` (`id`, `code`, `name`, `show_name`, `pid`, `icon`, `type`, `description`, `auth_ctrl`, `enabled`, `url`, `app_id`, `sequence`, `api_ids`, `client_id`, `tenant_id`, `created_by`, `created_date`, `last_modified_by`, `last_modified_date`) VALUES (1000071201043, 'TagDelete', '删除标签', '删除', 1000071201005, '', 'BUTTON', '', 1, 1, '', 100007, 1, '[]', 'xcan_tp', :TENANT_ID, -1, '2024-01-02 11:22:22', -1, '2024-01-02 11:22:22');
INSERT INTO `app_func` (`id`, `code`, `name`, `show_name`, `pid`, `icon`, `type`, `description`, `auth_ctrl`, `enabled`, `url`, `app_id`, `sequence`, `api_ids`, `client_id`, `tenant_id`, `created_by`, `created_date`, `last_modified_by`, `last_modified_date`) VALUES (1000071201046, 'TagDeptAssociate', '关联部门', '关联部门', 1000071201005, '', 'BUTTON', '', 1, 1, '', 100007, 1, '[]', 'xcan_tp', :TENANT_ID, -1, '2024-01-02 11:22:22', -1, '2024-03-08 09:53:15');
INSERT INTO `app_func` (`id`, `code`, `name`, `show_name`, `pid`, `icon`, `type`, `description`, `auth_ctrl`, `enabled`, `url`, `app_id`, `sequence`, `api_ids`, `client_id`, `tenant_id`, `created_by`, `created_date`, `last_modified_by`, `last_modified_date`) VALUES (1000071201047, 'TagDeptUnassociate', '取消关联部门', '取消关联', 1000071201005, '', 'BUTTON', '', 1, 1, '', 100007, 1, '[]', 'xcan_tp', :TENANT_ID, -1, '2024-01-02 11:22:22', -1, '2024-01-02 11:22:22');
INSERT INTO `app_func` (`id`, `code`, `name`, `show_name`, `pid`, `icon`, `type`, `description`, `auth_ctrl`, `enabled`, `url`, `app_id`, `sequence`, `api_ids`, `client_id`, `tenant_id`, `created_by`, `created_date`, `last_modified_by`, `last_modified_date`) VALUES (1000071201048, 'TagGroupAssociate', '关联组', '关联组', 1000071201005, '', 'BUTTON', '', 1, 1, '', 100007, 1, '[]', 'xcan_tp', :TENANT_ID, -1, '2024-01-02 11:22:22', -1, '2024-03-08 09:53:38');
INSERT INTO `app_func` (`id`, `code`, `name`, `show_name`, `pid`, `icon`, `type`, `description`, `auth_ctrl`, `enabled`, `url`, `app_id`, `sequence`, `api_ids`, `client_id`, `tenant_id`, `created_by`, `created_date`, `last_modified_by`, `last_modified_date`) VALUES (1000071201049, 'TagGroupUnassociate', '取消关联组', '取消关联', 1000071201005, '', 'BUTTON', '', 1, 1, '', 100007, 1, '[]', 'xcan_tp', :TENANT_ID, -1, '2024-01-02 11:22:22', -1, '2024-01-02 11:22:22');
INSERT INTO `app_func` (`id`, `code`, `name`, `show_name`, `pid`, `icon`, `type`, `description`, `auth_ctrl`, `enabled`, `url`, `app_id`, `sequence`, `api_ids`, `client_id`, `tenant_id`, `created_by`, `created_date`, `last_modified_by`, `last_modified_date`) VALUES (1000071201042, 'TagModify', '编辑标签', '编辑', 1000071201005, '', 'BUTTON', '', 1, 1, '', 100007, 1, '[]', 'xcan_tp', :TENANT_ID, -1, '2024-01-02 11:22:22', -1, '2024-01-02 11:22:22');
INSERT INTO `app_func` (`id`, `code`, `name`, `show_name`, `pid`, `icon`, `type`, `description`, `auth_ctrl`, `enabled`, `url`, `app_id`, `sequence`, `api_ids`, `client_id`, `tenant_id`, `created_by`, `created_date`, `last_modified_by`, `last_modified_date`) VALUES (1000071201044, 'TagUserAssociate', '关联用户', '关联用户', 1000071201005, '', 'BUTTON', '', 1, 1, '', 100007, 1, '[]', 'xcan_tp', :TENANT_ID, -1, '2024-01-02 11:22:22', -1, '2024-03-08 09:53:05');
INSERT INTO `app_func` (`id`, `code`, `name`, `show_name`, `pid`, `icon`, `type`, `description`, `auth_ctrl`, `enabled`, `url`, `app_id`, `sequence`, `api_ids`, `client_id`, `tenant_id`, `created_by`, `created_date`, `last_modified_by`, `last_modified_date`) VALUES (1000071201045, 'TagUserUnassociate', '取消关联用户', '取消关联', 1000071201005, '', 'BUTTON', '', 1, 1, '', 100007, 1, '[]', 'xcan_tp', :TENANT_ID, -1, '2024-01-02 11:22:22', -1, '2024-01-02 11:22:22');
INSERT INTO `app_func` (`id`, `code`, `name`, `show_name`, `pid`, `icon`, `type`, `description`, `auth_ctrl`, `enabled`, `url`, `app_id`, `sequence`, `api_ids`, `client_id`, `tenant_id`, `created_by`, `created_date`, `last_modified_by`, `last_modified_date`) VALUES (1000071205051, 'UploadLogo', '上传logo', '上传logo', 1000071205018, '', 'BUTTON', '', 1, 1, '', 100007, 1, '[]', 'xcan_tp', :TENANT_ID, -1, '2024-01-02 11:22:22', -1, '2024-01-02 11:22:22');
INSERT INTO `app_func` (`id`, `code`, `name`, `show_name`, `pid`, `icon`, `type`, `description`, `auth_ctrl`, `enabled`, `url`, `app_id`, `sequence`, `api_ids`, `client_id`, `tenant_id`, `created_by`, `created_date`, `last_modified_by`, `last_modified_date`) VALUES (1000071201002, 'User', '用户', '用户', 1000071201001, 'icon-yonghu', 'MENU', '', 1, 1, '/organization/user', 100007, 1, '[]', 'xcan_tp', :TENANT_ID, -1, '2024-01-02 11:22:22', -1, '2024-01-02 11:22:22');
INSERT INTO `app_func` (`id`, `code`, `name`, `show_name`, `pid`, `icon`, `type`, `description`, `auth_ctrl`, `enabled`, `url`, `app_id`, `sequence`, `api_ids`, `client_id`, `tenant_id`, `created_by`, `created_date`, `last_modified_by`, `last_modified_date`) VALUES (1000071201006, 'UserAdd', '添加用户', '添加用户', 1000071201002, '', 'BUTTON', '', 1, 1, '/organization/user/add', 100007, 1, '[]', 'xcan_tp', :TENANT_ID, -1, '2024-01-02 11:22:22', -1, '2024-01-02 11:22:22');
INSERT INTO `app_func` (`id`, `code`, `name`, `show_name`, `pid`, `icon`, `type`, `description`, `auth_ctrl`, `enabled`, `url`, `app_id`, `sequence`, `api_ids`, `client_id`, `tenant_id`, `created_by`, `created_date`, `last_modified_by`, `last_modified_date`) VALUES (1000071201020, 'UserAuthorizeCancel', '取消授权', '取消授权', 1000071201002, '', 'BUTTON', '', 1, 1, '', 100007, 1, '[]', 'xcan_tp', :TENANT_ID, -1, '2024-01-02 11:22:22', -1, '2024-03-08 09:50:41');
INSERT INTO `app_func` (`id`, `code`, `name`, `show_name`, `pid`, `icon`, `type`, `description`, `auth_ctrl`, `enabled`, `url`, `app_id`, `sequence`, `api_ids`, `client_id`, `tenant_id`, `created_by`, `created_date`, `last_modified_by`, `last_modified_date`) VALUES (1000071201010, 'UserDelete', '删除用户', '删除', 1000071201002, '', 'BUTTON', '', 1, 1, '', 100007, 1, '[]', 'xcan_tp', :TENANT_ID, -1, '2024-01-02 11:22:22', -1, '2024-01-02 11:22:22');
INSERT INTO `app_func` (`id`, `code`, `name`, `show_name`, `pid`, `icon`, `type`, `description`, `auth_ctrl`, `enabled`, `url`, `app_id`, `sequence`, `api_ids`, `client_id`, `tenant_id`, `created_by`, `created_date`, `last_modified_by`, `last_modified_date`) VALUES (1000071201013, 'UserDeptAssociate', '关联部门', '关联部门', 1000071201002, '', 'BUTTON', '', 1, 1, '', 100007, 1, '[]', 'xcan_tp', :TENANT_ID, -1, '2024-01-02 11:22:22', -1, '2024-03-08 09:49:26');
INSERT INTO `app_func` (`id`, `code`, `name`, `show_name`, `pid`, `icon`, `type`, `description`, `auth_ctrl`, `enabled`, `url`, `app_id`, `sequence`, `api_ids`, `client_id`, `tenant_id`, `created_by`, `created_date`, `last_modified_by`, `last_modified_date`) VALUES (1000071201014, 'UserDeptUnassociate', '取消关联部门', '取消关联', 1000071201002, '', 'BUTTON', '', 1, 1, '', 100007, 1, '[]', 'xcan_tp', :TENANT_ID, -1, '2024-01-02 11:22:22', -1, '2024-03-08 09:49:33');
INSERT INTO `app_func` (`id`, `code`, `name`, `show_name`, `pid`, `icon`, `type`, `description`, `auth_ctrl`, `enabled`, `url`, `app_id`, `sequence`, `api_ids`, `client_id`, `tenant_id`, `created_by`, `created_date`, `last_modified_by`, `last_modified_date`) VALUES (1000071201021, 'UserDetail', '查看用户详情', '查看详情', 1000071201002, '', 'BUTTON', '', 1, 1, '/organization/user/{id}', 100007, 1, '[]', 'xcan_tp', :TENANT_ID, -1, '2024-01-02 11:22:22', -1, '2024-01-02 11:22:22');
INSERT INTO `app_func` (`id`, `code`, `name`, `show_name`, `pid`, `icon`, `type`, `description`, `auth_ctrl`, `enabled`, `url`, `app_id`, `sequence`, `api_ids`, `client_id`, `tenant_id`, `created_by`, `created_date`, `last_modified_by`, `last_modified_date`) VALUES (1000071201009, 'UserEnable', '启用或禁用用户', '启用|禁用', 1000071201002, '', 'BUTTON', '', 1, 1, '', 100007, 1, '[]', 'xcan_tp', :TENANT_ID, -1, '2024-01-02 11:22:22', -1, '2024-03-08 09:47:40');
INSERT INTO `app_func` (`id`, `code`, `name`, `show_name`, `pid`, `icon`, `type`, `description`, `auth_ctrl`, `enabled`, `url`, `app_id`, `sequence`, `api_ids`, `client_id`, `tenant_id`, `created_by`, `created_date`, `last_modified_by`, `last_modified_date`) VALUES (1000071201015, 'UserGroupAssociate', '关联组', '关联组', 1000071201002, '', 'BUTTON', '', 1, 1, '', 100007, 1, '[]', 'xcan_tp', :TENANT_ID, -1, '2024-01-02 11:22:22', -1, '2024-03-08 09:50:07');
INSERT INTO `app_func` (`id`, `code`, `name`, `show_name`, `pid`, `icon`, `type`, `description`, `auth_ctrl`, `enabled`, `url`, `app_id`, `sequence`, `api_ids`, `client_id`, `tenant_id`, `created_by`, `created_date`, `last_modified_by`, `last_modified_date`) VALUES (1000071201016, 'UserGroupUnassociate', '取消关联组', '取消关联', 1000071201002, '', 'BUTTON', '', 1, 1, '', 100007, 1, '[]', 'xcan_tp', :TENANT_ID, -1, '2024-01-02 11:22:22', -1, '2024-03-08 09:49:42');
INSERT INTO `app_func` (`id`, `code`, `name`, `show_name`, `pid`, `icon`, `type`, `description`, `auth_ctrl`, `enabled`, `url`, `app_id`, `sequence`, `api_ids`, `client_id`, `tenant_id`, `created_by`, `created_date`, `last_modified_by`, `last_modified_date`) VALUES (1000071201007, 'UserModify', '编辑用户', '编辑', 1000071201002, '', 'BUTTON', '', 1, 1, '/organization/user/edit/{id}', 100007, 1, '[]', 'xcan_tp', :TENANT_ID, -1, '2024-01-02 11:22:22', -1, '2024-01-02 11:22:22');
INSERT INTO `app_func` (`id`, `code`, `name`, `show_name`, `pid`, `icon`, `type`, `description`, `auth_ctrl`, `enabled`, `url`, `app_id`, `sequence`, `api_ids`, `client_id`, `tenant_id`, `created_by`, `created_date`, `last_modified_by`, `last_modified_date`) VALUES (1000071201017, 'UserTagsAssociate', '关联标签', '关联标签', 1000071201002, '', 'BUTTON', '', 1, 1, '', 100007, 1, '[]', 'xcan_tp', :TENANT_ID, -1, '2024-01-02 11:22:22', -1, '2024-03-08 09:50:17');
INSERT INTO `app_func` (`id`, `code`, `name`, `show_name`, `pid`, `icon`, `type`, `description`, `auth_ctrl`, `enabled`, `url`, `app_id`, `sequence`, `api_ids`, `client_id`, `tenant_id`, `created_by`, `created_date`, `last_modified_by`, `last_modified_date`) VALUES (1000071201018, 'UserTagsUnassociate', '取消关联标签', '取消关联', 1000071201002, '', 'BUTTON', '', 1, 1, '', 100007, 1, '[]', 'xcan_tp', :TENANT_ID, -1, '2024-01-02 11:22:22', -1, '2024-03-08 09:50:26');
INSERT INTO `app_func` (`id`, `code`, `name`, `show_name`, `pid`, `icon`, `type`, `description`, `auth_ctrl`, `enabled`, `url`, `app_id`, `sequence`, `api_ids`, `client_id`, `tenant_id`, `created_by`, `created_date`, `last_modified_by`, `last_modified_date`) VALUES (1000071204013, 'info', '显示地址详情', '显示地址详情', 1000071204005, '', 'BUTTON', '', 1, 1, '/storespriv/cloud/info/{id}', 100007, 1, '[]', 'xcan_tp', :TENANT_ID, -1, '2024-01-02 11:22:22', -1, '2024-03-27 12:12:58');
INSERT INTO `app_func` (`id`, `code`, `name`, `show_name`, `pid`, `icon`, `type`, `description`, `auth_ctrl`, `enabled`, `url`, `app_id`, `sequence`, `api_ids`, `client_id`, `tenant_id`, `created_by`, `created_date`, `last_modified_by`, `last_modified_date`) VALUES (1000071204014, 'open2p', '实际地址详情', '实际地址详情', 1000071204005, '', 'BUTTON', '', 1, 1, '/stores/cloud/open2p/{id}', 100007, 1, '[]', 'xcan_tp', :TENANT_ID, -1, '2024-01-02 11:22:22', -1, '2024-03-27 12:13:03');

-- ----------------------------
-- Table data for web_tag
-- ----------------------------
INSERT INTO `web_tag` (`id`, `name`, `description`, `tenant_id`, `created_by`, `created_date`, `last_modified_by`, `last_modified_date`) VALUES (1, 'DYNAMIC_POSITION', '标识动态位置展示功能', :TENANT_ID, -1, '2024-01-01 00:00:00', -1, '2024-01-01 00:00:00');
INSERT INTO `web_tag` (`id`, `name`, `description`, `tenant_id`, `created_by`, `created_date`, `last_modified_by`, `last_modified_date`) VALUES (2, 'FIXED_POSITION', '标识固定位置展示功能', :TENANT_ID, -1, '2024-01-01 00:00:00', -1, '2024-01-01 00:00:00');
INSERT INTO `web_tag` (`id`, `name`, `description`, `tenant_id`, `created_by`, `created_date`, `last_modified_by`, `last_modified_date`) VALUES (4, 'ENTERPRISE', '标识企业版应用', :TENANT_ID, -1, '2024-01-01 00:00:00', -1, '2024-01-01 00:00:00');
INSERT INTO `web_tag` (`id`, `name`, `description`, `tenant_id`, `created_by`, `created_date`, `last_modified_by`, `last_modified_date`) VALUES (7, 'DISPLAY_ON_NAVIGATOR', '控制在导航栏展示', :TENANT_ID, -1, '2024-01-01 00:00:00', -1, '2024-01-01 00:00:00');
INSERT INTO `web_tag` (`id`, `name`, `description`, `tenant_id`, `created_by`, `created_date`, `last_modified_by`, `last_modified_date`) VALUES (8, 'DISPLAY_ON_MENU', '控制在菜单栏展示', :TENANT_ID, -1, '2024-01-01 00:00:00', -1, '2024-01-01 00:00:00');
INSERT INTO `web_tag` (`id`, `name`, `description`, `tenant_id`, `created_by`, `created_date`, `last_modified_by`, `last_modified_date`) VALUES (9, 'HEADER_MENU_POPOVER', '头部菜单自定义下拉菜单', 1, -1, '2024-01-02 11:27:25', -1, '2024-01-02 11:27:25');

-- ----------------------------
-- Table data for web_tag_target
-- ----------------------------
-- Func Tag
INSERT INTO `web_tag_target` (`id`, `tag_id`, `target_type`, `target_id`, `tenant_id`, `created_by`, `created_date`) VALUES (215509679965473586, 1, 'MENU', 1000071205018, :TENANT_ID, -1, '2024-03-27 12:25:28');
INSERT INTO `web_tag_target` (`id`, `tag_id`, `target_type`, `target_id`, `tenant_id`, `created_by`, `created_date`) VALUES (215509679965473587, 4, 'MENU', 1000071205018, :TENANT_ID, -1, '2024-03-27 12:25:28');
INSERT INTO `web_tag_target` (`id`, `tag_id`, `target_type`, `target_id`, `tenant_id`, `created_by`, `created_date`) VALUES (215509679965473574, 1, 'MENU', 1000071205014, :TENANT_ID, -1, '2024-03-27 12:23:43');
INSERT INTO `web_tag_target` (`id`, `tag_id`, `target_type`, `target_id`, `tenant_id`, `created_by`, `created_date`) VALUES (215509679965473575, 4, 'MENU', 1000071205014, :TENANT_ID, -1, '2024-03-27 12:23:43');
INSERT INTO `web_tag_target` (`id`, `tag_id`, `target_type`, `target_id`, `tenant_id`, `created_by`, `created_date`) VALUES (215509802372041625, 2, 'BUTTON', 1000071205049, :TENANT_ID, -1, '2024-03-27 12:24:01');
INSERT INTO `web_tag_target` (`id`, `tag_id`, `target_type`, `target_id`, `tenant_id`, `created_by`, `created_date`) VALUES (215509802372041626, 4, 'BUTTON', 1000071205049, :TENANT_ID, -1, '2024-03-27 12:24:01');
INSERT INTO `web_tag_target` (`id`, `tag_id`, `target_type`, `target_id`, `tenant_id`, `created_by`, `created_date`) VALUES (215509679965473576, 1, 'MENU', 1000071205016, :TENANT_ID, -1, '2024-03-27 12:24:16');
INSERT INTO `web_tag_target` (`id`, `tag_id`, `target_type`, `target_id`, `tenant_id`, `created_by`, `created_date`) VALUES (215509679965473577, 4, 'MENU', 1000071205016, :TENANT_ID, -1, '2024-03-27 12:24:16');
INSERT INTO `web_tag_target` (`id`, `tag_id`, `target_type`, `target_id`, `tenant_id`, `created_by`, `created_date`) VALUES (215509802372041551, 2, 'BUTTON', 1000071202011, :TENANT_ID, -1, '2024-03-27 12:09:31');
INSERT INTO `web_tag_target` (`id`, `tag_id`, `target_type`, `target_id`, `tenant_id`, `created_by`, `created_date`) VALUES (215509802372041552, 4, 'BUTTON', 1000071202011, :TENANT_ID, -1, '2024-03-27 12:09:31');
INSERT INTO `web_tag_target` (`id`, `tag_id`, `target_type`, `target_id`, `tenant_id`, `created_by`, `created_date`) VALUES (215509802372041553, 2, 'BUTTON', 1000071202012, :TENANT_ID, -1, '2024-03-27 12:09:37');
INSERT INTO `web_tag_target` (`id`, `tag_id`, `target_type`, `target_id`, `tenant_id`, `created_by`, `created_date`) VALUES (215509802372041554, 4, 'BUTTON', 1000071202012, :TENANT_ID, -1, '2024-03-27 12:09:37');
INSERT INTO `web_tag_target` (`id`, `tag_id`, `target_type`, `target_id`, `tenant_id`, `created_by`, `created_date`) VALUES (215509679965473516, 2, 'BUTTON', 1000071202013, :TENANT_ID, -1, '2024-03-27 12:09:44');
INSERT INTO `web_tag_target` (`id`, `tag_id`, `target_type`, `target_id`, `tenant_id`, `created_by`, `created_date`) VALUES (215509679965473517, 4, 'BUTTON', 1000071202013, :TENANT_ID, -1, '2024-03-27 12:09:44');
INSERT INTO `web_tag_target` (`id`, `tag_id`, `target_type`, `target_id`, `tenant_id`, `created_by`, `created_date`) VALUES (215509802372041555, 2, 'BUTTON', 1000071202014, :TENANT_ID, -1, '2024-03-27 12:09:52');
INSERT INTO `web_tag_target` (`id`, `tag_id`, `target_type`, `target_id`, `tenant_id`, `created_by`, `created_date`) VALUES (215509802372041556, 4, 'BUTTON', 1000071202014, :TENANT_ID, -1, '2024-03-27 12:09:52');
INSERT INTO `web_tag_target` (`id`, `tag_id`, `target_type`, `target_id`, `tenant_id`, `created_by`, `created_date`) VALUES (215509802372041547, 2, 'BUTTON', 1000071202009, :TENANT_ID, -1, '2024-03-27 12:09:16');
INSERT INTO `web_tag_target` (`id`, `tag_id`, `target_type`, `target_id`, `tenant_id`, `created_by`, `created_date`) VALUES (215509802372041548, 4, 'BUTTON', 1000071202009, :TENANT_ID, -1, '2024-03-27 12:09:16');
INSERT INTO `web_tag_target` (`id`, `tag_id`, `target_type`, `target_id`, `tenant_id`, `created_by`, `created_date`) VALUES (215509802372041549, 2, 'BUTTON', 1000071202010, :TENANT_ID, -1, '2024-03-27 12:09:23');
INSERT INTO `web_tag_target` (`id`, `tag_id`, `target_type`, `target_id`, `tenant_id`, `created_by`, `created_date`) VALUES (215509802372041550, 4, 'BUTTON', 1000071202010, :TENANT_ID, -1, '2024-03-27 12:09:23');
INSERT INTO `web_tag_target` (`id`, `tag_id`, `target_type`, `target_id`, `tenant_id`, `created_by`, `created_date`) VALUES (215509802372041543, 2, 'BUTTON', 1000071202005, :TENANT_ID, -1, '2024-03-27 12:08:44');
INSERT INTO `web_tag_target` (`id`, `tag_id`, `target_type`, `target_id`, `tenant_id`, `created_by`, `created_date`) VALUES (215509802372041544, 4, 'BUTTON', 1000071202005, :TENANT_ID, -1, '2024-03-27 12:08:44');
INSERT INTO `web_tag_target` (`id`, `tag_id`, `target_type`, `target_id`, `tenant_id`, `created_by`, `created_date`) VALUES (215509679965473520, 2, 'BUTTON', 1000071202017, :TENANT_ID, -1, '2024-03-27 12:10:21');
INSERT INTO `web_tag_target` (`id`, `tag_id`, `target_type`, `target_id`, `tenant_id`, `created_by`, `created_date`) VALUES (215509679965473521, 4, 'BUTTON', 1000071202017, :TENANT_ID, -1, '2024-03-27 12:10:21');
INSERT INTO `web_tag_target` (`id`, `tag_id`, `target_type`, `target_id`, `tenant_id`, `created_by`, `created_date`) VALUES (215509679965473522, 2, 'BUTTON', 1000071202018, :TENANT_ID, -1, '2024-03-27 12:10:30');
INSERT INTO `web_tag_target` (`id`, `tag_id`, `target_type`, `target_id`, `tenant_id`, `created_by`, `created_date`) VALUES (215509679965473523, 4, 'BUTTON', 1000071202018, :TENANT_ID, -1, '2024-03-27 12:10:30');
INSERT INTO `web_tag_target` (`id`, `tag_id`, `target_type`, `target_id`, `tenant_id`, `created_by`, `created_date`) VALUES (215509802372041505, 2, 'BUTTON', 1000071201019, :TENANT_ID, -1, '2024-03-27 12:02:58');
INSERT INTO `web_tag_target` (`id`, `tag_id`, `target_type`, `target_id`, `tenant_id`, `created_by`, `created_date`) VALUES (215509802372041506, 4, 'BUTTON', 1000071201019, :TENANT_ID, -1, '2024-03-27 12:02:58');
INSERT INTO `web_tag_target` (`id`, `tag_id`, `target_type`, `target_id`, `tenant_id`, `created_by`, `created_date`) VALUES (215509802372041557, 2, 'BUTTON', 1000071202016, :TENANT_ID, -1, '2024-03-27 12:10:14');
INSERT INTO `web_tag_target` (`id`, `tag_id`, `target_type`, `target_id`, `tenant_id`, `created_by`, `created_date`) VALUES (215509802372041558, 4, 'BUTTON', 1000071202016, :TENANT_ID, -1, '2024-03-27 12:10:14');
INSERT INTO `web_tag_target` (`id`, `tag_id`, `target_type`, `target_id`, `tenant_id`, `created_by`, `created_date`) VALUES (215509679965473508, 1, 'MENU', 1000071202003, :TENANT_ID, -1, '2024-03-27 12:08:26');
INSERT INTO `web_tag_target` (`id`, `tag_id`, `target_type`, `target_id`, `tenant_id`, `created_by`, `created_date`) VALUES (215509679965473509, 4, 'MENU', 1000071202003, :TENANT_ID, -1, '2024-03-27 12:08:26');
INSERT INTO `web_tag_target` (`id`, `tag_id`, `target_type`, `target_id`, `tenant_id`, `created_by`, `created_date`) VALUES (215509679965473494, 2, 'BUTTON', 1000071201038, :TENANT_ID, -1, '2024-03-27 12:06:23');
INSERT INTO `web_tag_target` (`id`, `tag_id`, `target_type`, `target_id`, `tenant_id`, `created_by`, `created_date`) VALUES (215509679965473495, 4, 'BUTTON', 1000071201038, :TENANT_ID, -1, '2024-03-27 12:06:23');
INSERT INTO `web_tag_target` (`id`, `tag_id`, `target_type`, `target_id`, `tenant_id`, `created_by`, `created_date`) VALUES (215509802372041619, 2, 'BUTTON', 1000071205069, :TENANT_ID, -1, '2024-03-27 12:22:42');
INSERT INTO `web_tag_target` (`id`, `tag_id`, `target_type`, `target_id`, `tenant_id`, `created_by`, `created_date`) VALUES (215509802372041620, 4, 'BUTTON', 1000071205069, :TENANT_ID, -1, '2024-03-27 12:22:42');
INSERT INTO `web_tag_target` (`id`, `tag_id`, `target_type`, `target_id`, `tenant_id`, `created_by`, `created_date`) VALUES (215509679965473568, 2, 'BUTTON', 1000071205070, :TENANT_ID, -1, '2024-03-27 12:22:52');
INSERT INTO `web_tag_target` (`id`, `tag_id`, `target_type`, `target_id`, `tenant_id`, `created_by`, `created_date`) VALUES (215509679965473569, 4, 'BUTTON', 1000071205070, :TENANT_ID, -1, '2024-03-27 12:22:52');
INSERT INTO `web_tag_target` (`id`, `tag_id`, `target_type`, `target_id`, `tenant_id`, `created_by`, `created_date`) VALUES (215509679965473570, 2, 'BUTTON', 1000071205071, :TENANT_ID, -1, '2024-03-27 12:23:03');
INSERT INTO `web_tag_target` (`id`, `tag_id`, `target_type`, `target_id`, `tenant_id`, `created_by`, `created_date`) VALUES (215509679965473571, 4, 'BUTTON', 1000071205071, :TENANT_ID, -1, '2024-03-27 12:23:03');
INSERT INTO `web_tag_target` (`id`, `tag_id`, `target_type`, `target_id`, `tenant_id`, `created_by`, `created_date`) VALUES (215509802372041621, 2, 'BUTTON', 1000071205072, :TENANT_ID, -1, '2024-03-27 12:23:11');
INSERT INTO `web_tag_target` (`id`, `tag_id`, `target_type`, `target_id`, `tenant_id`, `created_by`, `created_date`) VALUES (215509802372041622, 4, 'BUTTON', 1000071205072, :TENANT_ID, -1, '2024-03-27 12:23:11');
INSERT INTO `web_tag_target` (`id`, `tag_id`, `target_type`, `target_id`, `tenant_id`, `created_by`, `created_date`) VALUES (215509679965473480, 1, 'MENU', 1000071201003, :TENANT_ID, -1, '2024-03-27 12:03:30');
INSERT INTO `web_tag_target` (`id`, `tag_id`, `target_type`, `target_id`, `tenant_id`, `created_by`, `created_date`) VALUES (215509679965473481, 4, 'MENU', 1000071201003, :TENANT_ID, -1, '2024-03-27 12:03:30');
INSERT INTO `web_tag_target` (`id`, `tag_id`, `target_type`, `target_id`, `tenant_id`, `created_by`, `created_date`) VALUES (215509679965473482, 2, 'BUTTON', 1000071201022, :TENANT_ID, -1, '2024-03-27 12:03:39');
INSERT INTO `web_tag_target` (`id`, `tag_id`, `target_type`, `target_id`, `tenant_id`, `created_by`, `created_date`) VALUES (215509679965473483, 4, 'BUTTON', 1000071201022, :TENANT_ID, -1, '2024-03-27 12:03:39');
INSERT INTO `web_tag_target` (`id`, `tag_id`, `target_type`, `target_id`, `tenant_id`, `created_by`, `created_date`) VALUES (215509802372041515, 2, 'BUTTON', 1000071201030, :TENANT_ID, -1, '2024-03-27 12:04:38');
INSERT INTO `web_tag_target` (`id`, `tag_id`, `target_type`, `target_id`, `tenant_id`, `created_by`, `created_date`) VALUES (215509802372041516, 4, 'BUTTON', 1000071201030, :TENANT_ID, -1, '2024-03-27 12:04:38');
INSERT INTO `web_tag_target` (`id`, `tag_id`, `target_type`, `target_id`, `tenant_id`, `created_by`, `created_date`) VALUES (215509802372041517, 2, 'BUTTON', 1000071201031, :TENANT_ID, -1, '2024-03-27 12:04:45');
INSERT INTO `web_tag_target` (`id`, `tag_id`, `target_type`, `target_id`, `tenant_id`, `created_by`, `created_date`) VALUES (215509802372041518, 4, 'BUTTON', 1000071201031, :TENANT_ID, -1, '2024-03-27 12:04:45');
INSERT INTO `web_tag_target` (`id`, `tag_id`, `target_type`, `target_id`, `tenant_id`, `created_by`, `created_date`) VALUES (215509679965473484, 2, 'BUTTON', 1000071201025, :TENANT_ID, -1, '2024-03-27 12:04:01');
INSERT INTO `web_tag_target` (`id`, `tag_id`, `target_type`, `target_id`, `tenant_id`, `created_by`, `created_date`) VALUES (215509679965473485, 4, 'BUTTON', 1000071201025, :TENANT_ID, -1, '2024-03-27 12:04:01');
INSERT INTO `web_tag_target` (`id`, `tag_id`, `target_type`, `target_id`, `tenant_id`, `created_by`, `created_date`) VALUES (215509802372041509, 2, 'BUTTON', 1000071201024, :TENANT_ID, -1, '2024-03-27 12:03:53');
INSERT INTO `web_tag_target` (`id`, `tag_id`, `target_type`, `target_id`, `tenant_id`, `created_by`, `created_date`) VALUES (215509802372041510, 4, 'BUTTON', 1000071201024, :TENANT_ID, -1, '2024-03-27 12:03:53');
INSERT INTO `web_tag_target` (`id`, `tag_id`, `target_type`, `target_id`, `tenant_id`, `created_by`, `created_date`) VALUES (215509802372041507, 2, 'BUTTON', 1000071201023, :TENANT_ID, -1, '2024-03-27 12:03:46');
INSERT INTO `web_tag_target` (`id`, `tag_id`, `target_type`, `target_id`, `tenant_id`, `created_by`, `created_date`) VALUES (215509802372041508, 4, 'BUTTON', 1000071201023, :TENANT_ID, -1, '2024-03-27 12:03:46');
INSERT INTO `web_tag_target` (`id`, `tag_id`, `target_type`, `target_id`, `tenant_id`, `created_by`, `created_date`) VALUES (215509802372041511, 2, 'BUTTON', 1000071201026, :TENANT_ID, -1, '2024-03-27 12:04:10');
INSERT INTO `web_tag_target` (`id`, `tag_id`, `target_type`, `target_id`, `tenant_id`, `created_by`, `created_date`) VALUES (215509802372041512, 4, 'BUTTON', 1000071201026, :TENANT_ID, -1, '2024-03-27 12:04:10');
INSERT INTO `web_tag_target` (`id`, `tag_id`, `target_type`, `target_id`, `tenant_id`, `created_by`, `created_date`) VALUES (215509679965473486, 2, 'BUTTON', 1000071201028, :TENANT_ID, -1, '2024-03-27 12:04:24');
INSERT INTO `web_tag_target` (`id`, `tag_id`, `target_type`, `target_id`, `tenant_id`, `created_by`, `created_date`) VALUES (215509679965473487, 4, 'BUTTON', 1000071201028, :TENANT_ID, -1, '2024-03-27 12:04:24');
INSERT INTO `web_tag_target` (`id`, `tag_id`, `target_type`, `target_id`, `tenant_id`, `created_by`, `created_date`) VALUES (215509679965473488, 2, 'BUTTON', 1000071201029, :TENANT_ID, -1, '2024-03-27 12:04:31');
INSERT INTO `web_tag_target` (`id`, `tag_id`, `target_type`, `target_id`, `tenant_id`, `created_by`, `created_date`) VALUES (215509679965473489, 4, 'BUTTON', 1000071201029, :TENANT_ID, -1, '2024-03-27 12:04:31');
INSERT INTO `web_tag_target` (`id`, `tag_id`, `target_type`, `target_id`, `tenant_id`, `created_by`, `created_date`) VALUES (215509679965473564, 2, 'BUTTON', 1000071205031, :TENANT_ID, -1, '2024-03-27 12:21:46');
INSERT INTO `web_tag_target` (`id`, `tag_id`, `target_type`, `target_id`, `tenant_id`, `created_by`, `created_date`) VALUES (215509679965473565, 4, 'BUTTON', 1000071205031, :TENANT_ID, -1, '2024-03-27 12:21:46');
INSERT INTO `web_tag_target` (`id`, `tag_id`, `target_type`, `target_id`, `tenant_id`, `created_by`, `created_date`) VALUES (215509802372041611, 1, 'MENU', 1000071205010, :TENANT_ID, -1, '2024-03-27 12:21:10');
INSERT INTO `web_tag_target` (`id`, `tag_id`, `target_type`, `target_id`, `tenant_id`, `created_by`, `created_date`) VALUES (215509802372041612, 4, 'MENU', 1000071205010, :TENANT_ID, -1, '2024-03-27 12:21:10');
INSERT INTO `web_tag_target` (`id`, `tag_id`, `target_type`, `target_id`, `tenant_id`, `created_by`, `created_date`) VALUES (215509679965473562, 1, 'MENU', 1000071205009, :TENANT_ID, -1, '2024-03-27 12:21:00');
INSERT INTO `web_tag_target` (`id`, `tag_id`, `target_type`, `target_id`, `tenant_id`, `created_by`, `created_date`) VALUES (215509679965473563, 4, 'MENU', 1000071205009, :TENANT_ID, -1, '2024-03-27 12:21:00');
INSERT INTO `web_tag_target` (`id`, `tag_id`, `target_type`, `target_id`, `tenant_id`, `created_by`, `created_date`) VALUES (215509802372041615, 1, 'MENU', 1000071205011, :TENANT_ID, -1, '2024-03-27 12:21:58');
INSERT INTO `web_tag_target` (`id`, `tag_id`, `target_type`, `target_id`, `tenant_id`, `created_by`, `created_date`) VALUES (215509802372041616, 4, 'MENU', 1000071205011, :TENANT_ID, -1, '2024-03-27 12:21:58');
INSERT INTO `web_tag_target` (`id`, `tag_id`, `target_type`, `target_id`, `tenant_id`, `created_by`, `created_date`) VALUES (215509679965473456, 1, 'MENU', 1000071202001, :TENANT_ID, -1, '2024-03-27 12:00:24');
INSERT INTO `web_tag_target` (`id`, `tag_id`, `target_type`, `target_id`, `tenant_id`, `created_by`, `created_date`) VALUES (215509679965473457, 4, 'MENU', 1000071202001, :TENANT_ID, -1, '2024-03-27 12:00:24');
INSERT INTO `web_tag_target` (`id`, `tag_id`, `target_type`, `target_id`, `tenant_id`, `created_by`, `created_date`) VALUES (215509802372041519, 1, 'MENU', 1000071201004, :TENANT_ID, -1, '2024-03-27 12:04:56');
INSERT INTO `web_tag_target` (`id`, `tag_id`, `target_type`, `target_id`, `tenant_id`, `created_by`, `created_date`) VALUES (215509802372041520, 4, 'MENU', 1000071201004, :TENANT_ID, -1, '2024-03-27 12:04:56');
INSERT INTO `web_tag_target` (`id`, `tag_id`, `target_type`, `target_id`, `tenant_id`, `created_by`, `created_date`) VALUES (215509802372041523, 2, 'BUTTON', 1000071201032, :TENANT_ID, -1, '2024-03-27 12:05:35');
INSERT INTO `web_tag_target` (`id`, `tag_id`, `target_type`, `target_id`, `tenant_id`, `created_by`, `created_date`) VALUES (215509802372041524, 4, 'BUTTON', 1000071201032, :TENANT_ID, -1, '2024-03-27 12:05:35');
INSERT INTO `web_tag_target` (`id`, `tag_id`, `target_type`, `target_id`, `tenant_id`, `created_by`, `created_date`) VALUES (215509679965473496, 2, 'BUTTON', 1000071201039, :TENANT_ID, -1, '2024-03-27 12:06:33');
INSERT INTO `web_tag_target` (`id`, `tag_id`, `target_type`, `target_id`, `tenant_id`, `created_by`, `created_date`) VALUES (215509679965473497, 4, 'BUTTON', 1000071201039, :TENANT_ID, -1, '2024-03-27 12:06:33');
INSERT INTO `web_tag_target` (`id`, `tag_id`, `target_type`, `target_id`, `tenant_id`, `created_by`, `created_date`) VALUES (215509802372041525, 2, 'BUTTON', 1000071201035, :TENANT_ID, -1, '2024-03-27 12:06:01');
INSERT INTO `web_tag_target` (`id`, `tag_id`, `target_type`, `target_id`, `tenant_id`, `created_by`, `created_date`) VALUES (215509802372041526, 4, 'BUTTON', 1000071201035, :TENANT_ID, -1, '2024-03-27 12:06:01');
INSERT INTO `web_tag_target` (`id`, `tag_id`, `target_type`, `target_id`, `tenant_id`, `created_by`, `created_date`) VALUES (215509802372041531, 2, 'BUTTON', 1000071201040, :TENANT_ID, -1, '2024-03-27 12:06:39');
INSERT INTO `web_tag_target` (`id`, `tag_id`, `target_type`, `target_id`, `tenant_id`, `created_by`, `created_date`) VALUES (215509802372041532, 4, 'BUTTON', 1000071201040, :TENANT_ID, -1, '2024-03-27 12:06:39');
INSERT INTO `web_tag_target` (`id`, `tag_id`, `target_type`, `target_id`, `tenant_id`, `created_by`, `created_date`) VALUES (215509679965473492, 2, 'BUTTON', 1000071201034, :TENANT_ID, -1, '2024-03-27 12:05:52');
INSERT INTO `web_tag_target` (`id`, `tag_id`, `target_type`, `target_id`, `tenant_id`, `created_by`, `created_date`) VALUES (215509679965473493, 4, 'BUTTON', 1000071201034, :TENANT_ID, -1, '2024-03-27 12:05:52');
INSERT INTO `web_tag_target` (`id`, `tag_id`, `target_type`, `target_id`, `tenant_id`, `created_by`, `created_date`) VALUES (215509679965473490, 2, 'BUTTON', 1000071201033, :TENANT_ID, -1, '2024-03-27 12:05:45');
INSERT INTO `web_tag_target` (`id`, `tag_id`, `target_type`, `target_id`, `tenant_id`, `created_by`, `created_date`) VALUES (215509679965473491, 4, 'BUTTON', 1000071201033, :TENANT_ID, -1, '2024-03-27 12:05:45');
INSERT INTO `web_tag_target` (`id`, `tag_id`, `target_type`, `target_id`, `tenant_id`, `created_by`, `created_date`) VALUES (215509802372041527, 2, 'BUTTON', 1000071201036, :TENANT_ID, -1, '2024-03-27 12:06:09');
INSERT INTO `web_tag_target` (`id`, `tag_id`, `target_type`, `target_id`, `tenant_id`, `created_by`, `created_date`) VALUES (215509802372041528, 4, 'BUTTON', 1000071201036, :TENANT_ID, -1, '2024-03-27 12:06:09');
INSERT INTO `web_tag_target` (`id`, `tag_id`, `target_type`, `target_id`, `tenant_id`, `created_by`, `created_date`) VALUES (215509802372041529, 2, 'BUTTON', 1000071201037, :TENANT_ID, -1, '2024-03-27 12:06:15');
INSERT INTO `web_tag_target` (`id`, `tag_id`, `target_type`, `target_id`, `tenant_id`, `created_by`, `created_date`) VALUES (215509802372041530, 4, 'BUTTON', 1000071201037, :TENANT_ID, -1, '2024-03-27 12:06:15');
INSERT INTO `web_tag_target` (`id`, `tag_id`, `target_type`, `target_id`, `tenant_id`, `created_by`, `created_date`) VALUES (215509802372041579, 2, 'BUTTON', 1000071204010, :TENANT_ID, -1, '2024-03-27 12:14:17');
INSERT INTO `web_tag_target` (`id`, `tag_id`, `target_type`, `target_id`, `tenant_id`, `created_by`, `created_date`) VALUES (215509802372041580, 4, 'BUTTON', 1000071204010, :TENANT_ID, -1, '2024-03-27 12:14:17');
INSERT INTO `web_tag_target` (`id`, `tag_id`, `target_type`, `target_id`, `tenant_id`, `created_by`, `created_date`) VALUES (215509802372041581, 1, 'MENU', 1000071204007, :TENANT_ID, -1, '2024-03-27 12:14:28');
INSERT INTO `web_tag_target` (`id`, `tag_id`, `target_type`, `target_id`, `tenant_id`, `created_by`, `created_date`) VALUES (215509802372041582, 4, 'MENU', 1000071204007, :TENANT_ID, -1, '2024-03-27 12:14:28');
INSERT INTO `web_tag_target` (`id`, `tag_id`, `target_type`, `target_id`, `tenant_id`, `created_by`, `created_date`) VALUES (215509802372041587, 1, 'MENU', 1000071205006, :TENANT_ID, -1, '2024-03-27 12:15:27');
INSERT INTO `web_tag_target` (`id`, `tag_id`, `target_type`, `target_id`, `tenant_id`, `created_by`, `created_date`) VALUES (215509802372041588, 4, 'MENU', 1000071205006, :TENANT_ID, -1, '2024-03-27 12:15:27');
INSERT INTO `web_tag_target` (`id`, `tag_id`, `target_type`, `target_id`, `tenant_id`, `created_by`, `created_date`) VALUES (215509802372041589, 2, 'BUTTON', 1000071205033, :TENANT_ID, -1, '2024-03-27 12:15:37');
INSERT INTO `web_tag_target` (`id`, `tag_id`, `target_type`, `target_id`, `tenant_id`, `created_by`, `created_date`) VALUES (215509802372041590, 4, 'BUTTON', 1000071205033, :TENANT_ID, -1, '2024-03-27 12:15:37');
INSERT INTO `web_tag_target` (`id`, `tag_id`, `target_type`, `target_id`, `tenant_id`, `created_by`, `created_date`) VALUES (215509802372041798, 2, 'BUTTON', 1000071205039, :TENANT_ID, -1, '2024-03-27 15:45:21');
INSERT INTO `web_tag_target` (`id`, `tag_id`, `target_type`, `target_id`, `tenant_id`, `created_by`, `created_date`) VALUES (215509802372041799, 4, 'BUTTON', 1000071205039, :TENANT_ID, -1, '2024-03-27 15:45:21');
INSERT INTO `web_tag_target` (`id`, `tag_id`, `target_type`, `target_id`, `tenant_id`, `created_by`, `created_date`) VALUES (215509679965473540, 2, 'BUTTON', 1000071205037, :TENANT_ID, -1, '2024-03-27 12:16:21');
INSERT INTO `web_tag_target` (`id`, `tag_id`, `target_type`, `target_id`, `tenant_id`, `created_by`, `created_date`) VALUES (215509679965473541, 4, 'BUTTON', 1000071205037, :TENANT_ID, -1, '2024-03-27 12:16:21');
INSERT INTO `web_tag_target` (`id`, `tag_id`, `target_type`, `target_id`, `tenant_id`, `created_by`, `created_date`) VALUES (215509802372041591, 2, 'BUTTON', 1000071205034, :TENANT_ID, -1, '2024-03-27 12:15:50');
INSERT INTO `web_tag_target` (`id`, `tag_id`, `target_type`, `target_id`, `tenant_id`, `created_by`, `created_date`) VALUES (215509802372041592, 4, 'BUTTON', 1000071205034, :TENANT_ID, -1, '2024-03-27 12:15:50');
INSERT INTO `web_tag_target` (`id`, `tag_id`, `target_type`, `target_id`, `tenant_id`, `created_by`, `created_date`) VALUES (215509802372041593, 2, 'BUTTON', 1000071205038, :TENANT_ID, -1, '2024-03-27 12:16:30');
INSERT INTO `web_tag_target` (`id`, `tag_id`, `target_type`, `target_id`, `tenant_id`, `created_by`, `created_date`) VALUES (215509802372041594, 4, 'BUTTON', 1000071205038, :TENANT_ID, -1, '2024-03-27 12:16:30');
INSERT INTO `web_tag_target` (`id`, `tag_id`, `target_type`, `target_id`, `tenant_id`, `created_by`, `created_date`) VALUES (215509679965473536, 2, 'BUTTON', 1000071205035, :TENANT_ID, -1, '2024-03-27 12:16:00');
INSERT INTO `web_tag_target` (`id`, `tag_id`, `target_type`, `target_id`, `tenant_id`, `created_by`, `created_date`) VALUES (215509679965473537, 4, 'BUTTON', 1000071205035, :TENANT_ID, -1, '2024-03-27 12:16:00');
INSERT INTO `web_tag_target` (`id`, `tag_id`, `target_type`, `target_id`, `tenant_id`, `created_by`, `created_date`) VALUES (215509679965473538, 2, 'BUTTON', 1000071205036, :TENANT_ID, -1, '2024-03-27 12:16:09');
INSERT INTO `web_tag_target` (`id`, `tag_id`, `target_type`, `target_id`, `tenant_id`, `created_by`, `created_date`) VALUES (215509679965473539, 4, 'BUTTON', 1000071205036, :TENANT_ID, -1, '2024-03-27 12:16:09');
INSERT INTO `web_tag_target` (`id`, `tag_id`, `target_type`, `target_id`, `tenant_id`, `created_by`, `created_date`) VALUES (215509679965473468, 2, 'BUTTON', 1000071201011, :TENANT_ID, -1, '2024-03-27 12:01:47');
INSERT INTO `web_tag_target` (`id`, `tag_id`, `target_type`, `target_id`, `tenant_id`, `created_by`, `created_date`) VALUES (215509679965473469, 4, 'BUTTON', 1000071201011, :TENANT_ID, -1, '2024-03-27 12:01:47');
INSERT INTO `web_tag_target` (`id`, `tag_id`, `target_type`, `target_id`, `tenant_id`, `created_by`, `created_date`) VALUES (215509679965473542, 1, 'MENU', 1000071205007, :TENANT_ID, -1, '2024-03-27 12:16:42');
INSERT INTO `web_tag_target` (`id`, `tag_id`, `target_type`, `target_id`, `tenant_id`, `created_by`, `created_date`) VALUES (215509679965473543, 4, 'MENU', 1000071205007, :TENANT_ID, -1, '2024-03-27 12:16:42');
INSERT INTO `web_tag_target` (`id`, `tag_id`, `target_type`, `target_id`, `tenant_id`, `created_by`, `created_date`) VALUES (215509802372041601, 1, 'MENU', 1000071205065, :TENANT_ID, -1, '2024-03-27 12:18:40');
INSERT INTO `web_tag_target` (`id`, `tag_id`, `target_type`, `target_id`, `tenant_id`, `created_by`, `created_date`) VALUES (215509802372041602, 4, 'MENU', 1000071205065, :TENANT_ID, -1, '2024-03-27 12:18:40');
INSERT INTO `web_tag_target` (`id`, `tag_id`, `target_type`, `target_id`, `tenant_id`, `created_by`, `created_date`) VALUES (215509802372041603, 2, 'BUTTON', 1000071205067, :TENANT_ID, -1, '2024-03-27 12:18:48');
INSERT INTO `web_tag_target` (`id`, `tag_id`, `target_type`, `target_id`, `tenant_id`, `created_by`, `created_date`) VALUES (215509802372041604, 4, 'BUTTON', 1000071205067, :TENANT_ID, -1, '2024-03-27 12:18:48');
INSERT INTO `web_tag_target` (`id`, `tag_id`, `target_type`, `target_id`, `tenant_id`, `created_by`, `created_date`) VALUES (215509679965473544, 1, 'MENU', 1000071205058, :TENANT_ID, -1, '2024-03-27 12:17:00');
INSERT INTO `web_tag_target` (`id`, `tag_id`, `target_type`, `target_id`, `tenant_id`, `created_by`, `created_date`) VALUES (215509679965473545, 4, 'MENU', 1000071205058, :TENANT_ID, -1, '2024-03-27 12:17:00');
INSERT INTO `web_tag_target` (`id`, `tag_id`, `target_type`, `target_id`, `tenant_id`, `created_by`, `created_date`) VALUES (215509802372041595, 2, 'BUTTON', 1000071205060, :TENANT_ID, -1, '2024-03-27 12:17:45');
INSERT INTO `web_tag_target` (`id`, `tag_id`, `target_type`, `target_id`, `tenant_id`, `created_by`, `created_date`) VALUES (215509802372041596, 4, 'BUTTON', 1000071205060, :TENANT_ID, -1, '2024-03-27 12:17:45');
INSERT INTO `web_tag_target` (`id`, `tag_id`, `target_type`, `target_id`, `tenant_id`, `created_by`, `created_date`) VALUES (215509679965473550, 2, 'BUTTON', 1000071205063, :TENANT_ID, -1, '2024-03-27 12:18:13');
INSERT INTO `web_tag_target` (`id`, `tag_id`, `target_type`, `target_id`, `tenant_id`, `created_by`, `created_date`) VALUES (215509679965473551, 4, 'BUTTON', 1000071205063, :TENANT_ID, -1, '2024-03-27 12:18:13');
INSERT INTO `web_tag_target` (`id`, `tag_id`, `target_type`, `target_id`, `tenant_id`, `created_by`, `created_date`) VALUES (215509679965473546, 2, 'BUTTON', 1000071205059, :TENANT_ID, -1, '2024-03-27 12:17:36');
INSERT INTO `web_tag_target` (`id`, `tag_id`, `target_type`, `target_id`, `tenant_id`, `created_by`, `created_date`) VALUES (215509679965473547, 4, 'BUTTON', 1000071205059, :TENANT_ID, -1, '2024-03-27 12:17:36');
INSERT INTO `web_tag_target` (`id`, `tag_id`, `target_type`, `target_id`, `tenant_id`, `created_by`, `created_date`) VALUES (215509679965473548, 2, 'BUTTON', 1000071205062, :TENANT_ID, -1, '2024-03-27 12:18:05');
INSERT INTO `web_tag_target` (`id`, `tag_id`, `target_type`, `target_id`, `tenant_id`, `created_by`, `created_date`) VALUES (215509679965473549, 4, 'BUTTON', 1000071205062, :TENANT_ID, -1, '2024-03-27 12:18:05');
INSERT INTO `web_tag_target` (`id`, `tag_id`, `target_type`, `target_id`, `tenant_id`, `created_by`, `created_date`) VALUES (215509802372041597, 2, 'BUTTON', 1000071205061, :TENANT_ID, -1, '2024-03-27 12:17:55');
INSERT INTO `web_tag_target` (`id`, `tag_id`, `target_type`, `target_id`, `tenant_id`, `created_by`, `created_date`) VALUES (215509802372041598, 4, 'BUTTON', 1000071205061, :TENANT_ID, -1, '2024-03-27 12:17:55');
INSERT INTO `web_tag_target` (`id`, `tag_id`, `target_type`, `target_id`, `tenant_id`, `created_by`, `created_date`) VALUES (215509802372041599, 2, 'BUTTON', 1000071205064, :TENANT_ID, -1, '2024-03-27 12:18:23');
INSERT INTO `web_tag_target` (`id`, `tag_id`, `target_type`, `target_id`, `tenant_id`, `created_by`, `created_date`) VALUES (215509802372041600, 4, 'BUTTON', 1000071205064, :TENANT_ID, -1, '2024-03-27 12:18:23');
INSERT INTO `web_tag_target` (`id`, `tag_id`, `target_type`, `target_id`, `tenant_id`, `created_by`, `created_date`) VALUES (215509802372041567, 1, 'MENU', 1000071203003, :TENANT_ID, -1, '2024-03-27 12:11:45');
INSERT INTO `web_tag_target` (`id`, `tag_id`, `target_type`, `target_id`, `tenant_id`, `created_by`, `created_date`) VALUES (215509802372041568, 4, 'MENU', 1000071203003, :TENANT_ID, -1, '2024-03-27 12:11:45');
INSERT INTO `web_tag_target` (`id`, `tag_id`, `target_type`, `target_id`, `tenant_id`, `created_by`, `created_date`) VALUES (215509679965473528, 2, 'BUTTON', 1000071203008, :TENANT_ID, -1, '2024-03-27 12:12:13');
INSERT INTO `web_tag_target` (`id`, `tag_id`, `target_type`, `target_id`, `tenant_id`, `created_by`, `created_date`) VALUES (215509679965473529, 4, 'BUTTON', 1000071203008, :TENANT_ID, -1, '2024-03-27 12:12:13');
INSERT INTO `web_tag_target` (`id`, `tag_id`, `target_type`, `target_id`, `tenant_id`, `created_by`, `created_date`) VALUES (215509802372041569, 2, 'BUTTON', 1000071203007, :TENANT_ID, -1, '2024-03-27 12:12:03');
INSERT INTO `web_tag_target` (`id`, `tag_id`, `target_type`, `target_id`, `tenant_id`, `created_by`, `created_date`) VALUES (215509802372041570, 4, 'BUTTON', 1000071203007, :TENANT_ID, -1, '2024-03-27 12:12:03');
INSERT INTO `web_tag_target` (`id`, `tag_id`, `target_type`, `target_id`, `tenant_id`, `created_by`, `created_date`) VALUES (215509802372041513, 2, 'BUTTON', 1000071201027, :TENANT_ID, -1, '2024-03-27 12:04:18');
INSERT INTO `web_tag_target` (`id`, `tag_id`, `target_type`, `target_id`, `tenant_id`, `created_by`, `created_date`) VALUES (215509802372041514, 4, 'BUTTON', 1000071201027, :TENANT_ID, -1, '2024-03-27 12:04:18');
INSERT INTO `web_tag_target` (`id`, `tag_id`, `target_type`, `target_id`, `tenant_id`, `created_by`, `created_date`) VALUES (215509802372041563, 1, 'MENU', 1000071203002, :TENANT_ID, -1, '2024-03-27 12:11:06');
INSERT INTO `web_tag_target` (`id`, `tag_id`, `target_type`, `target_id`, `tenant_id`, `created_by`, `created_date`) VALUES (215509802372041564, 4, 'MENU', 1000071203002, :TENANT_ID, -1, '2024-03-27 12:11:06');
INSERT INTO `web_tag_target` (`id`, `tag_id`, `target_type`, `target_id`, `tenant_id`, `created_by`, `created_date`) VALUES (215509802372041489, 1, 'MENU', 1000071203001, :TENANT_ID, -1, '2024-03-27 12:00:30');
INSERT INTO `web_tag_target` (`id`, `tag_id`, `target_type`, `target_id`, `tenant_id`, `created_by`, `created_date`) VALUES (215509802372041490, 4, 'MENU', 1000071203001, :TENANT_ID, -1, '2024-03-27 12:00:30');
INSERT INTO `web_tag_target` (`id`, `tag_id`, `target_type`, `target_id`, `tenant_id`, `created_by`, `created_date`) VALUES (215509679965473524, 2, 'BUTTON', 1000071203005, :TENANT_ID, -1, '2024-03-27 12:11:26');
INSERT INTO `web_tag_target` (`id`, `tag_id`, `target_type`, `target_id`, `tenant_id`, `created_by`, `created_date`) VALUES (215509679965473525, 4, 'BUTTON', 1000071203005, :TENANT_ID, -1, '2024-03-27 12:11:26');
INSERT INTO `web_tag_target` (`id`, `tag_id`, `target_type`, `target_id`, `tenant_id`, `created_by`, `created_date`) VALUES (215509679965473526, 2, 'BUTTON', 1000071203006, :TENANT_ID, -1, '2024-03-27 12:11:34');
INSERT INTO `web_tag_target` (`id`, `tag_id`, `target_type`, `target_id`, `tenant_id`, `created_by`, `created_date`) VALUES (215509679965473527, 4, 'BUTTON', 1000071203006, :TENANT_ID, -1, '2024-03-27 12:11:34');
INSERT INTO `web_tag_target` (`id`, `tag_id`, `target_type`, `target_id`, `tenant_id`, `created_by`, `created_date`) VALUES (215509802372041565, 2, 'BUTTON', 1000071203004, :TENANT_ID, -1, '2024-03-27 12:11:17');
INSERT INTO `web_tag_target` (`id`, `tag_id`, `target_type`, `target_id`, `tenant_id`, `created_by`, `created_date`) VALUES (215509802372041566, 4, 'BUTTON', 1000071203004, :TENANT_ID, -1, '2024-03-27 12:11:17');
INSERT INTO `web_tag_target` (`id`, `tag_id`, `target_type`, `target_id`, `tenant_id`, `created_by`, `created_date`) VALUES (215509679965473582, 1, 'MENU', 1000071205017, :TENANT_ID, -1, '2024-03-27 12:25:05');
INSERT INTO `web_tag_target` (`id`, `tag_id`, `target_type`, `target_id`, `tenant_id`, `created_by`, `created_date`) VALUES (215509679965473583, 4, 'MENU', 1000071205017, :TENANT_ID, -1, '2024-03-27 12:25:05');
INSERT INTO `web_tag_target` (`id`, `tag_id`, `target_type`, `target_id`, `tenant_id`, `created_by`, `created_date`) VALUES (215509679965473578, 1, 'MENU', 1000071205020, :TENANT_ID, -1, '2024-03-27 12:24:24');
INSERT INTO `web_tag_target` (`id`, `tag_id`, `target_type`, `target_id`, `tenant_id`, `created_by`, `created_date`) VALUES (215509679965473579, 4, 'MENU', 1000071205020, :TENANT_ID, -1, '2024-03-27 12:24:24');
INSERT INTO `web_tag_target` (`id`, `tag_id`, `target_type`, `target_id`, `tenant_id`, `created_by`, `created_date`) VALUES (215509679965473454, 1, 'MENU', 1000071201001, :TENANT_ID, -1, '2024-03-27 12:00:17');
INSERT INTO `web_tag_target` (`id`, `tag_id`, `target_type`, `target_id`, `tenant_id`, `created_by`, `created_date`) VALUES (215509679965473455, 4, 'MENU', 1000071201001, :TENANT_ID, -1, '2024-03-27 12:00:17');
INSERT INTO `web_tag_target` (`id`, `tag_id`, `target_type`, `target_id`, `tenant_id`, `created_by`, `created_date`) VALUES (215509802372041541, 1, 'MENU', 1000071202002, :TENANT_ID, -1, '2024-03-27 12:08:18');
INSERT INTO `web_tag_target` (`id`, `tag_id`, `target_type`, `target_id`, `tenant_id`, `created_by`, `created_date`) VALUES (215509802372041542, 4, 'MENU', 1000071202002, :TENANT_ID, -1, '2024-03-27 12:08:18');
INSERT INTO `web_tag_target` (`id`, `tag_id`, `target_type`, `target_id`, `tenant_id`, `created_by`, `created_date`) VALUES (215509679965473510, 2, 'BUTTON', 1000071202004, :TENANT_ID, -1, '2024-03-27 12:08:36');
INSERT INTO `web_tag_target` (`id`, `tag_id`, `target_type`, `target_id`, `tenant_id`, `created_by`, `created_date`) VALUES (215509679965473511, 4, 'BUTTON', 1000071202004, :TENANT_ID, -1, '2024-03-27 12:08:36');
INSERT INTO `web_tag_target` (`id`, `tag_id`, `target_type`, `target_id`, `tenant_id`, `created_by`, `created_date`) VALUES (215509679965473512, 2, 'BUTTON', 1000071202007, :TENANT_ID, -1, '2024-03-27 12:08:58');
INSERT INTO `web_tag_target` (`id`, `tag_id`, `target_type`, `target_id`, `tenant_id`, `created_by`, `created_date`) VALUES (215509679965473513, 4, 'BUTTON', 1000071202007, :TENANT_ID, -1, '2024-03-27 12:08:58');
INSERT INTO `web_tag_target` (`id`, `tag_id`, `target_type`, `target_id`, `tenant_id`, `created_by`, `created_date`) VALUES (215509679965473518, 2, 'BUTTON', 1000071202015, :TENANT_ID, -1, '2024-03-27 12:10:00');
INSERT INTO `web_tag_target` (`id`, `tag_id`, `target_type`, `target_id`, `tenant_id`, `created_by`, `created_date`) VALUES (215509679965473519, 4, 'BUTTON', 1000071202015, :TENANT_ID, -1, '2024-03-27 12:10:00');
INSERT INTO `web_tag_target` (`id`, `tag_id`, `target_type`, `target_id`, `tenant_id`, `created_by`, `created_date`) VALUES (215509802372041545, 2, 'BUTTON', 1000071202006, :TENANT_ID, -1, '2024-03-27 12:08:51');
INSERT INTO `web_tag_target` (`id`, `tag_id`, `target_type`, `target_id`, `tenant_id`, `created_by`, `created_date`) VALUES (215509802372041546, 4, 'BUTTON', 1000071202006, :TENANT_ID, -1, '2024-03-27 12:08:51');
INSERT INTO `web_tag_target` (`id`, `tag_id`, `target_type`, `target_id`, `tenant_id`, `created_by`, `created_date`) VALUES (215509679965473514, 2, 'BUTTON', 1000071202008, :TENANT_ID, -1, '2024-03-27 12:09:09');
INSERT INTO `web_tag_target` (`id`, `tag_id`, `target_type`, `target_id`, `tenant_id`, `created_by`, `created_date`) VALUES (215509679965473515, 4, 'BUTTON', 1000071202008, :TENANT_ID, -1, '2024-03-27 12:09:09');
INSERT INTO `web_tag_target` (`id`, `tag_id`, `target_type`, `target_id`, `tenant_id`, `created_by`, `created_date`) VALUES (215509802372041559, 2, 'BUTTON', 1000071202019, :TENANT_ID, -1, '2024-03-27 12:10:36');
INSERT INTO `web_tag_target` (`id`, `tag_id`, `target_type`, `target_id`, `tenant_id`, `created_by`, `created_date`) VALUES (215509802372041560, 4, 'BUTTON', 1000071202019, :TENANT_ID, -1, '2024-03-27 12:10:36');
INSERT INTO `web_tag_target` (`id`, `tag_id`, `target_type`, `target_id`, `tenant_id`, `created_by`, `created_date`) VALUES (215509802372041561, 2, 'BUTTON', 1000071202020, :TENANT_ID, -1, '2024-03-27 12:10:43');
INSERT INTO `web_tag_target` (`id`, `tag_id`, `target_type`, `target_id`, `tenant_id`, `created_by`, `created_date`) VALUES (215509802372041562, 4, 'BUTTON', 1000071202020, :TENANT_ID, -1, '2024-03-27 12:10:43');
INSERT INTO `web_tag_target` (`id`, `tag_id`, `target_type`, `target_id`, `tenant_id`, `created_by`, `created_date`) VALUES (215509802372041617, 2, 'BUTTON', 1000071205032, :TENANT_ID, -1, '2024-03-27 12:22:09');
INSERT INTO `web_tag_target` (`id`, `tag_id`, `target_type`, `target_id`, `tenant_id`, `created_by`, `created_date`) VALUES (215509802372041618, 4, 'BUTTON', 1000071205032, :TENANT_ID, -1, '2024-03-27 12:22:09');
INSERT INTO `web_tag_target` (`id`, `tag_id`, `target_type`, `target_id`, `tenant_id`, `created_by`, `created_date`) VALUES (215509679965473566, 1, 'MENU', 1000071205012, :TENANT_ID, -1, '2024-03-27 12:22:28');
INSERT INTO `web_tag_target` (`id`, `tag_id`, `target_type`, `target_id`, `tenant_id`, `created_by`, `created_date`) VALUES (215509679965473567, 4, 'MENU', 1000071205012, :TENANT_ID, -1, '2024-03-27 12:22:28');
INSERT INTO `web_tag_target` (`id`, `tag_id`, `target_type`, `target_id`, `tenant_id`, `created_by`, `created_date`) VALUES (215509802372041613, 2, 'BUTTON', 1000071205030, :TENANT_ID, -1, '2024-03-27 12:21:27');
INSERT INTO `web_tag_target` (`id`, `tag_id`, `target_type`, `target_id`, `tenant_id`, `created_by`, `created_date`) VALUES (215509802372041614, 4, 'BUTTON', 1000071205030, :TENANT_ID, -1, '2024-03-27 12:21:27');
INSERT INTO `web_tag_target` (`id`, `tag_id`, `target_type`, `target_id`, `tenant_id`, `created_by`, `created_date`) VALUES (215509802372041585, 1, 'MENU', 1000071205005, :TENANT_ID, -1, '2024-03-27 12:15:14');
INSERT INTO `web_tag_target` (`id`, `tag_id`, `target_type`, `target_id`, `tenant_id`, `created_by`, `created_date`) VALUES (215509802372041586, 4, 'MENU', 1000071205005, :TENANT_ID, -1, '2024-03-27 12:15:14');
INSERT INTO `web_tag_target` (`id`, `tag_id`, `target_type`, `target_id`, `tenant_id`, `created_by`, `created_date`) VALUES (215509802372041627, 1, 'MENU', 1000071205022, :TENANT_ID, -1, '2024-03-27 12:24:49');
INSERT INTO `web_tag_target` (`id`, `tag_id`, `target_type`, `target_id`, `tenant_id`, `created_by`, `created_date`) VALUES (215509802372041628, 4, 'MENU', 1000071205022, :TENANT_ID, -1, '2024-03-27 12:24:49');
INSERT INTO `web_tag_target` (`id`, `tag_id`, `target_type`, `target_id`, `tenant_id`, `created_by`, `created_date`) VALUES (215509679965473464, 2, 'BUTTON', 1000071201008, :TENANT_ID, -1, '2024-03-27 12:01:25');
INSERT INTO `web_tag_target` (`id`, `tag_id`, `target_type`, `target_id`, `tenant_id`, `created_by`, `created_date`) VALUES (215509679965473465, 4, 'BUTTON', 1000071201008, :TENANT_ID, -1, '2024-03-27 12:01:25');
INSERT INTO `web_tag_target` (`id`, `tag_id`, `target_type`, `target_id`, `tenant_id`, `created_by`, `created_date`) VALUES (215509802372041623, 1, 'MENU', 1000071205013, :TENANT_ID, -1, '2024-03-27 12:23:24');
INSERT INTO `web_tag_target` (`id`, `tag_id`, `target_type`, `target_id`, `tenant_id`, `created_by`, `created_date`) VALUES (215509802372041624, 4, 'MENU', 1000071205013, :TENANT_ID, -1, '2024-03-27 12:23:24');
INSERT INTO `web_tag_target` (`id`, `tag_id`, `target_type`, `target_id`, `tenant_id`, `created_by`, `created_date`) VALUES (215509679965473572, 2, 'BUTTON', 1000071205048, :TENANT_ID, -1, '2024-03-27 12:23:33');
INSERT INTO `web_tag_target` (`id`, `tag_id`, `target_type`, `target_id`, `tenant_id`, `created_by`, `created_date`) VALUES (215509679965473573, 4, 'BUTTON', 1000071205048, :TENANT_ID, -1, '2024-03-27 12:23:33');
INSERT INTO `web_tag_target` (`id`, `tag_id`, `target_type`, `target_id`, `tenant_id`, `created_by`, `created_date`) VALUES (215509679965473552, 1, 'MENU', 1000071205023, :TENANT_ID, -1, '2024-03-27 12:19:26');
INSERT INTO `web_tag_target` (`id`, `tag_id`, `target_type`, `target_id`, `tenant_id`, `created_by`, `created_date`) VALUES (215509679965473553, 4, 'MENU', 1000071205023, :TENANT_ID, -1, '2024-03-27 12:19:26');
INSERT INTO `web_tag_target` (`id`, `tag_id`, `target_type`, `target_id`, `tenant_id`, `created_by`, `created_date`) VALUES (215509802372041607, 2, 'BUTTON', 1000071205045, :TENANT_ID, -1, '2024-03-27 12:19:42');
INSERT INTO `web_tag_target` (`id`, `tag_id`, `target_type`, `target_id`, `tenant_id`, `created_by`, `created_date`) VALUES (215509802372041608, 4, 'BUTTON', 1000071205045, :TENANT_ID, -1, '2024-03-27 12:19:42');
INSERT INTO `web_tag_target` (`id`, `tag_id`, `target_type`, `target_id`, `tenant_id`, `created_by`, `created_date`) VALUES (215509802372041609, 2, 'BUTTON', 1000071205046, :TENANT_ID, -1, '2024-03-27 12:19:53');
INSERT INTO `web_tag_target` (`id`, `tag_id`, `target_type`, `target_id`, `tenant_id`, `created_by`, `created_date`) VALUES (215509802372041610, 4, 'BUTTON', 1000071205046, :TENANT_ID, -1, '2024-03-27 12:19:53');
INSERT INTO `web_tag_target` (`id`, `tag_id`, `target_type`, `target_id`, `tenant_id`, `created_by`, `created_date`) VALUES (215509679965473554, 2, 'BUTTON', 1000071205044, :TENANT_ID, -1, '2024-03-27 12:19:34');
INSERT INTO `web_tag_target` (`id`, `tag_id`, `target_type`, `target_id`, `tenant_id`, `created_by`, `created_date`) VALUES (215509679965473555, 4, 'BUTTON', 1000071205044, :TENANT_ID, -1, '2024-03-27 12:19:34');
INSERT INTO `web_tag_target` (`id`, `tag_id`, `target_type`, `target_id`, `tenant_id`, `created_by`, `created_date`) VALUES (215509802372041605, 1, 'MENU', 1000071205008, :TENANT_ID, -1, '2024-03-27 12:19:01');
INSERT INTO `web_tag_target` (`id`, `tag_id`, `target_type`, `target_id`, `tenant_id`, `created_by`, `created_date`) VALUES (215509802372041606, 4, 'MENU', 1000071205008, :TENANT_ID, -1, '2024-03-27 12:19:01');
INSERT INTO `web_tag_target` (`id`, `tag_id`, `target_type`, `target_id`, `tenant_id`, `created_by`, `created_date`) VALUES (215509679965473560, 1, 'MENU', 1000071205066, :TENANT_ID, -1, '2024-03-27 12:20:33');
INSERT INTO `web_tag_target` (`id`, `tag_id`, `target_type`, `target_id`, `tenant_id`, `created_by`, `created_date`) VALUES (215509679965473561, 4, 'MENU', 1000071205066, :TENANT_ID, -1, '2024-03-27 12:20:33');
INSERT INTO `web_tag_target` (`id`, `tag_id`, `target_type`, `target_id`, `tenant_id`, `created_by`, `created_date`) VALUES (70742, 2, 'BUTTON', 1000071205068, :TENANT_ID, -1, '2024-01-02 11:28:02');
INSERT INTO `web_tag_target` (`id`, `tag_id`, `target_type`, `target_id`, `tenant_id`, `created_by`, `created_date`) VALUES (70743, 4, 'BUTTON', 1000071205068, :TENANT_ID, -1, '2024-01-02 11:28:02');
INSERT INTO `web_tag_target` (`id`, `tag_id`, `target_type`, `target_id`, `tenant_id`, `created_by`, `created_date`) VALUES (215509679965473556, 1, 'MENU', 1000071205024, :TENANT_ID, -1, '2024-03-27 12:20:05');
INSERT INTO `web_tag_target` (`id`, `tag_id`, `target_type`, `target_id`, `tenant_id`, `created_by`, `created_date`) VALUES (215509679965473557, 4, 'MENU', 1000071205024, :TENANT_ID, -1, '2024-03-27 12:20:05');
INSERT INTO `web_tag_target` (`id`, `tag_id`, `target_type`, `target_id`, `tenant_id`, `created_by`, `created_date`) VALUES (215509679965473558, 2, 'BUTTON', 1000071205047, :TENANT_ID, -1, '2024-03-27 12:20:17');
INSERT INTO `web_tag_target` (`id`, `tag_id`, `target_type`, `target_id`, `tenant_id`, `created_by`, `created_date`) VALUES (215509679965473559, 4, 'BUTTON', 1000071205047, :TENANT_ID, -1, '2024-03-27 12:20:17');
INSERT INTO `web_tag_target` (`id`, `tag_id`, `target_type`, `target_id`, `tenant_id`, `created_by`, `created_date`) VALUES (215509802372041583, 1, 'MENU', 1000071205004, :TENANT_ID, -1, '2024-03-27 12:15:06');
INSERT INTO `web_tag_target` (`id`, `tag_id`, `target_type`, `target_id`, `tenant_id`, `created_by`, `created_date`) VALUES (215509802372041584, 4, 'MENU', 1000071205004, :TENANT_ID, -1, '2024-03-27 12:15:06');
INSERT INTO `web_tag_target` (`id`, `tag_id`, `target_type`, `target_id`, `tenant_id`, `created_by`, `created_date`) VALUES (215509679965473470, 2, 'BUTTON', 1000071201012, :TENANT_ID, -1, '2024-03-27 12:01:56');
INSERT INTO `web_tag_target` (`id`, `tag_id`, `target_type`, `target_id`, `tenant_id`, `created_by`, `created_date`) VALUES (215509679965473471, 4, 'BUTTON', 1000071201012, :TENANT_ID, -1, '2024-03-27 12:01:56');
INSERT INTO `web_tag_target` (`id`, `tag_id`, `target_type`, `target_id`, `tenant_id`, `created_by`, `created_date`) VALUES (215509679965473584, 2, 'BUTTON', 1000071205050, :TENANT_ID, -1, '2024-03-27 12:25:18');
INSERT INTO `web_tag_target` (`id`, `tag_id`, `target_type`, `target_id`, `tenant_id`, `created_by`, `created_date`) VALUES (215509679965473585, 4, 'BUTTON', 1000071205050, :TENANT_ID, -1, '2024-03-27 12:25:18');
INSERT INTO `web_tag_target` (`id`, `tag_id`, `target_type`, `target_id`, `tenant_id`, `created_by`, `created_date`) VALUES (215509802372041631, 2, 'BUTTON', 1000071205053, :TENANT_ID, -1, '2024-03-27 12:25:59');
INSERT INTO `web_tag_target` (`id`, `tag_id`, `target_type`, `target_id`, `tenant_id`, `created_by`, `created_date`) VALUES (215509802372041632, 4, 'BUTTON', 1000071205053, :TENANT_ID, -1, '2024-03-27 12:25:59');
INSERT INTO `web_tag_target` (`id`, `tag_id`, `target_type`, `target_id`, `tenant_id`, `created_by`, `created_date`) VALUES (215509802372041629, 2, 'BUTTON', 1000071205052, :TENANT_ID, -1, '2024-03-27 12:25:49');
INSERT INTO `web_tag_target` (`id`, `tag_id`, `target_type`, `target_id`, `tenant_id`, `created_by`, `created_date`) VALUES (215509802372041630, 4, 'BUTTON', 1000071205052, :TENANT_ID, -1, '2024-03-27 12:25:49');
INSERT INTO `web_tag_target` (`id`, `tag_id`, `target_type`, `target_id`, `tenant_id`, `created_by`, `created_date`) VALUES (215509679965473458, 1, 'MENU', 1000071204001, :TENANT_ID, -1, '2024-03-27 12:00:37');
INSERT INTO `web_tag_target` (`id`, `tag_id`, `target_type`, `target_id`, `tenant_id`, `created_by`, `created_date`) VALUES (215509679965473459, 4, 'MENU', 1000071204001, :TENANT_ID, -1, '2024-03-27 12:00:37');
INSERT INTO `web_tag_target` (`id`, `tag_id`, `target_type`, `target_id`, `tenant_id`, `created_by`, `created_date`) VALUES (215509679965473530, 2, 'BUTTON', 1000071204011, :TENANT_ID, -1, '2024-03-27 12:13:25');
INSERT INTO `web_tag_target` (`id`, `tag_id`, `target_type`, `target_id`, `tenant_id`, `created_by`, `created_date`) VALUES (215509679965473531, 4, 'BUTTON', 1000071204011, :TENANT_ID, -1, '2024-03-27 12:13:25');
INSERT INTO `web_tag_target` (`id`, `tag_id`, `target_type`, `target_id`, `tenant_id`, `created_by`, `created_date`) VALUES (215509802372041573, 2, 'BUTTON', 1000071204012, :TENANT_ID, -1, '2024-03-27 12:13:33');
INSERT INTO `web_tag_target` (`id`, `tag_id`, `target_type`, `target_id`, `tenant_id`, `created_by`, `created_date`) VALUES (215509802372041574, 4, 'BUTTON', 1000071204012, :TENANT_ID, -1, '2024-03-27 12:13:33');
INSERT INTO `web_tag_target` (`id`, `tag_id`, `target_type`, `target_id`, `tenant_id`, `created_by`, `created_date`) VALUES (215509802372041571, 1, 'MENU', 1000071204005, :TENANT_ID, -1, '2024-03-27 12:12:34');
INSERT INTO `web_tag_target` (`id`, `tag_id`, `target_type`, `target_id`, `tenant_id`, `created_by`, `created_date`) VALUES (215509802372041572, 4, 'MENU', 1000071204005, :TENANT_ID, -1, '2024-03-27 12:12:34');
INSERT INTO `web_tag_target` (`id`, `tag_id`, `target_type`, `target_id`, `tenant_id`, `created_by`, `created_date`) VALUES (215509679965473532, 1, 'MENU', 1000071204006, :TENANT_ID, -1, '2024-03-27 12:14:00');
INSERT INTO `web_tag_target` (`id`, `tag_id`, `target_type`, `target_id`, `tenant_id`, `created_by`, `created_date`) VALUES (215509679965473533, 4, 'MENU', 1000071204006, :TENANT_ID, -1, '2024-03-27 12:14:00');
INSERT INTO `web_tag_target` (`id`, `tag_id`, `target_type`, `target_id`, `tenant_id`, `created_by`, `created_date`) VALUES (215509679965473460, 1, 'MENU', 1000071205001, :TENANT_ID, -1, '2024-03-27 12:00:45');
INSERT INTO `web_tag_target` (`id`, `tag_id`, `target_type`, `target_id`, `tenant_id`, `created_by`, `created_date`) VALUES (215509679965473461, 4, 'MENU', 1000071205001, :TENANT_ID, -1, '2024-03-27 12:00:45');
INSERT INTO `web_tag_target` (`id`, `tag_id`, `target_type`, `target_id`, `tenant_id`, `created_by`, `created_date`) VALUES (215509679965473580, 1, 'MENU', 1000071205021, :TENANT_ID, -1, '2024-03-27 12:24:35');
INSERT INTO `web_tag_target` (`id`, `tag_id`, `target_type`, `target_id`, `tenant_id`, `created_by`, `created_date`) VALUES (215509679965473581, 4, 'MENU', 1000071205021, :TENANT_ID, -1, '2024-03-27 12:24:35');
INSERT INTO `web_tag_target` (`id`, `tag_id`, `target_type`, `target_id`, `tenant_id`, `created_by`, `created_date`) VALUES (215509679965473590, 1, 'MENU', 1000071205019, :TENANT_ID, -1, '2024-03-27 12:26:11');
INSERT INTO `web_tag_target` (`id`, `tag_id`, `target_type`, `target_id`, `tenant_id`, `created_by`, `created_date`) VALUES (215509679965473591, 4, 'MENU', 1000071205019, :TENANT_ID, -1, '2024-03-27 12:26:11');
INSERT INTO `web_tag_target` (`id`, `tag_id`, `target_type`, `target_id`, `tenant_id`, `created_by`, `created_date`) VALUES (215509679965473592, 2, 'BUTTON', 1000071205056, :TENANT_ID, -1, '2024-03-27 12:26:44');
INSERT INTO `web_tag_target` (`id`, `tag_id`, `target_type`, `target_id`, `tenant_id`, `created_by`, `created_date`) VALUES (215509679965473593, 4, 'BUTTON', 1000071205056, :TENANT_ID, -1, '2024-03-27 12:26:44');
INSERT INTO `web_tag_target` (`id`, `tag_id`, `target_type`, `target_id`, `tenant_id`, `created_by`, `created_date`) VALUES (215509802372041633, 2, 'BUTTON', 1000071205054, :TENANT_ID, -1, '2024-03-27 12:26:24');
INSERT INTO `web_tag_target` (`id`, `tag_id`, `target_type`, `target_id`, `tenant_id`, `created_by`, `created_date`) VALUES (215509802372041634, 4, 'BUTTON', 1000071205054, :TENANT_ID, -1, '2024-03-27 12:26:24');
INSERT INTO `web_tag_target` (`id`, `tag_id`, `target_type`, `target_id`, `tenant_id`, `created_by`, `created_date`) VALUES (215509802372041637, 2, 'BUTTON', 1000071205057, :TENANT_ID, -1, '2024-03-27 12:26:52');
INSERT INTO `web_tag_target` (`id`, `tag_id`, `target_type`, `target_id`, `tenant_id`, `created_by`, `created_date`) VALUES (215509802372041638, 4, 'BUTTON', 1000071205057, :TENANT_ID, -1, '2024-03-27 12:26:52');
INSERT INTO `web_tag_target` (`id`, `tag_id`, `target_type`, `target_id`, `tenant_id`, `created_by`, `created_date`) VALUES (215509802372041635, 2, 'BUTTON', 1000071205055, :TENANT_ID, -1, '2024-03-27 12:26:34');
INSERT INTO `web_tag_target` (`id`, `tag_id`, `target_type`, `target_id`, `tenant_id`, `created_by`, `created_date`) VALUES (215509802372041636, 4, 'BUTTON', 1000071205055, :TENANT_ID, -1, '2024-03-27 12:26:34');
INSERT INTO `web_tag_target` (`id`, `tag_id`, `target_type`, `target_id`, `tenant_id`, `created_by`, `created_date`) VALUES (215509679965473534, 1, 'MENU', 1000071205002, :TENANT_ID, -1, '2024-03-27 12:14:57');
INSERT INTO `web_tag_target` (`id`, `tag_id`, `target_type`, `target_id`, `tenant_id`, `created_by`, `created_date`) VALUES (215509679965473535, 4, 'MENU', 1000071205002, :TENANT_ID, -1, '2024-03-27 12:14:57');
INSERT INTO `web_tag_target` (`id`, `tag_id`, `target_type`, `target_id`, `tenant_id`, `created_by`, `created_date`) VALUES (215509802372041521, 1, 'MENU', 1000071201005, :TENANT_ID, -1, '2024-03-27 12:05:04');
INSERT INTO `web_tag_target` (`id`, `tag_id`, `target_type`, `target_id`, `tenant_id`, `created_by`, `created_date`) VALUES (215509802372041522, 4, 'MENU', 1000071201005, :TENANT_ID, -1, '2024-03-27 12:05:04');
INSERT INTO `web_tag_target` (`id`, `tag_id`, `target_type`, `target_id`, `tenant_id`, `created_by`, `created_date`) VALUES (215509802372041533, 2, 'BUTTON', 1000071201041, :TENANT_ID, -1, '2024-03-27 12:06:56');
INSERT INTO `web_tag_target` (`id`, `tag_id`, `target_type`, `target_id`, `tenant_id`, `created_by`, `created_date`) VALUES (215509802372041534, 4, 'BUTTON', 1000071201041, :TENANT_ID, -1, '2024-03-27 12:06:56');
INSERT INTO `web_tag_target` (`id`, `tag_id`, `target_type`, `target_id`, `tenant_id`, `created_by`, `created_date`) VALUES (215509679965473500, 2, 'BUTTON', 1000071201043, :TENANT_ID, -1, '2024-03-27 12:07:13');
INSERT INTO `web_tag_target` (`id`, `tag_id`, `target_type`, `target_id`, `tenant_id`, `created_by`, `created_date`) VALUES (215509679965473501, 4, 'BUTTON', 1000071201043, :TENANT_ID, -1, '2024-03-27 12:07:13');
INSERT INTO `web_tag_target` (`id`, `tag_id`, `target_type`, `target_id`, `tenant_id`, `created_by`, `created_date`) VALUES (215509679965473502, 2, 'BUTTON', 1000071201046, :TENANT_ID, -1, '2024-03-27 12:07:35');
INSERT INTO `web_tag_target` (`id`, `tag_id`, `target_type`, `target_id`, `tenant_id`, `created_by`, `created_date`) VALUES (215509679965473503, 4, 'BUTTON', 1000071201046, :TENANT_ID, -1, '2024-03-27 12:07:35');
INSERT INTO `web_tag_target` (`id`, `tag_id`, `target_type`, `target_id`, `tenant_id`, `created_by`, `created_date`) VALUES (215509679965473504, 2, 'BUTTON', 1000071201047, :TENANT_ID, -1, '2024-03-27 12:07:45');
INSERT INTO `web_tag_target` (`id`, `tag_id`, `target_type`, `target_id`, `tenant_id`, `created_by`, `created_date`) VALUES (215509679965473505, 4, 'BUTTON', 1000071201047, :TENANT_ID, -1, '2024-03-27 12:07:45');
INSERT INTO `web_tag_target` (`id`, `tag_id`, `target_type`, `target_id`, `tenant_id`, `created_by`, `created_date`) VALUES (215509679965473506, 2, 'BUTTON', 1000071201048, :TENANT_ID, -1, '2024-03-27 12:07:53');
INSERT INTO `web_tag_target` (`id`, `tag_id`, `target_type`, `target_id`, `tenant_id`, `created_by`, `created_date`) VALUES (215509679965473507, 4, 'BUTTON', 1000071201048, :TENANT_ID, -1, '2024-03-27 12:07:53');
INSERT INTO `web_tag_target` (`id`, `tag_id`, `target_type`, `target_id`, `tenant_id`, `created_by`, `created_date`) VALUES (215509802372041539, 2, 'BUTTON', 1000071201049, :TENANT_ID, -1, '2024-03-27 12:08:01');
INSERT INTO `web_tag_target` (`id`, `tag_id`, `target_type`, `target_id`, `tenant_id`, `created_by`, `created_date`) VALUES (215509802372041540, 4, 'BUTTON', 1000071201049, :TENANT_ID, -1, '2024-03-27 12:08:01');
INSERT INTO `web_tag_target` (`id`, `tag_id`, `target_type`, `target_id`, `tenant_id`, `created_by`, `created_date`) VALUES (215509679965473498, 2, 'BUTTON', 1000071201042, :TENANT_ID, -1, '2024-03-27 12:07:05');
INSERT INTO `web_tag_target` (`id`, `tag_id`, `target_type`, `target_id`, `tenant_id`, `created_by`, `created_date`) VALUES (215509679965473499, 4, 'BUTTON', 1000071201042, :TENANT_ID, -1, '2024-03-27 12:07:05');
INSERT INTO `web_tag_target` (`id`, `tag_id`, `target_type`, `target_id`, `tenant_id`, `created_by`, `created_date`) VALUES (215509802372041535, 2, 'BUTTON', 1000071201044, :TENANT_ID, -1, '2024-03-27 12:07:20');
INSERT INTO `web_tag_target` (`id`, `tag_id`, `target_type`, `target_id`, `tenant_id`, `created_by`, `created_date`) VALUES (215509802372041536, 4, 'BUTTON', 1000071201044, :TENANT_ID, -1, '2024-03-27 12:07:20');
INSERT INTO `web_tag_target` (`id`, `tag_id`, `target_type`, `target_id`, `tenant_id`, `created_by`, `created_date`) VALUES (215509802372041537, 2, 'BUTTON', 1000071201045, :TENANT_ID, -1, '2024-03-27 12:07:28');
INSERT INTO `web_tag_target` (`id`, `tag_id`, `target_type`, `target_id`, `tenant_id`, `created_by`, `created_date`) VALUES (215509802372041538, 4, 'BUTTON', 1000071201045, :TENANT_ID, -1, '2024-03-27 12:07:28');
INSERT INTO `web_tag_target` (`id`, `tag_id`, `target_type`, `target_id`, `tenant_id`, `created_by`, `created_date`) VALUES (215509679965473588, 2, 'BUTTON', 1000071205051, :TENANT_ID, -1, '2024-03-27 12:25:39');
INSERT INTO `web_tag_target` (`id`, `tag_id`, `target_type`, `target_id`, `tenant_id`, `created_by`, `created_date`) VALUES (215509679965473589, 4, 'BUTTON', 1000071205051, :TENANT_ID, -1, '2024-03-27 12:25:39');
INSERT INTO `web_tag_target` (`id`, `tag_id`, `target_type`, `target_id`, `tenant_id`, `created_by`, `created_date`) VALUES (215509679965473462, 1, 'MENU', 1000071201002, :TENANT_ID, -1, '2024-03-27 12:00:56');
INSERT INTO `web_tag_target` (`id`, `tag_id`, `target_type`, `target_id`, `tenant_id`, `created_by`, `created_date`) VALUES (215509679965473463, 4, 'MENU', 1000071201002, :TENANT_ID, -1, '2024-03-27 12:00:56');
INSERT INTO `web_tag_target` (`id`, `tag_id`, `target_type`, `target_id`, `tenant_id`, `created_by`, `created_date`) VALUES (215509802372041491, 2, 'BUTTON', 1000071201006, :TENANT_ID, -1, '2024-03-27 12:01:08');
INSERT INTO `web_tag_target` (`id`, `tag_id`, `target_type`, `target_id`, `tenant_id`, `created_by`, `created_date`) VALUES (215509802372041492, 4, 'BUTTON', 1000071201006, :TENANT_ID, -1, '2024-03-27 12:01:08');
INSERT INTO `web_tag_target` (`id`, `tag_id`, `target_type`, `target_id`, `tenant_id`, `created_by`, `created_date`) VALUES (215509679965473476, 2, 'BUTTON', 1000071201020, :TENANT_ID, -1, '2024-03-27 12:03:07');
INSERT INTO `web_tag_target` (`id`, `tag_id`, `target_type`, `target_id`, `tenant_id`, `created_by`, `created_date`) VALUES (215509679965473477, 4, 'BUTTON', 1000071201020, :TENANT_ID, -1, '2024-03-27 12:03:07');
INSERT INTO `web_tag_target` (`id`, `tag_id`, `target_type`, `target_id`, `tenant_id`, `created_by`, `created_date`) VALUES (215509679965473466, 2, 'BUTTON', 1000071201010, :TENANT_ID, -1, '2024-03-27 12:01:40');
INSERT INTO `web_tag_target` (`id`, `tag_id`, `target_type`, `target_id`, `tenant_id`, `created_by`, `created_date`) VALUES (215509679965473467, 4, 'BUTTON', 1000071201010, :TENANT_ID, -1, '2024-03-27 12:01:40');
INSERT INTO `web_tag_target` (`id`, `tag_id`, `target_type`, `target_id`, `tenant_id`, `created_by`, `created_date`) VALUES (215509802372041497, 2, 'BUTTON', 1000071201013, :TENANT_ID, -1, '2024-03-27 12:02:05');
INSERT INTO `web_tag_target` (`id`, `tag_id`, `target_type`, `target_id`, `tenant_id`, `created_by`, `created_date`) VALUES (215509802372041498, 4, 'BUTTON', 1000071201013, :TENANT_ID, -1, '2024-03-27 12:02:05');
INSERT INTO `web_tag_target` (`id`, `tag_id`, `target_type`, `target_id`, `tenant_id`, `created_by`, `created_date`) VALUES (215509802372041499, 2, 'BUTTON', 1000071201014, :TENANT_ID, -1, '2024-03-27 12:02:17');
INSERT INTO `web_tag_target` (`id`, `tag_id`, `target_type`, `target_id`, `tenant_id`, `created_by`, `created_date`) VALUES (215509802372041500, 4, 'BUTTON', 1000071201014, :TENANT_ID, -1, '2024-03-27 12:02:17');
INSERT INTO `web_tag_target` (`id`, `tag_id`, `target_type`, `target_id`, `tenant_id`, `created_by`, `created_date`) VALUES (215509679965473478, 2, 'BUTTON', 1000071201021, :TENANT_ID, -1, '2024-03-27 12:03:14');
INSERT INTO `web_tag_target` (`id`, `tag_id`, `target_type`, `target_id`, `tenant_id`, `created_by`, `created_date`) VALUES (215509679965473479, 4, 'BUTTON', 1000071201021, :TENANT_ID, -1, '2024-03-27 12:03:14');
INSERT INTO `web_tag_target` (`id`, `tag_id`, `target_type`, `target_id`, `tenant_id`, `created_by`, `created_date`) VALUES (215509802372041495, 2, 'BUTTON', 1000071201009, :TENANT_ID, -1, '2024-03-27 12:01:32');
INSERT INTO `web_tag_target` (`id`, `tag_id`, `target_type`, `target_id`, `tenant_id`, `created_by`, `created_date`) VALUES (215509802372041496, 4, 'BUTTON', 1000071201009, :TENANT_ID, -1, '2024-03-27 12:01:32');
INSERT INTO `web_tag_target` (`id`, `tag_id`, `target_type`, `target_id`, `tenant_id`, `created_by`, `created_date`) VALUES (215509802372041501, 2, 'BUTTON', 1000071201015, :TENANT_ID, -1, '2024-03-27 12:02:28');
INSERT INTO `web_tag_target` (`id`, `tag_id`, `target_type`, `target_id`, `tenant_id`, `created_by`, `created_date`) VALUES (215509802372041502, 4, 'BUTTON', 1000071201015, :TENANT_ID, -1, '2024-03-27 12:02:28');
INSERT INTO `web_tag_target` (`id`, `tag_id`, `target_type`, `target_id`, `tenant_id`, `created_by`, `created_date`) VALUES (215509802372041503, 2, 'BUTTON', 1000071201016, :TENANT_ID, -1, '2024-03-27 12:02:36');
INSERT INTO `web_tag_target` (`id`, `tag_id`, `target_type`, `target_id`, `tenant_id`, `created_by`, `created_date`) VALUES (215509802372041504, 4, 'BUTTON', 1000071201016, :TENANT_ID, -1, '2024-03-27 12:02:36');
INSERT INTO `web_tag_target` (`id`, `tag_id`, `target_type`, `target_id`, `tenant_id`, `created_by`, `created_date`) VALUES (215509802372041493, 2, 'BUTTON', 1000071201007, :TENANT_ID, -1, '2024-03-27 12:01:16');
INSERT INTO `web_tag_target` (`id`, `tag_id`, `target_type`, `target_id`, `tenant_id`, `created_by`, `created_date`) VALUES (215509802372041494, 4, 'BUTTON', 1000071201007, :TENANT_ID, -1, '2024-03-27 12:01:16');
INSERT INTO `web_tag_target` (`id`, `tag_id`, `target_type`, `target_id`, `tenant_id`, `created_by`, `created_date`) VALUES (215509679965473472, 2, 'BUTTON', 1000071201017, :TENANT_ID, -1, '2024-03-27 12:02:42');
INSERT INTO `web_tag_target` (`id`, `tag_id`, `target_type`, `target_id`, `tenant_id`, `created_by`, `created_date`) VALUES (215509679965473473, 4, 'BUTTON', 1000071201017, :TENANT_ID, -1, '2024-03-27 12:02:42');
INSERT INTO `web_tag_target` (`id`, `tag_id`, `target_type`, `target_id`, `tenant_id`, `created_by`, `created_date`) VALUES (215509679965473474, 2, 'BUTTON', 1000071201018, :TENANT_ID, -1, '2024-03-27 12:02:51');
INSERT INTO `web_tag_target` (`id`, `tag_id`, `target_type`, `target_id`, `tenant_id`, `created_by`, `created_date`) VALUES (215509679965473475, 4, 'BUTTON', 1000071201018, :TENANT_ID, -1, '2024-03-27 12:02:51');
INSERT INTO `web_tag_target` (`id`, `tag_id`, `target_type`, `target_id`, `tenant_id`, `created_by`, `created_date`) VALUES (215509802372041575, 2, 'BUTTON', 1000071204013, :TENANT_ID, -1, '2024-03-27 12:13:41');
INSERT INTO `web_tag_target` (`id`, `tag_id`, `target_type`, `target_id`, `tenant_id`, `created_by`, `created_date`) VALUES (215509802372041576, 4, 'BUTTON', 1000071204013, :TENANT_ID, -1, '2024-03-27 12:13:41');
INSERT INTO `web_tag_target` (`id`, `tag_id`, `target_type`, `target_id`, `tenant_id`, `created_by`, `created_date`) VALUES (215509802372041577, 2, 'BUTTON', 1000071204014, :TENANT_ID, -1, '2024-03-27 12:13:49');
INSERT INTO `web_tag_target` (`id`, `tag_id`, `target_type`, `target_id`, `tenant_id`, `created_by`, `created_date`) VALUES (215509802372041578, 4, 'BUTTON', 1000071204014, :TENANT_ID, -1, '2024-03-27 12:13:49');
INSERT INTO `web_tag_target` (`id`, `tag_id`, `target_type`, `target_id`, `tenant_id`, `created_by`, `created_date`) VALUES (222636594077630501, 2, 'BUTTON', 1000071202021, :TENANT_ID, -1, '2024-04-18 12:40:44');
INSERT INTO `web_tag_target` (`id`, `tag_id`, `target_type`, `target_id`, `tenant_id`, `created_by`, `created_date`) VALUES (222636594077630502, 4, 'BUTTON', 1000071202021, :TENANT_ID, -1, '2024-04-18 12:40:44');
-- App Tag
INSERT INTO `web_tag_target` (`id`, `tag_id`, `target_type`, `target_id`, `tenant_id`, `created_by`, `created_date`) VALUES (220404475951580941, 7, 'APP', 100007, :TENANT_ID, -1, '2024-04-10 22:15:37');

-- Clear dirty data
DELETE FROM web_tag_target WHERE tag_id NOT IN (SELECT id FROM web_tag);

-- ----------------------------
-- Table data for app_open
-- ----------------------------
INSERT INTO `app_open` (`id`, `app_id`, `app_code`, `app_type`, `edition_type`, `version`, `client_id`, `tenant_id`, `user_id`, `open_date`, `expiration_date`, `expiration_deleted`, `op_client_open`, `created_date`) VALUES (1, 100007, 'AngusGM', 'BASE_APP', 'ENTERPRISE', '1.0.0', 'xcan_tp', :TENANT_ID, -1, ':GM_APP_OPEN_DATE', ':GM_APP_EXPIRATION_DATE', 0, 0, '2024-01-01 00:00:00');

-- ----------------------------
-- Table data for auth_policy
-- ----------------------------
INSERT INTO `auth_policy` (`id`, `name`, `code`, `enabled`, `type`, `default0`, `grant_stage`, `description`, `app_id`, `client_id`, `tenant_id`, `created_by`, `created_date`, `last_modified_by`, `last_modified_date`) VALUES (128001, '应用管理员', 'GM_ADMIN', 1, 'PRE_DEFINED', 1, 'SIGNUP_SUCCESS', '拥有“全局管理”应用所有的功能权限。', 100007, 'xcan_tp', :TENANT_ID, -1, '2024-01-01 00:00:00', -1, '2024-01-01 00:00:00');
INSERT INTO `auth_policy` (`id`, `name`, `code`, `enabled`, `type`, `default0`, `grant_stage`, `description`, `app_id`, `client_id`, `tenant_id`, `created_by`, `created_date`, `last_modified_by`, `last_modified_date`) VALUES (128002, '一般用户', 'GM_USER', 1, 'PRE_DEFINED', 1, 'SIGNUP_SUCCESS', '拥有“全局管理”应用普通的操作权限，无法进行“删除、重置、设置身份”等重要操作。', 100007, 'xcan_tp', :TENANT_ID, -1, '2024-01-01 00:00:00', -1, '2024-01-01 00:00:00');
INSERT INTO `auth_policy` (`id`, `name`, `code`, `enabled`, `type`, `default0`, `grant_stage`, `description`, `app_id`, `client_id`, `tenant_id`, `created_by`, `created_date`, `last_modified_by`, `last_modified_date`) VALUES (128003, '访客', 'GM_GUEST', 1, 'PRE_DEFINED', 1, 'SIGNUP_SUCCESS', '拥有进入“全局管理”应用的查看权限，无法进行功能操作。', 100007, 'xcan_tp', :TENANT_ID, -1, '2024-01-01 00:00:00', -1, '2024-01-01 00:00:00');

-- ----------------------------
-- Table data for auth_policy_func
-- ----------------------------
INSERT INTO `auth_policy_func` (`id`, `policy_id`, `app_id`, `func_id`, `func_type`, `tenant_id`, `created_by`, `created_date`) VALUES (219427254927622166, 128001, 100007, 1000071205018, 'MENU', :TENANT_ID, -1, '2024-03-28 15:05:36');
INSERT INTO `auth_policy_func` (`id`, `policy_id`, `app_id`, `func_id`, `func_type`, `tenant_id`, `created_by`, `created_date`) VALUES (219427254927622167, 128001, 100007, 1000071205014, 'MENU', :TENANT_ID, -1, '2024-03-28 15:05:36');
INSERT INTO `auth_policy_func` (`id`, `policy_id`, `app_id`, `func_id`, `func_type`, `tenant_id`, `created_by`, `created_date`) VALUES (219427254927622168, 128001, 100007, 1000071205049, 'BUTTON', :TENANT_ID, -1, '2024-03-28 15:05:36');
INSERT INTO `auth_policy_func` (`id`, `policy_id`, `app_id`, `func_id`, `func_type`, `tenant_id`, `created_by`, `created_date`) VALUES (219427254927622169, 128001, 100007, 1000071205016, 'MENU', :TENANT_ID, -1, '2024-03-28 15:05:36');
INSERT INTO `auth_policy_func` (`id`, `policy_id`, `app_id`, `func_id`, `func_type`, `tenant_id`, `created_by`, `created_date`) VALUES (219427254927622170, 128001, 100007, 1000071202011, 'BUTTON', :TENANT_ID, -1, '2024-03-28 15:05:36');
INSERT INTO `auth_policy_func` (`id`, `policy_id`, `app_id`, `func_id`, `func_type`, `tenant_id`, `created_by`, `created_date`) VALUES (219427254927622171, 128001, 100007, 1000071202012, 'BUTTON', :TENANT_ID, -1, '2024-03-28 15:05:36');
INSERT INTO `auth_policy_func` (`id`, `policy_id`, `app_id`, `func_id`, `func_type`, `tenant_id`, `created_by`, `created_date`) VALUES (219427254927622172, 128001, 100007, 1000071202013, 'BUTTON', :TENANT_ID, -1, '2024-03-28 15:05:36');
INSERT INTO `auth_policy_func` (`id`, `policy_id`, `app_id`, `func_id`, `func_type`, `tenant_id`, `created_by`, `created_date`) VALUES (219427254927622173, 128001, 100007, 1000071202014, 'BUTTON', :TENANT_ID, -1, '2024-03-28 15:05:36');
INSERT INTO `auth_policy_func` (`id`, `policy_id`, `app_id`, `func_id`, `func_type`, `tenant_id`, `created_by`, `created_date`) VALUES (219427254927622174, 128001, 100007, 1000071202009, 'BUTTON', :TENANT_ID, -1, '2024-03-28 15:05:36');
INSERT INTO `auth_policy_func` (`id`, `policy_id`, `app_id`, `func_id`, `func_type`, `tenant_id`, `created_by`, `created_date`) VALUES (219427254927622175, 128001, 100007, 1000071202010, 'BUTTON', :TENANT_ID, -1, '2024-03-28 15:05:36');
INSERT INTO `auth_policy_func` (`id`, `policy_id`, `app_id`, `func_id`, `func_type`, `tenant_id`, `created_by`, `created_date`) VALUES (219427254927622176, 128001, 100007, 1000071202005, 'BUTTON', :TENANT_ID, -1, '2024-03-28 15:05:36');
INSERT INTO `auth_policy_func` (`id`, `policy_id`, `app_id`, `func_id`, `func_type`, `tenant_id`, `created_by`, `created_date`) VALUES (219427254927622177, 128001, 100007, 1000071202017, 'BUTTON', :TENANT_ID, -1, '2024-03-28 15:05:36');
INSERT INTO `auth_policy_func` (`id`, `policy_id`, `app_id`, `func_id`, `func_type`, `tenant_id`, `created_by`, `created_date`) VALUES (219427254927622178, 128001, 100007, 1000071202018, 'BUTTON', :TENANT_ID, -1, '2024-03-28 15:05:36');
INSERT INTO `auth_policy_func` (`id`, `policy_id`, `app_id`, `func_id`, `func_type`, `tenant_id`, `created_by`, `created_date`) VALUES (219427254927622179, 128001, 100007, 1000071201019, 'BUTTON', :TENANT_ID, -1, '2024-03-28 15:05:36');
INSERT INTO `auth_policy_func` (`id`, `policy_id`, `app_id`, `func_id`, `func_type`, `tenant_id`, `created_by`, `created_date`) VALUES (219427254927622180, 128001, 100007, 1000071202016, 'BUTTON', :TENANT_ID, -1, '2024-03-28 15:05:36');
INSERT INTO `auth_policy_func` (`id`, `policy_id`, `app_id`, `func_id`, `func_type`, `tenant_id`, `created_by`, `created_date`) VALUES (219427254927622181, 128001, 100007, 1000071202003, 'MENU', :TENANT_ID, -1, '2024-03-28 15:05:36');
INSERT INTO `auth_policy_func` (`id`, `policy_id`, `app_id`, `func_id`, `func_type`, `tenant_id`, `created_by`, `created_date`) VALUES (219427254927622182, 128001, 100007, 1000071201038, 'BUTTON', :TENANT_ID, -1, '2024-03-28 15:05:36');
INSERT INTO `auth_policy_func` (`id`, `policy_id`, `app_id`, `func_id`, `func_type`, `tenant_id`, `created_by`, `created_date`) VALUES (219427254927622183, 128001, 100007, 1000071205069, 'BUTTON', :TENANT_ID, -1, '2024-03-28 15:05:36');
INSERT INTO `auth_policy_func` (`id`, `policy_id`, `app_id`, `func_id`, `func_type`, `tenant_id`, `created_by`, `created_date`) VALUES (219427254927622184, 128001, 100007, 1000071205070, 'BUTTON', :TENANT_ID, -1, '2024-03-28 15:05:36');
INSERT INTO `auth_policy_func` (`id`, `policy_id`, `app_id`, `func_id`, `func_type`, `tenant_id`, `created_by`, `created_date`) VALUES (219427254927622185, 128001, 100007, 1000071205071, 'BUTTON', :TENANT_ID, -1, '2024-03-28 15:05:36');
INSERT INTO `auth_policy_func` (`id`, `policy_id`, `app_id`, `func_id`, `func_type`, `tenant_id`, `created_by`, `created_date`) VALUES (219427254927622186, 128001, 100007, 1000071205072, 'BUTTON', :TENANT_ID, -1, '2024-03-28 15:05:36');
INSERT INTO `auth_policy_func` (`id`, `policy_id`, `app_id`, `func_id`, `func_type`, `tenant_id`, `created_by`, `created_date`) VALUES (219427254927622187, 128001, 100007, 1000071201003, 'MENU', :TENANT_ID, -1, '2024-03-28 15:05:36');
INSERT INTO `auth_policy_func` (`id`, `policy_id`, `app_id`, `func_id`, `func_type`, `tenant_id`, `created_by`, `created_date`) VALUES (219427254927622188, 128001, 100007, 1000071201022, 'BUTTON', :TENANT_ID, -1, '2024-03-28 15:05:36');
INSERT INTO `auth_policy_func` (`id`, `policy_id`, `app_id`, `func_id`, `func_type`, `tenant_id`, `created_by`, `created_date`) VALUES (219427254927622189, 128001, 100007, 1000071201030, 'BUTTON', :TENANT_ID, -1, '2024-03-28 15:05:36');
INSERT INTO `auth_policy_func` (`id`, `policy_id`, `app_id`, `func_id`, `func_type`, `tenant_id`, `created_by`, `created_date`) VALUES (219427254927622190, 128001, 100007, 1000071201031, 'BUTTON', :TENANT_ID, -1, '2024-03-28 15:05:36');
INSERT INTO `auth_policy_func` (`id`, `policy_id`, `app_id`, `func_id`, `func_type`, `tenant_id`, `created_by`, `created_date`) VALUES (219427254927622191, 128001, 100007, 1000071201025, 'BUTTON', :TENANT_ID, -1, '2024-03-28 15:05:36');
INSERT INTO `auth_policy_func` (`id`, `policy_id`, `app_id`, `func_id`, `func_type`, `tenant_id`, `created_by`, `created_date`) VALUES (219427254927622192, 128001, 100007, 1000071201024, 'BUTTON', :TENANT_ID, -1, '2024-03-28 15:05:36');
INSERT INTO `auth_policy_func` (`id`, `policy_id`, `app_id`, `func_id`, `func_type`, `tenant_id`, `created_by`, `created_date`) VALUES (219427254927622193, 128001, 100007, 1000071201023, 'BUTTON', :TENANT_ID, -1, '2024-03-28 15:05:36');
INSERT INTO `auth_policy_func` (`id`, `policy_id`, `app_id`, `func_id`, `func_type`, `tenant_id`, `created_by`, `created_date`) VALUES (219427254927622194, 128001, 100007, 1000071201026, 'BUTTON', :TENANT_ID, -1, '2024-03-28 15:05:36');
INSERT INTO `auth_policy_func` (`id`, `policy_id`, `app_id`, `func_id`, `func_type`, `tenant_id`, `created_by`, `created_date`) VALUES (219427254927622195, 128001, 100007, 1000071201028, 'BUTTON', :TENANT_ID, -1, '2024-03-28 15:05:36');
INSERT INTO `auth_policy_func` (`id`, `policy_id`, `app_id`, `func_id`, `func_type`, `tenant_id`, `created_by`, `created_date`) VALUES (219427254927622196, 128001, 100007, 1000071201029, 'BUTTON', :TENANT_ID, -1, '2024-03-28 15:05:36');
INSERT INTO `auth_policy_func` (`id`, `policy_id`, `app_id`, `func_id`, `func_type`, `tenant_id`, `created_by`, `created_date`) VALUES (219427254927622197, 128001, 100007, 1000071205031, 'BUTTON', :TENANT_ID, -1, '2024-03-28 15:05:36');
INSERT INTO `auth_policy_func` (`id`, `policy_id`, `app_id`, `func_id`, `func_type`, `tenant_id`, `created_by`, `created_date`) VALUES (219427254927622198, 128001, 100007, 1000071205010, 'MENU', :TENANT_ID, -1, '2024-03-28 15:05:36');
INSERT INTO `auth_policy_func` (`id`, `policy_id`, `app_id`, `func_id`, `func_type`, `tenant_id`, `created_by`, `created_date`) VALUES (219427254927622199, 128001, 100007, 1000071205009, 'MENU', :TENANT_ID, -1, '2024-03-28 15:05:36');
INSERT INTO `auth_policy_func` (`id`, `policy_id`, `app_id`, `func_id`, `func_type`, `tenant_id`, `created_by`, `created_date`) VALUES (219427254927622200, 128001, 100007, 1000071205011, 'MENU', :TENANT_ID, -1, '2024-03-28 15:05:36');
INSERT INTO `auth_policy_func` (`id`, `policy_id`, `app_id`, `func_id`, `func_type`, `tenant_id`, `created_by`, `created_date`) VALUES (219427254927622201, 128001, 100007, 1000071202001, 'MENU', :TENANT_ID, -1, '2024-03-28 15:05:36');
INSERT INTO `auth_policy_func` (`id`, `policy_id`, `app_id`, `func_id`, `func_type`, `tenant_id`, `created_by`, `created_date`) VALUES (219427254927622202, 128001, 100007, 1000071201004, 'MENU', :TENANT_ID, -1, '2024-03-28 15:05:36');
INSERT INTO `auth_policy_func` (`id`, `policy_id`, `app_id`, `func_id`, `func_type`, `tenant_id`, `created_by`, `created_date`) VALUES (219427254927622203, 128001, 100007, 1000071201032, 'BUTTON', :TENANT_ID, -1, '2024-03-28 15:05:36');
INSERT INTO `auth_policy_func` (`id`, `policy_id`, `app_id`, `func_id`, `func_type`, `tenant_id`, `created_by`, `created_date`) VALUES (219427254927622204, 128001, 100007, 1000071201039, 'BUTTON', :TENANT_ID, -1, '2024-03-28 15:05:36');
INSERT INTO `auth_policy_func` (`id`, `policy_id`, `app_id`, `func_id`, `func_type`, `tenant_id`, `created_by`, `created_date`) VALUES (219427254927622205, 128001, 100007, 1000071201035, 'BUTTON', :TENANT_ID, -1, '2024-03-28 15:05:36');
INSERT INTO `auth_policy_func` (`id`, `policy_id`, `app_id`, `func_id`, `func_type`, `tenant_id`, `created_by`, `created_date`) VALUES (219427254927622206, 128001, 100007, 1000071201040, 'BUTTON', :TENANT_ID, -1, '2024-03-28 15:05:36');
INSERT INTO `auth_policy_func` (`id`, `policy_id`, `app_id`, `func_id`, `func_type`, `tenant_id`, `created_by`, `created_date`) VALUES (219427254927622207, 128001, 100007, 1000071201034, 'BUTTON', :TENANT_ID, -1, '2024-03-28 15:05:36');
INSERT INTO `auth_policy_func` (`id`, `policy_id`, `app_id`, `func_id`, `func_type`, `tenant_id`, `created_by`, `created_date`) VALUES (219427254927622208, 128001, 100007, 1000071201033, 'BUTTON', :TENANT_ID, -1, '2024-03-28 15:05:36');
INSERT INTO `auth_policy_func` (`id`, `policy_id`, `app_id`, `func_id`, `func_type`, `tenant_id`, `created_by`, `created_date`) VALUES (219427254927622209, 128001, 100007, 1000071201036, 'BUTTON', :TENANT_ID, -1, '2024-03-28 15:05:36');
INSERT INTO `auth_policy_func` (`id`, `policy_id`, `app_id`, `func_id`, `func_type`, `tenant_id`, `created_by`, `created_date`) VALUES (219427254927622210, 128001, 100007, 1000071201037, 'BUTTON', :TENANT_ID, -1, '2024-03-28 15:05:36');
INSERT INTO `auth_policy_func` (`id`, `policy_id`, `app_id`, `func_id`, `func_type`, `tenant_id`, `created_by`, `created_date`) VALUES (219427254927622211, 128001, 100007, 1000071204010, 'BUTTON', :TENANT_ID, -1, '2024-03-28 15:05:36');
INSERT INTO `auth_policy_func` (`id`, `policy_id`, `app_id`, `func_id`, `func_type`, `tenant_id`, `created_by`, `created_date`) VALUES (219427254927622212, 128001, 100007, 1000071204007, 'MENU', :TENANT_ID, -1, '2024-03-28 15:05:36');
INSERT INTO `auth_policy_func` (`id`, `policy_id`, `app_id`, `func_id`, `func_type`, `tenant_id`, `created_by`, `created_date`) VALUES (219427254927622213, 128001, 100007, 1000071205006, 'MENU', :TENANT_ID, -1, '2024-03-28 15:05:36');
INSERT INTO `auth_policy_func` (`id`, `policy_id`, `app_id`, `func_id`, `func_type`, `tenant_id`, `created_by`, `created_date`) VALUES (219427254927622214, 128001, 100007, 1000071205033, 'BUTTON', :TENANT_ID, -1, '2024-03-28 15:05:36');
INSERT INTO `auth_policy_func` (`id`, `policy_id`, `app_id`, `func_id`, `func_type`, `tenant_id`, `created_by`, `created_date`) VALUES (219427254927622215, 128001, 100007, 1000071205039, 'BUTTON', :TENANT_ID, -1, '2024-03-28 15:05:36');
INSERT INTO `auth_policy_func` (`id`, `policy_id`, `app_id`, `func_id`, `func_type`, `tenant_id`, `created_by`, `created_date`) VALUES (219427254927622216, 128001, 100007, 1000071205037, 'BUTTON', :TENANT_ID, -1, '2024-03-28 15:05:36');
INSERT INTO `auth_policy_func` (`id`, `policy_id`, `app_id`, `func_id`, `func_type`, `tenant_id`, `created_by`, `created_date`) VALUES (219427254927622217, 128001, 100007, 1000071205034, 'BUTTON', :TENANT_ID, -1, '2024-03-28 15:05:36');
INSERT INTO `auth_policy_func` (`id`, `policy_id`, `app_id`, `func_id`, `func_type`, `tenant_id`, `created_by`, `created_date`) VALUES (219427254927622218, 128001, 100007, 1000071205038, 'BUTTON', :TENANT_ID, -1, '2024-03-28 15:05:36');
INSERT INTO `auth_policy_func` (`id`, `policy_id`, `app_id`, `func_id`, `func_type`, `tenant_id`, `created_by`, `created_date`) VALUES (219427254927622219, 128001, 100007, 1000071205035, 'BUTTON', :TENANT_ID, -1, '2024-03-28 15:05:36');
INSERT INTO `auth_policy_func` (`id`, `policy_id`, `app_id`, `func_id`, `func_type`, `tenant_id`, `created_by`, `created_date`) VALUES (219427254927622220, 128001, 100007, 1000071205036, 'BUTTON', :TENANT_ID, -1, '2024-03-28 15:05:36');
INSERT INTO `auth_policy_func` (`id`, `policy_id`, `app_id`, `func_id`, `func_type`, `tenant_id`, `created_by`, `created_date`) VALUES (219427254927622221, 128001, 100007, 1000071201011, 'BUTTON', :TENANT_ID, -1, '2024-03-28 15:05:36');
INSERT INTO `auth_policy_func` (`id`, `policy_id`, `app_id`, `func_id`, `func_type`, `tenant_id`, `created_by`, `created_date`) VALUES (219427254927622222, 128001, 100007, 1000071205007, 'MENU', :TENANT_ID, -1, '2024-03-28 15:05:36');
INSERT INTO `auth_policy_func` (`id`, `policy_id`, `app_id`, `func_id`, `func_type`, `tenant_id`, `created_by`, `created_date`) VALUES (219427254927622223, 128001, 100007, 1000071205065, 'MENU', :TENANT_ID, -1, '2024-03-28 15:05:36');
INSERT INTO `auth_policy_func` (`id`, `policy_id`, `app_id`, `func_id`, `func_type`, `tenant_id`, `created_by`, `created_date`) VALUES (219427254927622224, 128001, 100007, 1000071205067, 'BUTTON', :TENANT_ID, -1, '2024-03-28 15:05:36');
INSERT INTO `auth_policy_func` (`id`, `policy_id`, `app_id`, `func_id`, `func_type`, `tenant_id`, `created_by`, `created_date`) VALUES (219427254927622225, 128001, 100007, 1000071205058, 'MENU', :TENANT_ID, -1, '2024-03-28 15:05:36');
INSERT INTO `auth_policy_func` (`id`, `policy_id`, `app_id`, `func_id`, `func_type`, `tenant_id`, `created_by`, `created_date`) VALUES (219427254927622226, 128001, 100007, 1000071205060, 'BUTTON', :TENANT_ID, -1, '2024-03-28 15:05:36');
INSERT INTO `auth_policy_func` (`id`, `policy_id`, `app_id`, `func_id`, `func_type`, `tenant_id`, `created_by`, `created_date`) VALUES (219427254927622227, 128001, 100007, 1000071205063, 'BUTTON', :TENANT_ID, -1, '2024-03-28 15:05:36');
INSERT INTO `auth_policy_func` (`id`, `policy_id`, `app_id`, `func_id`, `func_type`, `tenant_id`, `created_by`, `created_date`) VALUES (219427254927622228, 128001, 100007, 1000071205059, 'BUTTON', :TENANT_ID, -1, '2024-03-28 15:05:36');
INSERT INTO `auth_policy_func` (`id`, `policy_id`, `app_id`, `func_id`, `func_type`, `tenant_id`, `created_by`, `created_date`) VALUES (219427254927622229, 128001, 100007, 1000071205062, 'BUTTON', :TENANT_ID, -1, '2024-03-28 15:05:36');
INSERT INTO `auth_policy_func` (`id`, `policy_id`, `app_id`, `func_id`, `func_type`, `tenant_id`, `created_by`, `created_date`) VALUES (219427254927622230, 128001, 100007, 1000071205061, 'BUTTON', :TENANT_ID, -1, '2024-03-28 15:05:36');
INSERT INTO `auth_policy_func` (`id`, `policy_id`, `app_id`, `func_id`, `func_type`, `tenant_id`, `created_by`, `created_date`) VALUES (219427254927622231, 128001, 100007, 1000071205064, 'BUTTON', :TENANT_ID, -1, '2024-03-28 15:05:36');
INSERT INTO `auth_policy_func` (`id`, `policy_id`, `app_id`, `func_id`, `func_type`, `tenant_id`, `created_by`, `created_date`) VALUES (219427254927622232, 128001, 100007, 1000071203003, 'MENU', :TENANT_ID, -1, '2024-03-28 15:05:36');
INSERT INTO `auth_policy_func` (`id`, `policy_id`, `app_id`, `func_id`, `func_type`, `tenant_id`, `created_by`, `created_date`) VALUES (219427254927622233, 128001, 100007, 1000071203008, 'BUTTON', :TENANT_ID, -1, '2024-03-28 15:05:36');
INSERT INTO `auth_policy_func` (`id`, `policy_id`, `app_id`, `func_id`, `func_type`, `tenant_id`, `created_by`, `created_date`) VALUES (219427254927622234, 128001, 100007, 1000071203007, 'BUTTON', :TENANT_ID, -1, '2024-03-28 15:05:36');
INSERT INTO `auth_policy_func` (`id`, `policy_id`, `app_id`, `func_id`, `func_type`, `tenant_id`, `created_by`, `created_date`) VALUES (219427254927622235, 128001, 100007, 1000071201027, 'BUTTON', :TENANT_ID, -1, '2024-03-28 15:05:36');
INSERT INTO `auth_policy_func` (`id`, `policy_id`, `app_id`, `func_id`, `func_type`, `tenant_id`, `created_by`, `created_date`) VALUES (219427254927622236, 128001, 100007, 1000071203002, 'MENU', :TENANT_ID, -1, '2024-03-28 15:05:36');
INSERT INTO `auth_policy_func` (`id`, `policy_id`, `app_id`, `func_id`, `func_type`, `tenant_id`, `created_by`, `created_date`) VALUES (219427254927622237, 128001, 100007, 1000071203001, 'MENU', :TENANT_ID, -1, '2024-03-28 15:05:36');
INSERT INTO `auth_policy_func` (`id`, `policy_id`, `app_id`, `func_id`, `func_type`, `tenant_id`, `created_by`, `created_date`) VALUES (219427254927622238, 128001, 100007, 1000071203005, 'BUTTON', :TENANT_ID, -1, '2024-03-28 15:05:36');
INSERT INTO `auth_policy_func` (`id`, `policy_id`, `app_id`, `func_id`, `func_type`, `tenant_id`, `created_by`, `created_date`) VALUES (219427254927622239, 128001, 100007, 1000071203006, 'BUTTON', :TENANT_ID, -1, '2024-03-28 15:05:36');
INSERT INTO `auth_policy_func` (`id`, `policy_id`, `app_id`, `func_id`, `func_type`, `tenant_id`, `created_by`, `created_date`) VALUES (219427254927622240, 128001, 100007, 1000071203004, 'BUTTON', :TENANT_ID, -1, '2024-03-28 15:05:36');
INSERT INTO `auth_policy_func` (`id`, `policy_id`, `app_id`, `func_id`, `func_type`, `tenant_id`, `created_by`, `created_date`) VALUES (219427254927622241, 128001, 100007, 1000071205017, 'MENU', :TENANT_ID, -1, '2024-03-28 15:05:36');
INSERT INTO `auth_policy_func` (`id`, `policy_id`, `app_id`, `func_id`, `func_type`, `tenant_id`, `created_by`, `created_date`) VALUES (219427254927622242, 128001, 100007, 1000071205020, 'MENU', :TENANT_ID, -1, '2024-03-28 15:05:36');
INSERT INTO `auth_policy_func` (`id`, `policy_id`, `app_id`, `func_id`, `func_type`, `tenant_id`, `created_by`, `created_date`) VALUES (219427254927622243, 128001, 100007, 1000071201001, 'MENU', :TENANT_ID, -1, '2024-03-28 15:05:36');
INSERT INTO `auth_policy_func` (`id`, `policy_id`, `app_id`, `func_id`, `func_type`, `tenant_id`, `created_by`, `created_date`) VALUES (219427254927622244, 128001, 100007, 1000071202002, 'MENU', :TENANT_ID, -1, '2024-03-28 15:05:36');
INSERT INTO `auth_policy_func` (`id`, `policy_id`, `app_id`, `func_id`, `func_type`, `tenant_id`, `created_by`, `created_date`) VALUES (219427254927622245, 128001, 100007, 1000071202004, 'BUTTON', :TENANT_ID, -1, '2024-03-28 15:05:36');
INSERT INTO `auth_policy_func` (`id`, `policy_id`, `app_id`, `func_id`, `func_type`, `tenant_id`, `created_by`, `created_date`) VALUES (219427254927622246, 128001, 100007, 1000071202007, 'BUTTON', :TENANT_ID, -1, '2024-03-28 15:05:36');
INSERT INTO `auth_policy_func` (`id`, `policy_id`, `app_id`, `func_id`, `func_type`, `tenant_id`, `created_by`, `created_date`) VALUES (219427254927622247, 128001, 100007, 1000071202015, 'BUTTON', :TENANT_ID, -1, '2024-03-28 15:05:36');
INSERT INTO `auth_policy_func` (`id`, `policy_id`, `app_id`, `func_id`, `func_type`, `tenant_id`, `created_by`, `created_date`) VALUES (219427254927622248, 128001, 100007, 1000071202006, 'BUTTON', :TENANT_ID, -1, '2024-03-28 15:05:36');
INSERT INTO `auth_policy_func` (`id`, `policy_id`, `app_id`, `func_id`, `func_type`, `tenant_id`, `created_by`, `created_date`) VALUES (219427254927622249, 128001, 100007, 1000071202008, 'BUTTON', :TENANT_ID, -1, '2024-03-28 15:05:36');
INSERT INTO `auth_policy_func` (`id`, `policy_id`, `app_id`, `func_id`, `func_type`, `tenant_id`, `created_by`, `created_date`) VALUES (219427254927622250, 128001, 100007, 1000071202019, 'BUTTON', :TENANT_ID, -1, '2024-03-28 15:05:36');
INSERT INTO `auth_policy_func` (`id`, `policy_id`, `app_id`, `func_id`, `func_type`, `tenant_id`, `created_by`, `created_date`) VALUES (219427254927622251, 128001, 100007, 1000071202020, 'BUTTON', :TENANT_ID, -1, '2024-03-28 15:05:36');
INSERT INTO `auth_policy_func` (`id`, `policy_id`, `app_id`, `func_id`, `func_type`, `tenant_id`, `created_by`, `created_date`) VALUES (219427254927622252, 128001, 100007, 1000071205032, 'BUTTON', :TENANT_ID, -1, '2024-03-28 15:05:36');
INSERT INTO `auth_policy_func` (`id`, `policy_id`, `app_id`, `func_id`, `func_type`, `tenant_id`, `created_by`, `created_date`) VALUES (219427254927622253, 128001, 100007, 1000071205012, 'MENU', :TENANT_ID, -1, '2024-03-28 15:05:36');
INSERT INTO `auth_policy_func` (`id`, `policy_id`, `app_id`, `func_id`, `func_type`, `tenant_id`, `created_by`, `created_date`) VALUES (219427254927622254, 128001, 100007, 1000071205030, 'BUTTON', :TENANT_ID, -1, '2024-03-28 15:05:36');
INSERT INTO `auth_policy_func` (`id`, `policy_id`, `app_id`, `func_id`, `func_type`, `tenant_id`, `created_by`, `created_date`) VALUES (219427254927622255, 128001, 100007, 1000071205005, 'MENU', :TENANT_ID, -1, '2024-03-28 15:05:36');
INSERT INTO `auth_policy_func` (`id`, `policy_id`, `app_id`, `func_id`, `func_type`, `tenant_id`, `created_by`, `created_date`) VALUES (219427254927622256, 128001, 100007, 1000071205022, 'MENU', :TENANT_ID, -1, '2024-03-28 15:05:36');
INSERT INTO `auth_policy_func` (`id`, `policy_id`, `app_id`, `func_id`, `func_type`, `tenant_id`, `created_by`, `created_date`) VALUES (219427254927622257, 128001, 100007, 1000071201008, 'BUTTON', :TENANT_ID, -1, '2024-03-28 15:05:36');
INSERT INTO `auth_policy_func` (`id`, `policy_id`, `app_id`, `func_id`, `func_type`, `tenant_id`, `created_by`, `created_date`) VALUES (219427254927622258, 128001, 100007, 1000071205013, 'MENU', :TENANT_ID, -1, '2024-03-28 15:05:36');
INSERT INTO `auth_policy_func` (`id`, `policy_id`, `app_id`, `func_id`, `func_type`, `tenant_id`, `created_by`, `created_date`) VALUES (219427254927622259, 128001, 100007, 1000071205048, 'BUTTON', :TENANT_ID, -1, '2024-03-28 15:05:36');
INSERT INTO `auth_policy_func` (`id`, `policy_id`, `app_id`, `func_id`, `func_type`, `tenant_id`, `created_by`, `created_date`) VALUES (219427254927622260, 128001, 100007, 1000071205023, 'MENU', :TENANT_ID, -1, '2024-03-28 15:05:36');
INSERT INTO `auth_policy_func` (`id`, `policy_id`, `app_id`, `func_id`, `func_type`, `tenant_id`, `created_by`, `created_date`) VALUES (219427254927622261, 128001, 100007, 1000071205045, 'BUTTON', :TENANT_ID, -1, '2024-03-28 15:05:36');
INSERT INTO `auth_policy_func` (`id`, `policy_id`, `app_id`, `func_id`, `func_type`, `tenant_id`, `created_by`, `created_date`) VALUES (219427254927622262, 128001, 100007, 1000071205046, 'BUTTON', :TENANT_ID, -1, '2024-03-28 15:05:36');
INSERT INTO `auth_policy_func` (`id`, `policy_id`, `app_id`, `func_id`, `func_type`, `tenant_id`, `created_by`, `created_date`) VALUES (219427254927622263, 128001, 100007, 1000071205044, 'BUTTON', :TENANT_ID, -1, '2024-03-28 15:05:36');
INSERT INTO `auth_policy_func` (`id`, `policy_id`, `app_id`, `func_id`, `func_type`, `tenant_id`, `created_by`, `created_date`) VALUES (219427254927622264, 128001, 100007, 1000071205008, 'MENU', :TENANT_ID, -1, '2024-03-28 15:05:36');
INSERT INTO `auth_policy_func` (`id`, `policy_id`, `app_id`, `func_id`, `func_type`, `tenant_id`, `created_by`, `created_date`) VALUES (219427254927622265, 128001, 100007, 1000071205066, 'MENU', :TENANT_ID, -1, '2024-03-28 15:05:36');
INSERT INTO `auth_policy_func` (`id`, `policy_id`, `app_id`, `func_id`, `func_type`, `tenant_id`, `created_by`, `created_date`) VALUES (219427254927622266, 128001, 100007, 1000071205068, 'BUTTON', :TENANT_ID, -1, '2024-03-28 15:05:36');
INSERT INTO `auth_policy_func` (`id`, `policy_id`, `app_id`, `func_id`, `func_type`, `tenant_id`, `created_by`, `created_date`) VALUES (219427254927622267, 128001, 100007, 1000071205024, 'MENU', :TENANT_ID, -1, '2024-03-28 15:05:36');
INSERT INTO `auth_policy_func` (`id`, `policy_id`, `app_id`, `func_id`, `func_type`, `tenant_id`, `created_by`, `created_date`) VALUES (219427254927622268, 128001, 100007, 1000071205047, 'BUTTON', :TENANT_ID, -1, '2024-03-28 15:05:36');
INSERT INTO `auth_policy_func` (`id`, `policy_id`, `app_id`, `func_id`, `func_type`, `tenant_id`, `created_by`, `created_date`) VALUES (219427254927622269, 128001, 100007, 1000071205004, 'MENU', :TENANT_ID, -1, '2024-03-28 15:05:36');
INSERT INTO `auth_policy_func` (`id`, `policy_id`, `app_id`, `func_id`, `func_type`, `tenant_id`, `created_by`, `created_date`) VALUES (219427254927622270, 128001, 100007, 1000071201012, 'BUTTON', :TENANT_ID, -1, '2024-03-28 15:05:36');
INSERT INTO `auth_policy_func` (`id`, `policy_id`, `app_id`, `func_id`, `func_type`, `tenant_id`, `created_by`, `created_date`) VALUES (219427254927622271, 128001, 100007, 1000071205050, 'BUTTON', :TENANT_ID, -1, '2024-03-28 15:05:36');
INSERT INTO `auth_policy_func` (`id`, `policy_id`, `app_id`, `func_id`, `func_type`, `tenant_id`, `created_by`, `created_date`) VALUES (219427254927622272, 128001, 100007, 1000071205053, 'BUTTON', :TENANT_ID, -1, '2024-03-28 15:05:36');
INSERT INTO `auth_policy_func` (`id`, `policy_id`, `app_id`, `func_id`, `func_type`, `tenant_id`, `created_by`, `created_date`) VALUES (219427254927622273, 128001, 100007, 1000071205052, 'BUTTON', :TENANT_ID, -1, '2024-03-28 15:05:36');
INSERT INTO `auth_policy_func` (`id`, `policy_id`, `app_id`, `func_id`, `func_type`, `tenant_id`, `created_by`, `created_date`) VALUES (219427254927622274, 128001, 100007, 1000071204001, 'MENU', :TENANT_ID, -1, '2024-03-28 15:05:36');
INSERT INTO `auth_policy_func` (`id`, `policy_id`, `app_id`, `func_id`, `func_type`, `tenant_id`, `created_by`, `created_date`) VALUES (219427254927622275, 128001, 100007, 1000071204011, 'BUTTON', :TENANT_ID, -1, '2024-03-28 15:05:36');
INSERT INTO `auth_policy_func` (`id`, `policy_id`, `app_id`, `func_id`, `func_type`, `tenant_id`, `created_by`, `created_date`) VALUES (219427254927622276, 128001, 100007, 1000071204012, 'BUTTON', :TENANT_ID, -1, '2024-03-28 15:05:36');
INSERT INTO `auth_policy_func` (`id`, `policy_id`, `app_id`, `func_id`, `func_type`, `tenant_id`, `created_by`, `created_date`) VALUES (219427254927622277, 128001, 100007, 1000071204005, 'MENU', :TENANT_ID, -1, '2024-03-28 15:05:36');
INSERT INTO `auth_policy_func` (`id`, `policy_id`, `app_id`, `func_id`, `func_type`, `tenant_id`, `created_by`, `created_date`) VALUES (219427254927622278, 128001, 100007, 1000071204006, 'MENU', :TENANT_ID, -1, '2024-03-28 15:05:36');
INSERT INTO `auth_policy_func` (`id`, `policy_id`, `app_id`, `func_id`, `func_type`, `tenant_id`, `created_by`, `created_date`) VALUES (219427254927622279, 128001, 100007, 1000071205001, 'MENU', :TENANT_ID, -1, '2024-03-28 15:05:36');
INSERT INTO `auth_policy_func` (`id`, `policy_id`, `app_id`, `func_id`, `func_type`, `tenant_id`, `created_by`, `created_date`) VALUES (219427254927622280, 128001, 100007, 1000071205021, 'MENU', :TENANT_ID, -1, '2024-03-28 15:05:36');
INSERT INTO `auth_policy_func` (`id`, `policy_id`, `app_id`, `func_id`, `func_type`, `tenant_id`, `created_by`, `created_date`) VALUES (219427254927622281, 128001, 100007, 1000071205019, 'MENU', :TENANT_ID, -1, '2024-03-28 15:05:36');
INSERT INTO `auth_policy_func` (`id`, `policy_id`, `app_id`, `func_id`, `func_type`, `tenant_id`, `created_by`, `created_date`) VALUES (219427254927622282, 128001, 100007, 1000071205056, 'BUTTON', :TENANT_ID, -1, '2024-03-28 15:05:36');
INSERT INTO `auth_policy_func` (`id`, `policy_id`, `app_id`, `func_id`, `func_type`, `tenant_id`, `created_by`, `created_date`) VALUES (219427254927622283, 128001, 100007, 1000071205054, 'BUTTON', :TENANT_ID, -1, '2024-03-28 15:05:36');
INSERT INTO `auth_policy_func` (`id`, `policy_id`, `app_id`, `func_id`, `func_type`, `tenant_id`, `created_by`, `created_date`) VALUES (219427254927622284, 128001, 100007, 1000071205057, 'BUTTON', :TENANT_ID, -1, '2024-03-28 15:05:36');
INSERT INTO `auth_policy_func` (`id`, `policy_id`, `app_id`, `func_id`, `func_type`, `tenant_id`, `created_by`, `created_date`) VALUES (219427254927622285, 128001, 100007, 1000071205055, 'BUTTON', :TENANT_ID, -1, '2024-03-28 15:05:36');
INSERT INTO `auth_policy_func` (`id`, `policy_id`, `app_id`, `func_id`, `func_type`, `tenant_id`, `created_by`, `created_date`) VALUES (219427254927622286, 128001, 100007, 1000071205002, 'MENU', :TENANT_ID, -1, '2024-03-28 15:05:36');
INSERT INTO `auth_policy_func` (`id`, `policy_id`, `app_id`, `func_id`, `func_type`, `tenant_id`, `created_by`, `created_date`) VALUES (219427254927622287, 128001, 100007, 1000071201005, 'MENU', :TENANT_ID, -1, '2024-03-28 15:05:36');
INSERT INTO `auth_policy_func` (`id`, `policy_id`, `app_id`, `func_id`, `func_type`, `tenant_id`, `created_by`, `created_date`) VALUES (219427254927622288, 128001, 100007, 1000071201041, 'BUTTON', :TENANT_ID, -1, '2024-03-28 15:05:36');
INSERT INTO `auth_policy_func` (`id`, `policy_id`, `app_id`, `func_id`, `func_type`, `tenant_id`, `created_by`, `created_date`) VALUES (219427254927622289, 128001, 100007, 1000071201043, 'BUTTON', :TENANT_ID, -1, '2024-03-28 15:05:36');
INSERT INTO `auth_policy_func` (`id`, `policy_id`, `app_id`, `func_id`, `func_type`, `tenant_id`, `created_by`, `created_date`) VALUES (219427254927622290, 128001, 100007, 1000071201046, 'BUTTON', :TENANT_ID, -1, '2024-03-28 15:05:36');
INSERT INTO `auth_policy_func` (`id`, `policy_id`, `app_id`, `func_id`, `func_type`, `tenant_id`, `created_by`, `created_date`) VALUES (219427254927622291, 128001, 100007, 1000071201047, 'BUTTON', :TENANT_ID, -1, '2024-03-28 15:05:36');
INSERT INTO `auth_policy_func` (`id`, `policy_id`, `app_id`, `func_id`, `func_type`, `tenant_id`, `created_by`, `created_date`) VALUES (219427254927622292, 128001, 100007, 1000071201048, 'BUTTON', :TENANT_ID, -1, '2024-03-28 15:05:36');
INSERT INTO `auth_policy_func` (`id`, `policy_id`, `app_id`, `func_id`, `func_type`, `tenant_id`, `created_by`, `created_date`) VALUES (219427254927622293, 128001, 100007, 1000071201049, 'BUTTON', :TENANT_ID, -1, '2024-03-28 15:05:36');
INSERT INTO `auth_policy_func` (`id`, `policy_id`, `app_id`, `func_id`, `func_type`, `tenant_id`, `created_by`, `created_date`) VALUES (219427254927622294, 128001, 100007, 1000071201042, 'BUTTON', :TENANT_ID, -1, '2024-03-28 15:05:36');
INSERT INTO `auth_policy_func` (`id`, `policy_id`, `app_id`, `func_id`, `func_type`, `tenant_id`, `created_by`, `created_date`) VALUES (219427254927622295, 128001, 100007, 1000071201044, 'BUTTON', :TENANT_ID, -1, '2024-03-28 15:05:36');
INSERT INTO `auth_policy_func` (`id`, `policy_id`, `app_id`, `func_id`, `func_type`, `tenant_id`, `created_by`, `created_date`) VALUES (219427254927622296, 128001, 100007, 1000071201045, 'BUTTON', :TENANT_ID, -1, '2024-03-28 15:05:36');
INSERT INTO `auth_policy_func` (`id`, `policy_id`, `app_id`, `func_id`, `func_type`, `tenant_id`, `created_by`, `created_date`) VALUES (219427254927622297, 128001, 100007, 1000071205051, 'BUTTON', :TENANT_ID, -1, '2024-03-28 15:05:36');
INSERT INTO `auth_policy_func` (`id`, `policy_id`, `app_id`, `func_id`, `func_type`, `tenant_id`, `created_by`, `created_date`) VALUES (219427254927622298, 128001, 100007, 1000071201002, 'MENU', :TENANT_ID, -1, '2024-03-28 15:05:36');
INSERT INTO `auth_policy_func` (`id`, `policy_id`, `app_id`, `func_id`, `func_type`, `tenant_id`, `created_by`, `created_date`) VALUES (219427254927622299, 128001, 100007, 1000071201006, 'BUTTON', :TENANT_ID, -1, '2024-03-28 15:05:36');
INSERT INTO `auth_policy_func` (`id`, `policy_id`, `app_id`, `func_id`, `func_type`, `tenant_id`, `created_by`, `created_date`) VALUES (219427254927622300, 128001, 100007, 1000071201020, 'BUTTON', :TENANT_ID, -1, '2024-03-28 15:05:36');
INSERT INTO `auth_policy_func` (`id`, `policy_id`, `app_id`, `func_id`, `func_type`, `tenant_id`, `created_by`, `created_date`) VALUES (219427254927622301, 128001, 100007, 1000071201010, 'BUTTON', :TENANT_ID, -1, '2024-03-28 15:05:36');
INSERT INTO `auth_policy_func` (`id`, `policy_id`, `app_id`, `func_id`, `func_type`, `tenant_id`, `created_by`, `created_date`) VALUES (219427254927622302, 128001, 100007, 1000071201013, 'BUTTON', :TENANT_ID, -1, '2024-03-28 15:05:36');
INSERT INTO `auth_policy_func` (`id`, `policy_id`, `app_id`, `func_id`, `func_type`, `tenant_id`, `created_by`, `created_date`) VALUES (219427254927622303, 128001, 100007, 1000071201014, 'BUTTON', :TENANT_ID, -1, '2024-03-28 15:05:36');
INSERT INTO `auth_policy_func` (`id`, `policy_id`, `app_id`, `func_id`, `func_type`, `tenant_id`, `created_by`, `created_date`) VALUES (219427254927622304, 128001, 100007, 1000071201021, 'BUTTON', :TENANT_ID, -1, '2024-03-28 15:05:36');
INSERT INTO `auth_policy_func` (`id`, `policy_id`, `app_id`, `func_id`, `func_type`, `tenant_id`, `created_by`, `created_date`) VALUES (219427254927622305, 128001, 100007, 1000071201009, 'BUTTON', :TENANT_ID, -1, '2024-03-28 15:05:36');
INSERT INTO `auth_policy_func` (`id`, `policy_id`, `app_id`, `func_id`, `func_type`, `tenant_id`, `created_by`, `created_date`) VALUES (219427254927622306, 128001, 100007, 1000071201015, 'BUTTON', :TENANT_ID, -1, '2024-03-28 15:05:36');
INSERT INTO `auth_policy_func` (`id`, `policy_id`, `app_id`, `func_id`, `func_type`, `tenant_id`, `created_by`, `created_date`) VALUES (219427254927622307, 128001, 100007, 1000071201016, 'BUTTON', :TENANT_ID, -1, '2024-03-28 15:05:36');
INSERT INTO `auth_policy_func` (`id`, `policy_id`, `app_id`, `func_id`, `func_type`, `tenant_id`, `created_by`, `created_date`) VALUES (219427254927622308, 128001, 100007, 1000071201007, 'BUTTON', :TENANT_ID, -1, '2024-03-28 15:05:36');
INSERT INTO `auth_policy_func` (`id`, `policy_id`, `app_id`, `func_id`, `func_type`, `tenant_id`, `created_by`, `created_date`) VALUES (219427254927622309, 128001, 100007, 1000071201017, 'BUTTON', :TENANT_ID, -1, '2024-03-28 15:05:36');
INSERT INTO `auth_policy_func` (`id`, `policy_id`, `app_id`, `func_id`, `func_type`, `tenant_id`, `created_by`, `created_date`) VALUES (219427254927622310, 128001, 100007, 1000071201018, 'BUTTON', :TENANT_ID, -1, '2024-03-28 15:05:36');
INSERT INTO `auth_policy_func` (`id`, `policy_id`, `app_id`, `func_id`, `func_type`, `tenant_id`, `created_by`, `created_date`) VALUES (219427254927622311, 128001, 100007, 1000071204013, 'BUTTON', :TENANT_ID, -1, '2024-03-28 15:05:36');
INSERT INTO `auth_policy_func` (`id`, `policy_id`, `app_id`, `func_id`, `func_type`, `tenant_id`, `created_by`, `created_date`) VALUES (219427254927622312, 128001, 100007, 1000071204014, 'BUTTON', :TENANT_ID, -1, '2024-03-28 15:05:36');
INSERT INTO `auth_policy_func` (`id`, `policy_id`, `app_id`, `func_id`, `func_type`, `tenant_id`, `created_by`, `created_date`) VALUES (219427254927622857, 128003, 100007, 1000071201001, 'MENU', :TENANT_ID, -1, '2024-03-28 15:47:34');
INSERT INTO `auth_policy_func` (`id`, `policy_id`, `app_id`, `func_id`, `func_type`, `tenant_id`, `created_by`, `created_date`) VALUES (219427254927622858, 128003, 100007, 1000071201002, 'MENU', :TENANT_ID, -1, '2024-03-28 15:47:34');
INSERT INTO `auth_policy_func` (`id`, `policy_id`, `app_id`, `func_id`, `func_type`, `tenant_id`, `created_by`, `created_date`) VALUES (219427254927622859, 128003, 100007, 1000071201003, 'MENU', :TENANT_ID, -1, '2024-03-28 15:47:34');
INSERT INTO `auth_policy_func` (`id`, `policy_id`, `app_id`, `func_id`, `func_type`, `tenant_id`, `created_by`, `created_date`) VALUES (219427254927622860, 128003, 100007, 1000071201004, 'MENU', :TENANT_ID, -1, '2024-03-28 15:47:34');
INSERT INTO `auth_policy_func` (`id`, `policy_id`, `app_id`, `func_id`, `func_type`, `tenant_id`, `created_by`, `created_date`) VALUES (219427254927622861, 128003, 100007, 1000071201005, 'MENU', :TENANT_ID, -1, '2024-03-28 15:47:34');
INSERT INTO `auth_policy_func` (`id`, `policy_id`, `app_id`, `func_id`, `func_type`, `tenant_id`, `created_by`, `created_date`) VALUES (219427254927622862, 128003, 100007, 1000071201021, 'BUTTON', :TENANT_ID, -1, '2024-03-28 15:47:34');
INSERT INTO `auth_policy_func` (`id`, `policy_id`, `app_id`, `func_id`, `func_type`, `tenant_id`, `created_by`, `created_date`) VALUES (219427254927622863, 128003, 100007, 1000071201040, 'BUTTON', :TENANT_ID, -1, '2024-03-28 15:47:34');
INSERT INTO `auth_policy_func` (`id`, `policy_id`, `app_id`, `func_id`, `func_type`, `tenant_id`, `created_by`, `created_date`) VALUES (219427254927622864, 128003, 100007, 1000071202001, 'MENU', :TENANT_ID, -1, '2024-03-28 15:47:34');
INSERT INTO `auth_policy_func` (`id`, `policy_id`, `app_id`, `func_id`, `func_type`, `tenant_id`, `created_by`, `created_date`) VALUES (219427254927622865, 128003, 100007, 1000071202002, 'MENU', :TENANT_ID, -1, '2024-03-28 15:47:34');
INSERT INTO `auth_policy_func` (`id`, `policy_id`, `app_id`, `func_id`, `func_type`, `tenant_id`, `created_by`, `created_date`) VALUES (219427254927622866, 128003, 100007, 1000071202003, 'MENU', :TENANT_ID, -1, '2024-03-28 15:47:34');
INSERT INTO `auth_policy_func` (`id`, `policy_id`, `app_id`, `func_id`, `func_type`, `tenant_id`, `created_by`, `created_date`) VALUES (219427254927622867, 128003, 100007, 1000071202015, 'BUTTON', :TENANT_ID, -1, '2024-03-28 15:47:34');
INSERT INTO `auth_policy_func` (`id`, `policy_id`, `app_id`, `func_id`, `func_type`, `tenant_id`, `created_by`, `created_date`) VALUES (219427254927622868, 128003, 100007, 1000071203001, 'MENU', :TENANT_ID, -1, '2024-03-28 15:47:34');
INSERT INTO `auth_policy_func` (`id`, `policy_id`, `app_id`, `func_id`, `func_type`, `tenant_id`, `created_by`, `created_date`) VALUES (219427254927622869, 128003, 100007, 1000071203002, 'MENU', :TENANT_ID, -1, '2024-03-28 15:47:34');
INSERT INTO `auth_policy_func` (`id`, `policy_id`, `app_id`, `func_id`, `func_type`, `tenant_id`, `created_by`, `created_date`) VALUES (219427254927622870, 128003, 100007, 1000071203003, 'MENU', :TENANT_ID, -1, '2024-03-28 15:47:34');
INSERT INTO `auth_policy_func` (`id`, `policy_id`, `app_id`, `func_id`, `func_type`, `tenant_id`, `created_by`, `created_date`) VALUES (219427254927622871, 128003, 100007, 1000071203006, 'BUTTON', :TENANT_ID, -1, '2024-03-28 15:47:34');
INSERT INTO `auth_policy_func` (`id`, `policy_id`, `app_id`, `func_id`, `func_type`, `tenant_id`, `created_by`, `created_date`) VALUES (219427254927622872, 128003, 100007, 1000071203008, 'BUTTON', :TENANT_ID, -1, '2024-03-28 15:47:34');
INSERT INTO `auth_policy_func` (`id`, `policy_id`, `app_id`, `func_id`, `func_type`, `tenant_id`, `created_by`, `created_date`) VALUES (219427254927622873, 128003, 100007, 1000071204001, 'MENU', :TENANT_ID, -1, '2024-03-28 15:47:34');
INSERT INTO `auth_policy_func` (`id`, `policy_id`, `app_id`, `func_id`, `func_type`, `tenant_id`, `created_by`, `created_date`) VALUES (219427254927622874, 128003, 100007, 1000071204005, 'MENU', :TENANT_ID, -1, '2024-03-28 15:47:34');
INSERT INTO `auth_policy_func` (`id`, `policy_id`, `app_id`, `func_id`, `func_type`, `tenant_id`, `created_by`, `created_date`) VALUES (219427254927622875, 128003, 100007, 1000071204006, 'MENU', :TENANT_ID, -1, '2024-03-28 15:47:34');
INSERT INTO `auth_policy_func` (`id`, `policy_id`, `app_id`, `func_id`, `func_type`, `tenant_id`, `created_by`, `created_date`) VALUES (219427254927622876, 128003, 100007, 1000071204010, 'BUTTON', :TENANT_ID, -1, '2024-03-28 15:47:34');
INSERT INTO `auth_policy_func` (`id`, `policy_id`, `app_id`, `func_id`, `func_type`, `tenant_id`, `created_by`, `created_date`) VALUES (219427254927622877, 128003, 100007, 1000071204011, 'BUTTON', :TENANT_ID, -1, '2024-03-28 15:47:34');
INSERT INTO `auth_policy_func` (`id`, `policy_id`, `app_id`, `func_id`, `func_type`, `tenant_id`, `created_by`, `created_date`) VALUES (219427254927622878, 128003, 100007, 1000071204012, 'BUTTON', :TENANT_ID, -1, '2024-03-28 15:47:34');
INSERT INTO `auth_policy_func` (`id`, `policy_id`, `app_id`, `func_id`, `func_type`, `tenant_id`, `created_by`, `created_date`) VALUES (219427254927622879, 128003, 100007, 1000071204013, 'BUTTON', :TENANT_ID, -1, '2024-03-28 15:47:34');
INSERT INTO `auth_policy_func` (`id`, `policy_id`, `app_id`, `func_id`, `func_type`, `tenant_id`, `created_by`, `created_date`) VALUES (219427254927622880, 128003, 100007, 1000071204014, 'BUTTON', :TENANT_ID, -1, '2024-03-28 15:47:34');
INSERT INTO `auth_policy_func` (`id`, `policy_id`, `app_id`, `func_id`, `func_type`, `tenant_id`, `created_by`, `created_date`) VALUES (219427254927622881, 128003, 100007, 1000071205001, 'MENU', :TENANT_ID, -1, '2024-03-28 15:47:34');
INSERT INTO `auth_policy_func` (`id`, `policy_id`, `app_id`, `func_id`, `func_type`, `tenant_id`, `created_by`, `created_date`) VALUES (219427254927622882, 128003, 100007, 1000071205002, 'MENU', :TENANT_ID, -1, '2024-03-28 15:47:34');
INSERT INTO `auth_policy_func` (`id`, `policy_id`, `app_id`, `func_id`, `func_type`, `tenant_id`, `created_by`, `created_date`) VALUES (219427254927622883, 128003, 100007, 1000071205005, 'MENU', :TENANT_ID, -1, '2024-03-28 15:47:34');
INSERT INTO `auth_policy_func` (`id`, `policy_id`, `app_id`, `func_id`, `func_type`, `tenant_id`, `created_by`, `created_date`) VALUES (219427254927622884, 128003, 100007, 1000071205006, 'MENU', :TENANT_ID, -1, '2024-03-28 15:47:34');
INSERT INTO `auth_policy_func` (`id`, `policy_id`, `app_id`, `func_id`, `func_type`, `tenant_id`, `created_by`, `created_date`) VALUES (219427254927622885, 128003, 100007, 1000071205007, 'MENU', :TENANT_ID, -1, '2024-03-28 15:47:34');
INSERT INTO `auth_policy_func` (`id`, `policy_id`, `app_id`, `func_id`, `func_type`, `tenant_id`, `created_by`, `created_date`) VALUES (219427254927622886, 128003, 100007, 1000071205008, 'MENU', :TENANT_ID, -1, '2024-03-28 15:47:34');
INSERT INTO `auth_policy_func` (`id`, `policy_id`, `app_id`, `func_id`, `func_type`, `tenant_id`, `created_by`, `created_date`) VALUES (219427254927622887, 128003, 100007, 1000071205009, 'MENU', :TENANT_ID, -1, '2024-03-28 15:47:34');
INSERT INTO `auth_policy_func` (`id`, `policy_id`, `app_id`, `func_id`, `func_type`, `tenant_id`, `created_by`, `created_date`) VALUES (219427254927622888, 128003, 100007, 1000071205010, 'MENU', :TENANT_ID, -1, '2024-03-28 15:47:34');
INSERT INTO `auth_policy_func` (`id`, `policy_id`, `app_id`, `func_id`, `func_type`, `tenant_id`, `created_by`, `created_date`) VALUES (219427254927622889, 128003, 100007, 1000071205011, 'MENU', :TENANT_ID, -1, '2024-03-28 15:47:34');
INSERT INTO `auth_policy_func` (`id`, `policy_id`, `app_id`, `func_id`, `func_type`, `tenant_id`, `created_by`, `created_date`) VALUES (219427254927622890, 128003, 100007, 1000071205012, 'MENU', :TENANT_ID, -1, '2024-03-28 15:47:34');
INSERT INTO `auth_policy_func` (`id`, `policy_id`, `app_id`, `func_id`, `func_type`, `tenant_id`, `created_by`, `created_date`) VALUES (219427254927622891, 128003, 100007, 1000071205013, 'MENU', :TENANT_ID, -1, '2024-03-28 15:47:34');
INSERT INTO `auth_policy_func` (`id`, `policy_id`, `app_id`, `func_id`, `func_type`, `tenant_id`, `created_by`, `created_date`) VALUES (219427254927622892, 128003, 100007, 1000071205014, 'MENU', :TENANT_ID, -1, '2024-03-28 15:47:34');
INSERT INTO `auth_policy_func` (`id`, `policy_id`, `app_id`, `func_id`, `func_type`, `tenant_id`, `created_by`, `created_date`) VALUES (219427254927622893, 128003, 100007, 1000071205016, 'MENU', :TENANT_ID, -1, '2024-03-28 15:47:34');
INSERT INTO `auth_policy_func` (`id`, `policy_id`, `app_id`, `func_id`, `func_type`, `tenant_id`, `created_by`, `created_date`) VALUES (219427254927622894, 128003, 100007, 1000071205017, 'MENU', :TENANT_ID, -1, '2024-03-28 15:47:34');
INSERT INTO `auth_policy_func` (`id`, `policy_id`, `app_id`, `func_id`, `func_type`, `tenant_id`, `created_by`, `created_date`) VALUES (219427254927622895, 128003, 100007, 1000071205018, 'MENU', :TENANT_ID, -1, '2024-03-28 15:47:34');
INSERT INTO `auth_policy_func` (`id`, `policy_id`, `app_id`, `func_id`, `func_type`, `tenant_id`, `created_by`, `created_date`) VALUES (219427254927622896, 128003, 100007, 1000071205020, 'MENU', :TENANT_ID, -1, '2024-03-28 15:47:34');
INSERT INTO `auth_policy_func` (`id`, `policy_id`, `app_id`, `func_id`, `func_type`, `tenant_id`, `created_by`, `created_date`) VALUES (219427254927622897, 128003, 100007, 1000071205021, 'MENU', :TENANT_ID, -1, '2024-03-28 15:47:34');
INSERT INTO `auth_policy_func` (`id`, `policy_id`, `app_id`, `func_id`, `func_type`, `tenant_id`, `created_by`, `created_date`) VALUES (219427254927622898, 128003, 100007, 1000071205022, 'MENU', :TENANT_ID, -1, '2024-03-28 15:47:34');
INSERT INTO `auth_policy_func` (`id`, `policy_id`, `app_id`, `func_id`, `func_type`, `tenant_id`, `created_by`, `created_date`) VALUES (219427254927622899, 128003, 100007, 1000071205023, 'MENU', :TENANT_ID, -1, '2024-03-28 15:47:34');
INSERT INTO `auth_policy_func` (`id`, `policy_id`, `app_id`, `func_id`, `func_type`, `tenant_id`, `created_by`, `created_date`) VALUES (219427254927622900, 128003, 100007, 1000071205024, 'MENU', :TENANT_ID, -1, '2024-03-28 15:47:34');
INSERT INTO `auth_policy_func` (`id`, `policy_id`, `app_id`, `func_id`, `func_type`, `tenant_id`, `created_by`, `created_date`) VALUES (219427254927622901, 128003, 100007, 1000071205031, 'BUTTON', :TENANT_ID, -1, '2024-03-28 15:47:34');
INSERT INTO `auth_policy_func` (`id`, `policy_id`, `app_id`, `func_id`, `func_type`, `tenant_id`, `created_by`, `created_date`) VALUES (219427254927622902, 128003, 100007, 1000071205032, 'BUTTON', :TENANT_ID, -1, '2024-03-28 15:47:34');
INSERT INTO `auth_policy_func` (`id`, `policy_id`, `app_id`, `func_id`, `func_type`, `tenant_id`, `created_by`, `created_date`) VALUES (219427254927622903, 128003, 100007, 1000071205058, 'MENU', :TENANT_ID, -1, '2024-03-28 15:47:34');
INSERT INTO `auth_policy_func` (`id`, `policy_id`, `app_id`, `func_id`, `func_type`, `tenant_id`, `created_by`, `created_date`) VALUES (219427254927622904, 128003, 100007, 1000071205059, 'BUTTON', :TENANT_ID, -1, '2024-03-28 15:47:34');
INSERT INTO `auth_policy_func` (`id`, `policy_id`, `app_id`, `func_id`, `func_type`, `tenant_id`, `created_by`, `created_date`) VALUES (219427254927622905, 128003, 100007, 1000071205065, 'MENU', :TENANT_ID, -1, '2024-03-28 15:47:34');
INSERT INTO `auth_policy_func` (`id`, `policy_id`, `app_id`, `func_id`, `func_type`, `tenant_id`, `created_by`, `created_date`) VALUES (219427254927622906, 128003, 100007, 1000071205066, 'MENU', :TENANT_ID, -1, '2024-03-28 15:47:34');
INSERT INTO `auth_policy_func` (`id`, `policy_id`, `app_id`, `func_id`, `func_type`, `tenant_id`, `created_by`, `created_date`) VALUES (219427254927622907, 128003, 100007, 1000071205067, 'BUTTON', :TENANT_ID, -1, '2024-03-28 15:47:34');
INSERT INTO `auth_policy_func` (`id`, `policy_id`, `app_id`, `func_id`, `func_type`, `tenant_id`, `created_by`, `created_date`) VALUES (219427254927622908, 128003, 100007, 1000071205068, 'BUTTON', :TENANT_ID, -1, '2024-03-28 15:47:34');
INSERT INTO `auth_policy_func` (`id`, `policy_id`, `app_id`, `func_id`, `func_type`, `tenant_id`, `created_by`, `created_date`) VALUES (219427360154321754, 128002, 100007, 1000071205018, 'MENU', :TENANT_ID, -1, '2024-03-28 16:27:36');
INSERT INTO `auth_policy_func` (`id`, `policy_id`, `app_id`, `func_id`, `func_type`, `tenant_id`, `created_by`, `created_date`) VALUES (219427360154321755, 128002, 100007, 1000071205014, 'MENU', :TENANT_ID, -1, '2024-03-28 16:27:36');
INSERT INTO `auth_policy_func` (`id`, `policy_id`, `app_id`, `func_id`, `func_type`, `tenant_id`, `created_by`, `created_date`) VALUES (219427360154321756, 128002, 100007, 1000071205016, 'MENU', :TENANT_ID, -1, '2024-03-28 16:27:36');
INSERT INTO `auth_policy_func` (`id`, `policy_id`, `app_id`, `func_id`, `func_type`, `tenant_id`, `created_by`, `created_date`) VALUES (219427360154321757, 128002, 100007, 1000071202003, 'MENU', :TENANT_ID, -1, '2024-03-28 16:27:36');
INSERT INTO `auth_policy_func` (`id`, `policy_id`, `app_id`, `func_id`, `func_type`, `tenant_id`, `created_by`, `created_date`) VALUES (219427360154321758, 128002, 100007, 1000071205069, 'BUTTON', :TENANT_ID, -1, '2024-03-28 16:27:36');
INSERT INTO `auth_policy_func` (`id`, `policy_id`, `app_id`, `func_id`, `func_type`, `tenant_id`, `created_by`, `created_date`) VALUES (219427360154321759, 128002, 100007, 1000071205071, 'BUTTON', :TENANT_ID, -1, '2024-03-28 16:27:36');
INSERT INTO `auth_policy_func` (`id`, `policy_id`, `app_id`, `func_id`, `func_type`, `tenant_id`, `created_by`, `created_date`) VALUES (219427360154321760, 128002, 100007, 1000071205072, 'BUTTON', :TENANT_ID, -1, '2024-03-28 16:27:36');
INSERT INTO `auth_policy_func` (`id`, `policy_id`, `app_id`, `func_id`, `func_type`, `tenant_id`, `created_by`, `created_date`) VALUES (219427360154321761, 128002, 100007, 1000071201003, 'MENU', :TENANT_ID, -1, '2024-03-28 16:27:36');
INSERT INTO `auth_policy_func` (`id`, `policy_id`, `app_id`, `func_id`, `func_type`, `tenant_id`, `created_by`, `created_date`) VALUES (219427360154321762, 128002, 100007, 1000071201022, 'BUTTON', :TENANT_ID, -1, '2024-03-28 16:27:36');
INSERT INTO `auth_policy_func` (`id`, `policy_id`, `app_id`, `func_id`, `func_type`, `tenant_id`, `created_by`, `created_date`) VALUES (219427360154321763, 128002, 100007, 1000071201031, 'BUTTON', :TENANT_ID, -1, '2024-03-28 16:27:36');
INSERT INTO `auth_policy_func` (`id`, `policy_id`, `app_id`, `func_id`, `func_type`, `tenant_id`, `created_by`, `created_date`) VALUES (219427360154321764, 128002, 100007, 1000071201024, 'BUTTON', :TENANT_ID, -1, '2024-03-28 16:27:36');
INSERT INTO `auth_policy_func` (`id`, `policy_id`, `app_id`, `func_id`, `func_type`, `tenant_id`, `created_by`, `created_date`) VALUES (219427360154321765, 128002, 100007, 1000071201023, 'BUTTON', :TENANT_ID, -1, '2024-03-28 16:27:36');
INSERT INTO `auth_policy_func` (`id`, `policy_id`, `app_id`, `func_id`, `func_type`, `tenant_id`, `created_by`, `created_date`) VALUES (219427360154321766, 128002, 100007, 1000071201026, 'BUTTON', :TENANT_ID, -1, '2024-03-28 16:27:36');
INSERT INTO `auth_policy_func` (`id`, `policy_id`, `app_id`, `func_id`, `func_type`, `tenant_id`, `created_by`, `created_date`) VALUES (219427360154321767, 128002, 100007, 1000071201028, 'BUTTON', :TENANT_ID, -1, '2024-03-28 16:27:36');
INSERT INTO `auth_policy_func` (`id`, `policy_id`, `app_id`, `func_id`, `func_type`, `tenant_id`, `created_by`, `created_date`) VALUES (219427360154321768, 128002, 100007, 1000071205031, 'BUTTON', :TENANT_ID, -1, '2024-03-28 16:27:36');
INSERT INTO `auth_policy_func` (`id`, `policy_id`, `app_id`, `func_id`, `func_type`, `tenant_id`, `created_by`, `created_date`) VALUES (219427360154321769, 128002, 100007, 1000071205010, 'MENU', :TENANT_ID, -1, '2024-03-28 16:27:36');
INSERT INTO `auth_policy_func` (`id`, `policy_id`, `app_id`, `func_id`, `func_type`, `tenant_id`, `created_by`, `created_date`) VALUES (219427360154321770, 128002, 100007, 1000071205009, 'MENU', :TENANT_ID, -1, '2024-03-28 16:27:36');
INSERT INTO `auth_policy_func` (`id`, `policy_id`, `app_id`, `func_id`, `func_type`, `tenant_id`, `created_by`, `created_date`) VALUES (219427360154321771, 128002, 100007, 1000071205011, 'MENU', :TENANT_ID, -1, '2024-03-28 16:27:36');
INSERT INTO `auth_policy_func` (`id`, `policy_id`, `app_id`, `func_id`, `func_type`, `tenant_id`, `created_by`, `created_date`) VALUES (219427360154321772, 128002, 100007, 1000071202001, 'MENU', :TENANT_ID, -1, '2024-03-28 16:27:36');
INSERT INTO `auth_policy_func` (`id`, `policy_id`, `app_id`, `func_id`, `func_type`, `tenant_id`, `created_by`, `created_date`) VALUES (219427360154321773, 128002, 100007, 1000071201004, 'MENU', :TENANT_ID, -1, '2024-03-28 16:27:36');
INSERT INTO `auth_policy_func` (`id`, `policy_id`, `app_id`, `func_id`, `func_type`, `tenant_id`, `created_by`, `created_date`) VALUES (219427360154321774, 128002, 100007, 1000071201032, 'BUTTON', :TENANT_ID, -1, '2024-03-28 16:27:36');
INSERT INTO `auth_policy_func` (`id`, `policy_id`, `app_id`, `func_id`, `func_type`, `tenant_id`, `created_by`, `created_date`) VALUES (219427360154321775, 128002, 100007, 1000071201040, 'BUTTON', :TENANT_ID, -1, '2024-03-28 16:27:36');
INSERT INTO `auth_policy_func` (`id`, `policy_id`, `app_id`, `func_id`, `func_type`, `tenant_id`, `created_by`, `created_date`) VALUES (219427360154321776, 128002, 100007, 1000071201033, 'BUTTON', :TENANT_ID, -1, '2024-03-28 16:27:36');
INSERT INTO `auth_policy_func` (`id`, `policy_id`, `app_id`, `func_id`, `func_type`, `tenant_id`, `created_by`, `created_date`) VALUES (219427360154321777, 128002, 100007, 1000071201036, 'BUTTON', :TENANT_ID, -1, '2024-03-28 16:27:36');
INSERT INTO `auth_policy_func` (`id`, `policy_id`, `app_id`, `func_id`, `func_type`, `tenant_id`, `created_by`, `created_date`) VALUES (219427360154321778, 128002, 100007, 1000071201037, 'BUTTON', :TENANT_ID, -1, '2024-03-28 16:27:36');
INSERT INTO `auth_policy_func` (`id`, `policy_id`, `app_id`, `func_id`, `func_type`, `tenant_id`, `created_by`, `created_date`) VALUES (219427360154321779, 128002, 100007, 1000071204010, 'BUTTON', :TENANT_ID, -1, '2024-03-28 16:27:36');
INSERT INTO `auth_policy_func` (`id`, `policy_id`, `app_id`, `func_id`, `func_type`, `tenant_id`, `created_by`, `created_date`) VALUES (219427360154321780, 128002, 100007, 1000071204007, 'MENU', :TENANT_ID, -1, '2024-03-28 16:27:36');
INSERT INTO `auth_policy_func` (`id`, `policy_id`, `app_id`, `func_id`, `func_type`, `tenant_id`, `created_by`, `created_date`) VALUES (219427360154321781, 128002, 100007, 1000071205006, 'MENU', :TENANT_ID, -1, '2024-03-28 16:27:36');
INSERT INTO `auth_policy_func` (`id`, `policy_id`, `app_id`, `func_id`, `func_type`, `tenant_id`, `created_by`, `created_date`) VALUES (219427360154321782, 128002, 100007, 1000071205033, 'BUTTON', :TENANT_ID, -1, '2024-03-28 16:27:36');
INSERT INTO `auth_policy_func` (`id`, `policy_id`, `app_id`, `func_id`, `func_type`, `tenant_id`, `created_by`, `created_date`) VALUES (219427360154321783, 128002, 100007, 1000071205034, 'BUTTON', :TENANT_ID, -1, '2024-03-28 16:27:36');
INSERT INTO `auth_policy_func` (`id`, `policy_id`, `app_id`, `func_id`, `func_type`, `tenant_id`, `created_by`, `created_date`) VALUES (219427360154321784, 128002, 100007, 1000071205036, 'BUTTON', :TENANT_ID, -1, '2024-03-28 16:27:36');
INSERT INTO `auth_policy_func` (`id`, `policy_id`, `app_id`, `func_id`, `func_type`, `tenant_id`, `created_by`, `created_date`) VALUES (219427360154321785, 128002, 100007, 1000071205007, 'MENU', :TENANT_ID, -1, '2024-03-28 16:27:36');
INSERT INTO `auth_policy_func` (`id`, `policy_id`, `app_id`, `func_id`, `func_type`, `tenant_id`, `created_by`, `created_date`) VALUES (219427360154321786, 128002, 100007, 1000071205065, 'MENU', :TENANT_ID, -1, '2024-03-28 16:27:36');
INSERT INTO `auth_policy_func` (`id`, `policy_id`, `app_id`, `func_id`, `func_type`, `tenant_id`, `created_by`, `created_date`) VALUES (219427360154321787, 128002, 100007, 1000071205067, 'BUTTON', :TENANT_ID, -1, '2024-03-28 16:27:36');
INSERT INTO `auth_policy_func` (`id`, `policy_id`, `app_id`, `func_id`, `func_type`, `tenant_id`, `created_by`, `created_date`) VALUES (219427360154321788, 128002, 100007, 1000071205058, 'MENU', :TENANT_ID, -1, '2024-03-28 16:27:36');
INSERT INTO `auth_policy_func` (`id`, `policy_id`, `app_id`, `func_id`, `func_type`, `tenant_id`, `created_by`, `created_date`) VALUES (219427360154321789, 128002, 100007, 1000071205060, 'BUTTON', :TENANT_ID, -1, '2024-03-28 16:27:36');
INSERT INTO `auth_policy_func` (`id`, `policy_id`, `app_id`, `func_id`, `func_type`, `tenant_id`, `created_by`, `created_date`) VALUES (219427360154321790, 128002, 100007, 1000071205059, 'BUTTON', :TENANT_ID, -1, '2024-03-28 16:27:36');
INSERT INTO `auth_policy_func` (`id`, `policy_id`, `app_id`, `func_id`, `func_type`, `tenant_id`, `created_by`, `created_date`) VALUES (219427360154321791, 128002, 100007, 1000071205062, 'BUTTON', :TENANT_ID, -1, '2024-03-28 16:27:36');
INSERT INTO `auth_policy_func` (`id`, `policy_id`, `app_id`, `func_id`, `func_type`, `tenant_id`, `created_by`, `created_date`) VALUES (219427360154321792, 128002, 100007, 1000071205064, 'BUTTON', :TENANT_ID, -1, '2024-03-28 16:27:36');
INSERT INTO `auth_policy_func` (`id`, `policy_id`, `app_id`, `func_id`, `func_type`, `tenant_id`, `created_by`, `created_date`) VALUES (219427360154321793, 128002, 100007, 1000071203003, 'MENU', :TENANT_ID, -1, '2024-03-28 16:27:36');
INSERT INTO `auth_policy_func` (`id`, `policy_id`, `app_id`, `func_id`, `func_type`, `tenant_id`, `created_by`, `created_date`) VALUES (219427360154321794, 128002, 100007, 1000071203008, 'BUTTON', :TENANT_ID, -1, '2024-03-28 16:27:36');
INSERT INTO `auth_policy_func` (`id`, `policy_id`, `app_id`, `func_id`, `func_type`, `tenant_id`, `created_by`, `created_date`) VALUES (219427360154321795, 128002, 100007, 1000071203007, 'BUTTON', :TENANT_ID, -1, '2024-03-28 16:27:36');
INSERT INTO `auth_policy_func` (`id`, `policy_id`, `app_id`, `func_id`, `func_type`, `tenant_id`, `created_by`, `created_date`) VALUES (219427360154321796, 128002, 100007, 1000071201027, 'BUTTON', :TENANT_ID, -1, '2024-03-28 16:27:36');
INSERT INTO `auth_policy_func` (`id`, `policy_id`, `app_id`, `func_id`, `func_type`, `tenant_id`, `created_by`, `created_date`) VALUES (219427360154321797, 128002, 100007, 1000071203002, 'MENU', :TENANT_ID, -1, '2024-03-28 16:27:36');
INSERT INTO `auth_policy_func` (`id`, `policy_id`, `app_id`, `func_id`, `func_type`, `tenant_id`, `created_by`, `created_date`) VALUES (219427360154321798, 128002, 100007, 1000071203001, 'MENU', :TENANT_ID, -1, '2024-03-28 16:27:36');
INSERT INTO `auth_policy_func` (`id`, `policy_id`, `app_id`, `func_id`, `func_type`, `tenant_id`, `created_by`, `created_date`) VALUES (219427360154321799, 128002, 100007, 1000071203006, 'BUTTON', :TENANT_ID, -1, '2024-03-28 16:27:36');
INSERT INTO `auth_policy_func` (`id`, `policy_id`, `app_id`, `func_id`, `func_type`, `tenant_id`, `created_by`, `created_date`) VALUES (219427360154321800, 128002, 100007, 1000071203004, 'BUTTON', :TENANT_ID, -1, '2024-03-28 16:27:36');
INSERT INTO `auth_policy_func` (`id`, `policy_id`, `app_id`, `func_id`, `func_type`, `tenant_id`, `created_by`, `created_date`) VALUES (219427360154321801, 128002, 100007, 1000071205017, 'MENU', :TENANT_ID, -1, '2024-03-28 16:27:36');
INSERT INTO `auth_policy_func` (`id`, `policy_id`, `app_id`, `func_id`, `func_type`, `tenant_id`, `created_by`, `created_date`) VALUES (219427360154321802, 128002, 100007, 1000071205020, 'MENU', :TENANT_ID, -1, '2024-03-28 16:27:36');
INSERT INTO `auth_policy_func` (`id`, `policy_id`, `app_id`, `func_id`, `func_type`, `tenant_id`, `created_by`, `created_date`) VALUES (219427360154321803, 128002, 100007, 1000071201001, 'MENU', :TENANT_ID, -1, '2024-03-28 16:27:36');
INSERT INTO `auth_policy_func` (`id`, `policy_id`, `app_id`, `func_id`, `func_type`, `tenant_id`, `created_by`, `created_date`) VALUES (219427360154321804, 128002, 100007, 1000071202002, 'MENU', :TENANT_ID, -1, '2024-03-28 16:27:36');
INSERT INTO `auth_policy_func` (`id`, `policy_id`, `app_id`, `func_id`, `func_type`, `tenant_id`, `created_by`, `created_date`) VALUES (219427360154321805, 128002, 100007, 1000071202015, 'BUTTON', :TENANT_ID, -1, '2024-03-28 16:27:36');
INSERT INTO `auth_policy_func` (`id`, `policy_id`, `app_id`, `func_id`, `func_type`, `tenant_id`, `created_by`, `created_date`) VALUES (219427360154321806, 128002, 100007, 1000071205032, 'BUTTON', :TENANT_ID, -1, '2024-03-28 16:27:36');
INSERT INTO `auth_policy_func` (`id`, `policy_id`, `app_id`, `func_id`, `func_type`, `tenant_id`, `created_by`, `created_date`) VALUES (219427360154321807, 128002, 100007, 1000071205012, 'MENU', :TENANT_ID, -1, '2024-03-28 16:27:36');
INSERT INTO `auth_policy_func` (`id`, `policy_id`, `app_id`, `func_id`, `func_type`, `tenant_id`, `created_by`, `created_date`) VALUES (219427360154321808, 128002, 100007, 1000071205030, 'BUTTON', :TENANT_ID, -1, '2024-03-28 16:27:36');
INSERT INTO `auth_policy_func` (`id`, `policy_id`, `app_id`, `func_id`, `func_type`, `tenant_id`, `created_by`, `created_date`) VALUES (219427360154321809, 128002, 100007, 1000071205005, 'MENU', :TENANT_ID, -1, '2024-03-28 16:27:36');
INSERT INTO `auth_policy_func` (`id`, `policy_id`, `app_id`, `func_id`, `func_type`, `tenant_id`, `created_by`, `created_date`) VALUES (219427360154321810, 128002, 100007, 1000071205022, 'MENU', :TENANT_ID, -1, '2024-03-28 16:27:36');
INSERT INTO `auth_policy_func` (`id`, `policy_id`, `app_id`, `func_id`, `func_type`, `tenant_id`, `created_by`, `created_date`) VALUES (219427360154321811, 128002, 100007, 1000071205013, 'MENU', :TENANT_ID, -1, '2024-03-28 16:27:36');
INSERT INTO `auth_policy_func` (`id`, `policy_id`, `app_id`, `func_id`, `func_type`, `tenant_id`, `created_by`, `created_date`) VALUES (219427360154321812, 128002, 100007, 1000071205023, 'MENU', :TENANT_ID, -1, '2024-03-28 16:27:36');
INSERT INTO `auth_policy_func` (`id`, `policy_id`, `app_id`, `func_id`, `func_type`, `tenant_id`, `created_by`, `created_date`) VALUES (219427360154321813, 128002, 100007, 1000071205045, 'BUTTON', :TENANT_ID, -1, '2024-03-28 16:27:36');
INSERT INTO `auth_policy_func` (`id`, `policy_id`, `app_id`, `func_id`, `func_type`, `tenant_id`, `created_by`, `created_date`) VALUES (219427360154321814, 128002, 100007, 1000071205044, 'BUTTON', :TENANT_ID, -1, '2024-03-28 16:27:36');
INSERT INTO `auth_policy_func` (`id`, `policy_id`, `app_id`, `func_id`, `func_type`, `tenant_id`, `created_by`, `created_date`) VALUES (219427360154321815, 128002, 100007, 1000071205008, 'MENU', :TENANT_ID, -1, '2024-03-28 16:27:36');
INSERT INTO `auth_policy_func` (`id`, `policy_id`, `app_id`, `func_id`, `func_type`, `tenant_id`, `created_by`, `created_date`) VALUES (219427360154321816, 128002, 100007, 1000071205066, 'MENU', :TENANT_ID, -1, '2024-03-28 16:27:36');
INSERT INTO `auth_policy_func` (`id`, `policy_id`, `app_id`, `func_id`, `func_type`, `tenant_id`, `created_by`, `created_date`) VALUES (219427360154321817, 128002, 100007, 1000071205068, 'BUTTON', :TENANT_ID, -1, '2024-03-28 16:27:36');
INSERT INTO `auth_policy_func` (`id`, `policy_id`, `app_id`, `func_id`, `func_type`, `tenant_id`, `created_by`, `created_date`) VALUES (219427360154321818, 128002, 100007, 1000071205024, 'MENU', :TENANT_ID, -1, '2024-03-28 16:27:36');
INSERT INTO `auth_policy_func` (`id`, `policy_id`, `app_id`, `func_id`, `func_type`, `tenant_id`, `created_by`, `created_date`) VALUES (219427360154321819, 128002, 100007, 1000071205004, 'MENU', :TENANT_ID, -1, '2024-03-28 16:27:36');
INSERT INTO `auth_policy_func` (`id`, `policy_id`, `app_id`, `func_id`, `func_type`, `tenant_id`, `created_by`, `created_date`) VALUES (219427360154321820, 128002, 100007, 1000071204001, 'MENU', :TENANT_ID, -1, '2024-03-28 16:27:36');
INSERT INTO `auth_policy_func` (`id`, `policy_id`, `app_id`, `func_id`, `func_type`, `tenant_id`, `created_by`, `created_date`) VALUES (219427360154321821, 128002, 100007, 1000071204011, 'BUTTON', :TENANT_ID, -1, '2024-03-28 16:27:36');
INSERT INTO `auth_policy_func` (`id`, `policy_id`, `app_id`, `func_id`, `func_type`, `tenant_id`, `created_by`, `created_date`) VALUES (219427360154321822, 128002, 100007, 1000071204012, 'BUTTON', :TENANT_ID, -1, '2024-03-28 16:27:36');
INSERT INTO `auth_policy_func` (`id`, `policy_id`, `app_id`, `func_id`, `func_type`, `tenant_id`, `created_by`, `created_date`) VALUES (219427360154321823, 128002, 100007, 1000071204005, 'MENU', :TENANT_ID, -1, '2024-03-28 16:27:36');
INSERT INTO `auth_policy_func` (`id`, `policy_id`, `app_id`, `func_id`, `func_type`, `tenant_id`, `created_by`, `created_date`) VALUES (219427360154321824, 128002, 100007, 1000071204006, 'MENU', :TENANT_ID, -1, '2024-03-28 16:27:36');
INSERT INTO `auth_policy_func` (`id`, `policy_id`, `app_id`, `func_id`, `func_type`, `tenant_id`, `created_by`, `created_date`) VALUES (219427360154321825, 128002, 100007, 1000071205001, 'MENU', :TENANT_ID, -1, '2024-03-28 16:27:36');
INSERT INTO `auth_policy_func` (`id`, `policy_id`, `app_id`, `func_id`, `func_type`, `tenant_id`, `created_by`, `created_date`) VALUES (219427360154321826, 128002, 100007, 1000071205002, 'MENU', :TENANT_ID, -1, '2024-03-28 16:27:36');
INSERT INTO `auth_policy_func` (`id`, `policy_id`, `app_id`, `func_id`, `func_type`, `tenant_id`, `created_by`, `created_date`) VALUES (219427360154321827, 128002, 100007, 1000071201005, 'MENU', :TENANT_ID, -1, '2024-03-28 16:27:36');
INSERT INTO `auth_policy_func` (`id`, `policy_id`, `app_id`, `func_id`, `func_type`, `tenant_id`, `created_by`, `created_date`) VALUES (219427360154321828, 128002, 100007, 1000071201041, 'BUTTON', :TENANT_ID, -1, '2024-03-28 16:27:36');
INSERT INTO `auth_policy_func` (`id`, `policy_id`, `app_id`, `func_id`, `func_type`, `tenant_id`, `created_by`, `created_date`) VALUES (219427360154321829, 128002, 100007, 1000071201046, 'BUTTON', :TENANT_ID, -1, '2024-03-28 16:27:36');
INSERT INTO `auth_policy_func` (`id`, `policy_id`, `app_id`, `func_id`, `func_type`, `tenant_id`, `created_by`, `created_date`) VALUES (219427360154321830, 128002, 100007, 1000071201047, 'BUTTON', :TENANT_ID, -1, '2024-03-28 16:27:36');
INSERT INTO `auth_policy_func` (`id`, `policy_id`, `app_id`, `func_id`, `func_type`, `tenant_id`, `created_by`, `created_date`) VALUES (219427360154321831, 128002, 100007, 1000071201048, 'BUTTON', :TENANT_ID, -1, '2024-03-28 16:27:36');
INSERT INTO `auth_policy_func` (`id`, `policy_id`, `app_id`, `func_id`, `func_type`, `tenant_id`, `created_by`, `created_date`) VALUES (219427360154321832, 128002, 100007, 1000071201049, 'BUTTON', :TENANT_ID, -1, '2024-03-28 16:27:36');
INSERT INTO `auth_policy_func` (`id`, `policy_id`, `app_id`, `func_id`, `func_type`, `tenant_id`, `created_by`, `created_date`) VALUES (219427360154321833, 128002, 100007, 1000071201042, 'BUTTON', :TENANT_ID, -1, '2024-03-28 16:27:36');
INSERT INTO `auth_policy_func` (`id`, `policy_id`, `app_id`, `func_id`, `func_type`, `tenant_id`, `created_by`, `created_date`) VALUES (219427360154321834, 128002, 100007, 1000071201044, 'BUTTON', :TENANT_ID, -1, '2024-03-28 16:27:36');
INSERT INTO `auth_policy_func` (`id`, `policy_id`, `app_id`, `func_id`, `func_type`, `tenant_id`, `created_by`, `created_date`) VALUES (219427360154321835, 128002, 100007, 1000071201045, 'BUTTON', :TENANT_ID, -1, '2024-03-28 16:27:36');
INSERT INTO `auth_policy_func` (`id`, `policy_id`, `app_id`, `func_id`, `func_type`, `tenant_id`, `created_by`, `created_date`) VALUES (219427360154321836, 128002, 100007, 1000071201002, 'MENU', :TENANT_ID, -1, '2024-03-28 16:27:36');
INSERT INTO `auth_policy_func` (`id`, `policy_id`, `app_id`, `func_id`, `func_type`, `tenant_id`, `created_by`, `created_date`) VALUES (219427360154321837, 128002, 100007, 1000071201006, 'BUTTON', :TENANT_ID, -1, '2024-03-28 16:27:36');
INSERT INTO `auth_policy_func` (`id`, `policy_id`, `app_id`, `func_id`, `func_type`, `tenant_id`, `created_by`, `created_date`) VALUES (219427360154321838, 128002, 100007, 1000071201013, 'BUTTON', :TENANT_ID, -1, '2024-03-28 16:27:36');
INSERT INTO `auth_policy_func` (`id`, `policy_id`, `app_id`, `func_id`, `func_type`, `tenant_id`, `created_by`, `created_date`) VALUES (219427360154321839, 128002, 100007, 1000071201014, 'BUTTON', :TENANT_ID, -1, '2024-03-28 16:27:36');
INSERT INTO `auth_policy_func` (`id`, `policy_id`, `app_id`, `func_id`, `func_type`, `tenant_id`, `created_by`, `created_date`) VALUES (219427360154321840, 128002, 100007, 1000071201021, 'BUTTON', :TENANT_ID, -1, '2024-03-28 16:27:36');
INSERT INTO `auth_policy_func` (`id`, `policy_id`, `app_id`, `func_id`, `func_type`, `tenant_id`, `created_by`, `created_date`) VALUES (219427360154321841, 128002, 100007, 1000071201015, 'BUTTON', :TENANT_ID, -1, '2024-03-28 16:27:36');
INSERT INTO `auth_policy_func` (`id`, `policy_id`, `app_id`, `func_id`, `func_type`, `tenant_id`, `created_by`, `created_date`) VALUES (219427360154321842, 128002, 100007, 1000071201016, 'BUTTON', :TENANT_ID, -1, '2024-03-28 16:27:36');
INSERT INTO `auth_policy_func` (`id`, `policy_id`, `app_id`, `func_id`, `func_type`, `tenant_id`, `created_by`, `created_date`) VALUES (219427360154321843, 128002, 100007, 1000071201007, 'BUTTON', :TENANT_ID, -1, '2024-03-28 16:27:36');
INSERT INTO `auth_policy_func` (`id`, `policy_id`, `app_id`, `func_id`, `func_type`, `tenant_id`, `created_by`, `created_date`) VALUES (219427360154321844, 128002, 100007, 1000071201017, 'BUTTON', :TENANT_ID, -1, '2024-03-28 16:27:36');
INSERT INTO `auth_policy_func` (`id`, `policy_id`, `app_id`, `func_id`, `func_type`, `tenant_id`, `created_by`, `created_date`) VALUES (219427360154321845, 128002, 100007, 1000071201018, 'BUTTON', :TENANT_ID, -1, '2024-03-28 16:27:36');
INSERT INTO `auth_policy_func` (`id`, `policy_id`, `app_id`, `func_id`, `func_type`, `tenant_id`, `created_by`, `created_date`) VALUES (219427360154321846, 128002, 100007, 1000071204013, 'BUTTON', :TENANT_ID, -1, '2024-03-28 16:27:36');
INSERT INTO `auth_policy_func` (`id`, `policy_id`, `app_id`, `func_id`, `func_type`, `tenant_id`, `created_by`, `created_date`) VALUES (219427360154321847, 128002, 100007, 1000071204014, 'BUTTON', :TENANT_ID, -1, '2024-03-28 16:27:36');
INSERT INTO `auth_policy_func` (`id`, `policy_id`, `app_id`, `func_id`, `func_type`, `tenant_id`, `created_by`, `created_date`) VALUES (222636594077631016, 128001, 100007, 1000071202021, 'BUTTON', :TENANT_ID, -1, '2024-04-18 14:03:47');

-- Clear dirty data
DELETE FROM auth_policy_func WHERE func_id NOT IN (SELECT id FROM app_func);
DELETE FROM auth_policy_func WHERE policy_id NOT IN (SELECT id FROM auth_policy);

-- ----------------------------
-- Table data for auth_policy_org
-- ----------------------------
INSERT INTO `auth_policy_org` (`id`, `policy_id`, `policy_type`, `org_id`, `org_type`, `grant_scope`, `open_auth`, `app_id`, `tenant_id`, `default0`, `created_by`, `created_date`) VALUES (219427254927626041, 128001, 'PRE_DEFINED', :TENANT_ID, 'TENANT', 'TENANT_SYS_ADMIN', 1, 100007, :TENANT_ID, 0, -1, '2024-03-31 23:51:12');
INSERT INTO `auth_policy_org` (`id`, `policy_id`, `policy_type`, `org_id`, `org_type`, `grant_scope`, `open_auth`, `app_id`, `tenant_id`, `default0`, `created_by`, `created_date`) VALUES (219427254927626042, 128003, 'PRE_DEFINED', :TENANT_ID, 'TENANT', 'TENANT_ALL_USER', 0, 100007, :TENANT_ID, 1, -1, '2024-03-31 23:51:12');

-- @formatter:on
