-- @formatter:off
-- ----------------------------
-- Table data for app
-- ----------------------------
-- Note: After installation, it is necessary to modify the application URL.
INSERT INTO `app` (`id`, `code`, `name`, `show_name`, `icon`, `type`, `edition_type`, `description`, `auth_ctrl_flag`, `enabled_flag`, `url`, `sequence`, `api_ids`, `version`, `open_stage`, `client_id`, `tenant_id`, `created_by`, `created_date`, `last_modified_by`, `last_modified_date`) VALUES (100006, 'AngusGM', '全局管理', '全局管理', 'https://bj-c1-prod-files.xcan.cloud/storage/pubapi/v1/file/xcn.png?fid=203622614944448648&fpt=rL1lKaswgTLc6crvakLeFxE1ez6rgohgGh8O3jn4', 'BASE_APP', 'DATACENTER', '数据中心版全局管理 ', 1, 1, 'http://localhost:8802', 6, '[]', '1.0.0', 'SIGNUP', 'xcan_tp', :tenantId, -1, '2024-01-01 00:00:00', -1, '2024-01-01 00:00:00');

-- ----------------------------
-- Table data for app_func
-- ----------------------------
INSERT INTO `app_func` (`id`, `code`, `name`, `show_name`, `pid`, `icon`, `type`, `description`, `auth_ctrl_flag`, `enabled_flag`, `url`, `app_id`, `sequence`, `api_ids`, `client_id`, `tenant_id`, `created_by`, `created_date`, `last_modified_by`, `last_modified_date`) VALUES (1000061205018, 'Appearance', '站点信息', '站点信息', 1000061205001, 'icon-waiguan', 'MENU', '', 1, 1, '/system/appearance', 100006, 14, '[]', 'xcan_tp', :tenantId, -1, '2024-01-02 11:22:22', -1, '2024-01-02 11:22:22');
INSERT INTO `app_func` (`id`, `code`, `name`, `show_name`, `pid`, `icon`, `type`, `description`, `auth_ctrl_flag`, `enabled_flag`, `url`, `app_id`, `sequence`, `api_ids`, `client_id`, `tenant_id`, `created_by`, `created_date`, `last_modified_by`, `last_modified_date`) VALUES (1000061205014, 'ApplicationStorage', '应用存储', '应用存储', 1000061205001, 'icon-yingyongcunchu', 'MENU', '', 1, 1, '/system/storage', 100006, 10, '[]', 'xcan_tp', :tenantId, -1, '2024-01-02 11:22:22', -1, '2024-01-02 11:22:22');
INSERT INTO `app_func` (`id`, `code`, `name`, `show_name`, `pid`, `icon`, `type`, `description`, `auth_ctrl_flag`, `enabled_flag`, `url`, `app_id`, `sequence`, `api_ids`, `client_id`, `tenant_id`, `created_by`, `created_date`, `last_modified_by`, `last_modified_date`) VALUES (1000061205049, 'ApplicationStorageModify', '编辑应用存储', '编辑', 1000061205014, '', 'BUTTON', '', 1, 1, '', 100006, 1, '[]', 'xcan_tp', :tenantId, -1, '2024-01-02 11:22:22', -1, '2024-01-02 11:22:22');
INSERT INTO `app_func` (`id`, `code`, `name`, `show_name`, `pid`, `icon`, `type`, `description`, `auth_ctrl_flag`, `enabled_flag`, `url`, `app_id`, `sequence`, `api_ids`, `client_id`, `tenant_id`, `created_by`, `created_date`, `last_modified_by`, `last_modified_date`) VALUES (1000061205016, 'AuditLog', '审计日志', '审计日志', 1000061205001, 'icon-shenjirizhi', 'MENU', '', 1, 1, '/system/log', 100006, 12, '[]', 'xcan_tp', :tenantId, -1, '2024-01-02 11:22:22', -1, '2024-01-02 11:22:22');
INSERT INTO `app_func` (`id`, `code`, `name`, `show_name`, `pid`, `icon`, `type`, `description`, `auth_ctrl_flag`, `enabled_flag`, `url`, `app_id`, `sequence`, `api_ids`, `client_id`, `tenant_id`, `created_by`, `created_date`, `last_modified_by`, `last_modified_date`) VALUES (1000061202011, 'AuthDeptAdd', '添加授权部门', '授权部门', 1000061202002, '', 'BUTTON', '', 1, 1, '', 100006, 1, '[]', 'xcan_tp', :tenantId, -1, '2024-01-02 11:22:22', -1, '2024-01-02 11:22:22');
INSERT INTO `app_func` (`id`, `code`, `name`, `show_name`, `pid`, `icon`, `type`, `description`, `auth_ctrl_flag`, `enabled_flag`, `url`, `app_id`, `sequence`, `api_ids`, `client_id`, `tenant_id`, `created_by`, `created_date`, `last_modified_by`, `last_modified_date`) VALUES (1000061202012, 'AuthDeptCancel', '取消授权部门', '取消授权', 1000061202002, '', 'BUTTON', '', 1, 1, '', 100006, 1, '[]', 'xcan_tp', :tenantId, -1, '2024-01-02 11:22:22', -1, '2024-01-02 11:22:22');
INSERT INTO `app_func` (`id`, `code`, `name`, `show_name`, `pid`, `icon`, `type`, `description`, `auth_ctrl_flag`, `enabled_flag`, `url`, `app_id`, `sequence`, `api_ids`, `client_id`, `tenant_id`, `created_by`, `created_date`, `last_modified_by`, `last_modified_date`) VALUES (1000061202013, 'AuthGroupAdd', '添加授权组', '授权组', 1000061202002, '', 'BUTTON', '', 1, 1, '', 100006, 1, '[]', 'xcan_tp', :tenantId, -1, '2024-01-02 11:22:22', -1, '2024-01-02 11:22:22');
INSERT INTO `app_func` (`id`, `code`, `name`, `show_name`, `pid`, `icon`, `type`, `description`, `auth_ctrl_flag`, `enabled_flag`, `url`, `app_id`, `sequence`, `api_ids`, `client_id`, `tenant_id`, `created_by`, `created_date`, `last_modified_by`, `last_modified_date`) VALUES (1000061202014, 'AuthGroupCancel', '取消授权组', '取消授权', 1000061202002, '', 'BUTTON', '', 1, 1, '', 100006, 1, '[]', 'xcan_tp', :tenantId, -1, '2024-01-02 11:22:22', -1, '2024-01-02 11:22:22');
INSERT INTO `app_func` (`id`, `code`, `name`, `show_name`, `pid`, `icon`, `type`, `description`, `auth_ctrl_flag`, `enabled_flag`, `url`, `app_id`, `sequence`, `api_ids`, `client_id`, `tenant_id`, `created_by`, `created_date`, `last_modified_by`, `last_modified_date`) VALUES (1000061202009, 'AuthUserAdd', '授权用户', '授权用户', 1000061202002, '', 'BUTTON', '', 1, 1, '', 100006, 1, '[]', 'xcan_tp', :tenantId, -1, '2024-01-02 11:22:22', -1, '2024-03-08 09:40:29');
INSERT INTO `app_func` (`id`, `code`, `name`, `show_name`, `pid`, `icon`, `type`, `description`, `auth_ctrl_flag`, `enabled_flag`, `url`, `app_id`, `sequence`, `api_ids`, `client_id`, `tenant_id`, `created_by`, `created_date`, `last_modified_by`, `last_modified_date`) VALUES (1000061202010, 'AuthUserCancel', '取消授权用户', '取消授权', 1000061202002, '', 'BUTTON', '', 1, 1, '', 100006, 1, '[]', 'xcan_tp', :tenantId, -1, '2024-01-02 11:22:22', -1, '2024-01-02 11:22:22');
INSERT INTO `app_func` (`id`, `code`, `name`, `show_name`, `pid`, `icon`, `type`, `description`, `auth_ctrl_flag`, `enabled_flag`, `url`, `app_id`, `sequence`, `api_ids`, `client_id`, `tenant_id`, `created_by`, `created_date`, `last_modified_by`, `last_modified_date`) VALUES (1000061202005, 'Authorize', '授权', '授权', 1000061202002, '', 'BUTTON', '', 1, 1, '/permissions/policy/auth/{id}', 100006, 1, '[]', 'xcan_tp', :tenantId, -1, '2024-01-02 11:22:22', -1, '2024-01-02 11:22:22');
INSERT INTO `app_func` (`id`, `code`, `name`, `show_name`, `pid`, `icon`, `type`, `description`, `auth_ctrl_flag`, `enabled_flag`, `url`, `app_id`, `sequence`, `api_ids`, `client_id`, `tenant_id`, `created_by`, `created_date`, `last_modified_by`, `last_modified_date`) VALUES (1000061202017, 'AuthorizeDeptAdd', '添加授权部门', '授权部门', 1000061202003, '', 'BUTTON', '', 1, 1, '', 100006, 1, '[]', 'xcan_tp', :tenantId, -1, '2024-01-02 11:22:22', -1, '2024-01-02 11:22:22');
INSERT INTO `app_func` (`id`, `code`, `name`, `show_name`, `pid`, `icon`, `type`, `description`, `auth_ctrl_flag`, `enabled_flag`, `url`, `app_id`, `sequence`, `api_ids`, `client_id`, `tenant_id`, `created_by`, `created_date`, `last_modified_by`, `last_modified_date`) VALUES (1000061202018, 'AuthorizeGroupAdd', '添加授权组', '授权组', 1000061202003, '', 'BUTTON', '', 1, 1, '', 100006, 1, '[]', 'xcan_tp', :tenantId, -1, '2024-01-02 11:22:22', -1, '2024-01-02 11:22:22');
INSERT INTO `app_func` (`id`, `code`, `name`, `show_name`, `pid`, `icon`, `type`, `description`, `auth_ctrl_flag`, `enabled_flag`, `url`, `app_id`, `sequence`, `api_ids`, `client_id`, `tenant_id`, `created_by`, `created_date`, `last_modified_by`, `last_modified_date`) VALUES (1000061201019, 'AuthorizeUser', '授权', '授权', 1000061201002, '', 'BUTTON', '', 1, 1, '', 100006, 1, '[]', 'xcan_tp', :tenantId, -1, '2024-01-02 11:22:22', -1, '2024-03-08 09:33:10');
INSERT INTO `app_func` (`id`, `code`, `name`, `show_name`, `pid`, `icon`, `type`, `description`, `auth_ctrl_flag`, `enabled_flag`, `url`, `app_id`, `sequence`, `api_ids`, `client_id`, `tenant_id`, `created_by`, `created_date`, `last_modified_by`, `last_modified_date`) VALUES (1000061202016, 'AuthorizeUserAdd', '添加授权用户', '授权用户', 1000061202003, '', 'BUTTON', '', 1, 1, '', 100006, 1, '[]', 'xcan_tp', :tenantId, -1, '2024-01-02 11:22:22', -1, '2024-01-02 11:22:22');
INSERT INTO `app_func` (`id`, `code`, `name`, `show_name`, `pid`, `icon`, `type`, `description`, `auth_ctrl_flag`, `enabled_flag`, `url`, `app_id`, `sequence`, `api_ids`, `client_id`, `tenant_id`, `created_by`, `created_date`, `last_modified_by`, `last_modified_date`) VALUES (1000061202003, 'AuthorizeView', '查看授权', '查看授权', 1000061202001, 'icon-chakanshouquan', 'MENU', '', 1, 1, '/permissions/view', 100006, 2, '[]', 'xcan_tp', :tenantId, -1, '2024-01-02 11:22:22', -1, '2024-01-02 11:22:22');
INSERT INTO `app_func` (`id`, `code`, `name`, `show_name`, `pid`, `icon`, `type`, `description`, `auth_ctrl_flag`, `enabled_flag`, `url`, `app_id`, `sequence`, `api_ids`, `client_id`, `tenant_id`, `created_by`, `created_date`, `last_modified_by`, `last_modified_date`) VALUES (1000061201038, 'AuthorizedGroup', '授权', '授权', 1000061201004, '', 'BUTTON', '', 1, 1, '', 100006, 1, '[]', 'xcan_tp', :tenantId, -1, '2024-01-02 11:22:22', -1, '2024-03-08 09:37:24');
INSERT INTO `app_func` (`id`, `code`, `name`, `show_name`, `pid`, `icon`, `type`, `description`, `auth_ctrl_flag`, `enabled_flag`, `url`, `app_id`, `sequence`, `api_ids`, `client_id`, `tenant_id`, `created_by`, `created_date`, `last_modified_by`, `last_modified_date`) VALUES (1000061205069, 'ChannelAdd', '添加', '添加', 1000061205012, '', 'BUTTON', '', 1, 1, '', 100006, 1, '[]', 'xcan_tp', :tenantId, -1, '2024-02-24 09:44:11', -1, '2024-02-24 09:44:11');
INSERT INTO `app_func` (`id`, `code`, `name`, `show_name`, `pid`, `icon`, `type`, `description`, `auth_ctrl_flag`, `enabled_flag`, `url`, `app_id`, `sequence`, `api_ids`, `client_id`, `tenant_id`, `created_by`, `created_date`, `last_modified_by`, `last_modified_date`) VALUES (1000061205070, 'ChannelDelete', '删除', '删除', 1000061205012, '', 'BUTTON', '', 1, 1, '', 100006, 1, '[]', 'xcan_tp', :tenantId, -1, '2024-02-24 09:45:21', -1, '2024-02-24 09:45:21');
INSERT INTO `app_func` (`id`, `code`, `name`, `show_name`, `pid`, `icon`, `type`, `description`, `auth_ctrl_flag`, `enabled_flag`, `url`, `app_id`, `sequence`, `api_ids`, `client_id`, `tenant_id`, `created_by`, `created_date`, `last_modified_by`, `last_modified_date`) VALUES (1000061205071, 'ChannelEdit', '编辑', '编辑', 1000061205012, '', 'BUTTON', '', 1, 1, '', 100006, 1, '[]', 'xcan_tp', :tenantId, -1, '2024-02-24 09:46:09', -1, '2024-02-24 09:46:09');
INSERT INTO `app_func` (`id`, `code`, `name`, `show_name`, `pid`, `icon`, `type`, `description`, `auth_ctrl_flag`, `enabled_flag`, `url`, `app_id`, `sequence`, `api_ids`, `client_id`, `tenant_id`, `created_by`, `created_date`, `last_modified_by`, `last_modified_date`) VALUES (1000061205072, 'ChannelTest', '测试', '测试', 1000061205012, '', 'BUTTON', '', 1, 1, '', 100006, 1, '[]', 'xcan_tp', :tenantId, -1, '2024-02-24 09:43:20', -1, '2024-02-24 09:43:20');
INSERT INTO `app_func` (`id`, `code`, `name`, `show_name`, `pid`, `icon`, `type`, `description`, `auth_ctrl_flag`, `enabled_flag`, `url`, `app_id`, `sequence`, `api_ids`, `client_id`, `tenant_id`, `created_by`, `created_date`, `last_modified_by`, `last_modified_date`) VALUES (1000061201003, 'Department', '部门', '部门', 1000061201001, 'icon-bumen', 'MENU', '', 1, 1, '/accounts/dept', 100006, 2, '[]', 'xcan_tp', :tenantId, -1, '2024-01-02 11:22:22', -1, '2024-01-02 11:22:22');
INSERT INTO `app_func` (`id`, `code`, `name`, `show_name`, `pid`, `icon`, `type`, `description`, `auth_ctrl_flag`, `enabled_flag`, `url`, `app_id`, `sequence`, `api_ids`, `client_id`, `tenant_id`, `created_by`, `created_date`, `last_modified_by`, `last_modified_date`) VALUES (1000061201022, 'DeptAdd', '添加部门', '添加部门', 1000061201003, '', 'BUTTON', '', 1, 1, '', 100006, 1, '[]', 'xcan_tp', :tenantId, -1, '2024-01-02 11:22:22', -1, '2024-01-02 11:22:22');
INSERT INTO `app_func` (`id`, `code`, `name`, `show_name`, `pid`, `icon`, `type`, `description`, `auth_ctrl_flag`, `enabled_flag`, `url`, `app_id`, `sequence`, `api_ids`, `client_id`, `tenant_id`, `created_by`, `created_date`, `last_modified_by`, `last_modified_date`) VALUES (1000061201030, 'DeptAuthorize', '授权', '授权', 1000061201003, '', 'BUTTON', '', 1, 1, '', 100006, 1, '[]', 'xcan_tp', :tenantId, -1, '2024-01-02 11:22:22', -1, '2024-03-08 09:36:08');
INSERT INTO `app_func` (`id`, `code`, `name`, `show_name`, `pid`, `icon`, `type`, `description`, `auth_ctrl_flag`, `enabled_flag`, `url`, `app_id`, `sequence`, `api_ids`, `client_id`, `tenant_id`, `created_by`, `created_date`, `last_modified_by`, `last_modified_date`) VALUES (1000061201031, 'DeptAuthorizeCancel', '取消授权', '取消授权', 1000061201003, '', 'BUTTON', '', 1, 1, '', 100006, 1, '[]', 'xcan_tp', :tenantId, -1, '2024-01-02 11:22:22', -1, '2024-03-08 09:36:19');
INSERT INTO `app_func` (`id`, `code`, `name`, `show_name`, `pid`, `icon`, `type`, `description`, `auth_ctrl_flag`, `enabled_flag`, `url`, `app_id`, `sequence`, `api_ids`, `client_id`, `tenant_id`, `created_by`, `created_date`, `last_modified_by`, `last_modified_date`) VALUES (1000061201025, 'DeptDelete', '删除部门', '删除', 1000061201003, '', 'BUTTON', '', 1, 1, '', 100006, 1, '[]', 'xcan_tp', :tenantId, -1, '2024-01-02 11:22:22', -1, '2024-01-02 11:22:22');
INSERT INTO `app_func` (`id`, `code`, `name`, `show_name`, `pid`, `icon`, `type`, `description`, `auth_ctrl_flag`, `enabled_flag`, `url`, `app_id`, `sequence`, `api_ids`, `client_id`, `tenant_id`, `created_by`, `created_date`, `last_modified_by`, `last_modified_date`) VALUES (1000061201024, 'DeptModify', '编辑部门', '编辑', 1000061201003, '', 'BUTTON', '', 1, 1, '', 100006, 1, '[]', 'xcan_tp', :tenantId, -1, '2024-01-02 11:22:22', -1, '2024-01-02 11:22:22');
INSERT INTO `app_func` (`id`, `code`, `name`, `show_name`, `pid`, `icon`, `type`, `description`, `auth_ctrl_flag`, `enabled_flag`, `url`, `app_id`, `sequence`, `api_ids`, `client_id`, `tenant_id`, `created_by`, `created_date`, `last_modified_by`, `last_modified_date`) VALUES (1000061201023, 'DeptRefresh', '刷新部门', '刷新', 1000061201003, '', 'BUTTON', '', 1, 1, '', 100006, 1, '[]', 'xcan_tp', :tenantId, -1, '2024-01-02 11:22:22', -1, '2024-01-02 11:22:22');
INSERT INTO `app_func` (`id`, `code`, `name`, `show_name`, `pid`, `icon`, `type`, `description`, `auth_ctrl_flag`, `enabled_flag`, `url`, `app_id`, `sequence`, `api_ids`, `client_id`, `tenant_id`, `created_by`, `created_date`, `last_modified_by`, `last_modified_date`) VALUES (1000061201026, 'DeptTagsAdd', '关联标签', '关联标签', 1000061201003, '', 'BUTTON', '', 1, 1, '', 100006, 1, '[]', 'xcan_tp', :tenantId, -1, '2024-01-02 11:22:22', -1, '2024-03-08 09:33:51');
INSERT INTO `app_func` (`id`, `code`, `name`, `show_name`, `pid`, `icon`, `type`, `description`, `auth_ctrl_flag`, `enabled_flag`, `url`, `app_id`, `sequence`, `api_ids`, `client_id`, `tenant_id`, `created_by`, `created_date`, `last_modified_by`, `last_modified_date`) VALUES (1000061201028, 'DeptUserAssociate', '关联用户', '关联用户', 1000061201003, '', 'BUTTON', '', 1, 1, '', 100006, 1, '[]', 'xcan_tp', :tenantId, -1, '2024-01-02 11:22:22', -1, '2024-03-08 09:35:34');
INSERT INTO `app_func` (`id`, `code`, `name`, `show_name`, `pid`, `icon`, `type`, `description`, `auth_ctrl_flag`, `enabled_flag`, `url`, `app_id`, `sequence`, `api_ids`, `client_id`, `tenant_id`, `created_by`, `created_date`, `last_modified_by`, `last_modified_date`) VALUES (1000061201029, 'DeptUserUnassociate', '取消关联', '取消关联', 1000061201003, '', 'BUTTON', '', 1, 1, '', 100006, 1, '[]', 'xcan_tp', :tenantId, -1, '2024-01-02 11:22:22', -1, '2024-03-08 09:35:45');
INSERT INTO `app_func` (`id`, `code`, `name`, `show_name`, `pid`, `icon`, `type`, `description`, `auth_ctrl_flag`, `enabled_flag`, `url`, `app_id`, `sequence`, `api_ids`, `client_id`, `tenant_id`, `created_by`, `created_date`, `last_modified_by`, `last_modified_date`) VALUES (1000061205031, 'EventContentView', '查看事件内容', '查看事件内容', 1000061205010, '', 'BUTTON', '', 1, 1, '', 100006, 1, '[]', 'xcan_tp', :tenantId, -1, '2024-01-02 11:22:22', -1, '2024-01-02 11:22:22');
INSERT INTO `app_func` (`id`, `code`, `name`, `show_name`, `pid`, `icon`, `type`, `description`, `auth_ctrl_flag`, `enabled_flag`, `url`, `app_id`, `sequence`, `api_ids`, `client_id`, `tenant_id`, `created_by`, `created_date`, `last_modified_by`, `last_modified_date`) VALUES (1000061205010, 'EventLog', '事件记录', '事件记录', 1000061205009, '', 'MENU', '', 1, 1, '/system/event/log', 100006, 3, '[]', 'xcan_tp', :tenantId, -1, '2024-01-02 11:22:22', -1, '2024-03-26 21:37:53');
INSERT INTO `app_func` (`id`, `code`, `name`, `show_name`, `pid`, `icon`, `type`, `description`, `auth_ctrl_flag`, `enabled_flag`, `url`, `app_id`, `sequence`, `api_ids`, `client_id`, `tenant_id`, `created_by`, `created_date`, `last_modified_by`, `last_modified_date`) VALUES (1000061205009, 'EventManagement', '事件管理', '事件管理', 1000061205001, 'icon-jieshouguanli', 'MENU', '', 1, 1, '/system/event', 100006, 8, '[]', 'xcan_tp', :tenantId, -1, '2024-01-02 11:22:22', -1, '2024-01-02 11:22:22');
INSERT INTO `app_func` (`id`, `code`, `name`, `show_name`, `pid`, `icon`, `type`, `description`, `auth_ctrl_flag`, `enabled_flag`, `url`, `app_id`, `sequence`, `api_ids`, `client_id`, `tenant_id`, `created_by`, `created_date`, `last_modified_by`, `last_modified_date`) VALUES (1000061205011, 'EventTemplate', '事件模版', '事件模版', 1000061205009, '', 'MENU', '', 1, 1, '/system/event/template', 100006, 2, '[]', 'xcan_tp', :tenantId, -1, '2024-01-02 11:22:22', -1, '2024-01-02 11:22:22');
INSERT INTO `app_func` (`id`, `code`, `name`, `show_name`, `pid`, `icon`, `type`, `description`, `auth_ctrl_flag`, `enabled_flag`, `url`, `app_id`, `sequence`, `api_ids`, `client_id`, `tenant_id`, `created_by`, `created_date`, `last_modified_by`, `last_modified_date`) VALUES (1000061202001, 'GlobalPermissions', '全局权限', '全局权限', -1, '', 'MENU', '', 1, 1, '/permissions', 100006, 2, '[]', 'xcan_tp', :tenantId, -1, '2024-01-02 11:22:22', -1, '2024-01-02 11:22:22');
INSERT INTO `app_func` (`id`, `code`, `name`, `show_name`, `pid`, `icon`, `type`, `description`, `auth_ctrl_flag`, `enabled_flag`, `url`, `app_id`, `sequence`, `api_ids`, `client_id`, `tenant_id`, `created_by`, `created_date`, `last_modified_by`, `last_modified_date`) VALUES (1000061201004, 'Group', '组', '组', 1000061201001, 'icon-zu', 'MENU', '', 1, 1, '/accounts/group', 100006, 3, '[]', 'xcan_tp', :tenantId, -1, '2024-01-02 11:22:22', -1, '2024-01-02 11:22:22');
INSERT INTO `app_func` (`id`, `code`, `name`, `show_name`, `pid`, `icon`, `type`, `description`, `auth_ctrl_flag`, `enabled_flag`, `url`, `app_id`, `sequence`, `api_ids`, `client_id`, `tenant_id`, `created_by`, `created_date`, `last_modified_by`, `last_modified_date`) VALUES (1000061201032, 'GroupAdd', '添加组', '添加组', 1000061201004, '', 'BUTTON', '', 1, 1, '/accounts/group/add', 100006, 1, '[]', 'xcan_tp', :tenantId, -1, '2024-01-02 11:22:22', -1, '2024-01-02 11:22:22');
INSERT INTO `app_func` (`id`, `code`, `name`, `show_name`, `pid`, `icon`, `type`, `description`, `auth_ctrl_flag`, `enabled_flag`, `url`, `app_id`, `sequence`, `api_ids`, `client_id`, `tenant_id`, `created_by`, `created_date`, `last_modified_by`, `last_modified_date`) VALUES (1000061201039, 'GroupAuthorizeCancel', '取消授权', '取消授权', 1000061201004, '', 'BUTTON', '', 1, 1, '', 100006, 1, '[]', 'xcan_tp', :tenantId, -1, '2024-01-02 11:22:22', -1, '2024-03-08 09:37:32');
INSERT INTO `app_func` (`id`, `code`, `name`, `show_name`, `pid`, `icon`, `type`, `description`, `auth_ctrl_flag`, `enabled_flag`, `url`, `app_id`, `sequence`, `api_ids`, `client_id`, `tenant_id`, `created_by`, `created_date`, `last_modified_by`, `last_modified_date`) VALUES (1000061201035, 'GroupDelete', '删除组', '删除', 1000061201004, '', 'BUTTON', '', 1, 1, '', 100006, 1, '[]', 'xcan_tp', :tenantId, -1, '2024-01-02 11:22:22', -1, '2024-01-02 11:22:22');
INSERT INTO `app_func` (`id`, `code`, `name`, `show_name`, `pid`, `icon`, `type`, `description`, `auth_ctrl_flag`, `enabled_flag`, `url`, `app_id`, `sequence`, `api_ids`, `client_id`, `tenant_id`, `created_by`, `created_date`, `last_modified_by`, `last_modified_date`) VALUES (1000061201040, 'GroupDetail', '查看组详情', '查看详情', 1000061201004, '', 'BUTTON', '', 1, 1, '/accounts/group/{id}', 100006, 1, '[]', 'xcan_tp', :tenantId, -1, '2024-01-02 11:22:22', -1, '2024-01-02 11:22:22');
INSERT INTO `app_func` (`id`, `code`, `name`, `show_name`, `pid`, `icon`, `type`, `description`, `auth_ctrl_flag`, `enabled_flag`, `url`, `app_id`, `sequence`, `api_ids`, `client_id`, `tenant_id`, `created_by`, `created_date`, `last_modified_by`, `last_modified_date`) VALUES (1000061201034, 'GroupEnable', '启用或禁用组', '启用|禁用', 1000061201004, '', 'BUTTON', '', 1, 1, '', 100006, 1, '[]', 'xcan_tp', :tenantId, -1, '2024-01-02 11:22:22', -1, '2024-03-08 09:38:09');
INSERT INTO `app_func` (`id`, `code`, `name`, `show_name`, `pid`, `icon`, `type`, `description`, `auth_ctrl_flag`, `enabled_flag`, `url`, `app_id`, `sequence`, `api_ids`, `client_id`, `tenant_id`, `created_by`, `created_date`, `last_modified_by`, `last_modified_date`) VALUES (1000061201033, 'GroupModify', '编辑组', '编辑', 1000061201004, '', 'BUTTON', '', 1, 1, '/accounts/group/edit/{id}', 100006, 1, '[]', 'xcan_tp', :tenantId, -1, '2024-01-02 11:22:22', -1, '2024-01-02 11:22:22');
INSERT INTO `app_func` (`id`, `code`, `name`, `show_name`, `pid`, `icon`, `type`, `description`, `auth_ctrl_flag`, `enabled_flag`, `url`, `app_id`, `sequence`, `api_ids`, `client_id`, `tenant_id`, `created_by`, `created_date`, `last_modified_by`, `last_modified_date`) VALUES (1000061201036, 'GroupUserAssociate', '关联用户', '关联用户', 1000061201004, '', 'BUTTON', '', 1, 1, '', 100006, 1, '[]', 'xcan_tp', :tenantId, -1, '2024-01-02 11:22:22', -1, '2024-03-08 09:37:16');
INSERT INTO `app_func` (`id`, `code`, `name`, `show_name`, `pid`, `icon`, `type`, `description`, `auth_ctrl_flag`, `enabled_flag`, `url`, `app_id`, `sequence`, `api_ids`, `client_id`, `tenant_id`, `created_by`, `created_date`, `last_modified_by`, `last_modified_date`) VALUES (1000061201037, 'GroupUserUnassociate', '取消关联', '取消关联', 1000061201004, '', 'BUTTON', '', 1, 1, '', 100006, 1, '[]', 'xcan_tp', :tenantId, -1, '2024-01-02 11:22:22', -1, '2024-01-02 11:22:22');
INSERT INTO `app_func` (`id`, `code`, `name`, `show_name`, `pid`, `icon`, `type`, `description`, `auth_ctrl_flag`, `enabled_flag`, `url`, `app_id`, `sequence`, `api_ids`, `client_id`, `tenant_id`, `created_by`, `created_date`, `last_modified_by`, `last_modified_date`) VALUES (1000061204010, 'InstalledGoodsDetail', '详情', '详情', 1000061204006, '', 'BUTTON', '', 1, 1, '/storespriv/goods/{id}', 100006, 1, '[]', 'xcan_tp', :tenantId, -1, '2024-01-02 11:22:22', -1, '2024-03-26 21:29:53');
INSERT INTO `app_func` (`id`, `code`, `name`, `show_name`, `pid`, `icon`, `type`, `description`, `auth_ctrl_flag`, `enabled_flag`, `url`, `app_id`, `sequence`, `api_ids`, `client_id`, `tenant_id`, `created_by`, `created_date`, `last_modified_by`, `last_modified_date`) VALUES (1000061204007, 'LcsPriv', '已安装许可', '已安装许可', 1000061204001, 'icon-xukeguanli', 'MENU', '', 1, 1, '/storespriv/lcs', 100006, 6, '[]', 'xcan_tp', :tenantId, -1, '2024-01-02 11:22:22', -1, '2024-01-02 11:22:22');
INSERT INTO `app_func` (`id`, `code`, `name`, `show_name`, `pid`, `icon`, `type`, `description`, `auth_ctrl_flag`, `enabled_flag`, `url`, `app_id`, `sequence`, `api_ids`, `client_id`, `tenant_id`, `created_by`, `created_date`, `last_modified_by`, `last_modified_date`) VALUES (1000061205006, 'Ldap', 'LDAP', 'LDAP', 1000061205001, 'icon-LDAP', 'MENU', '', 1, 1, '/system/ldap', 100006, 5, '[]', 'xcan_tp', :tenantId, -1, '2024-01-02 11:22:22', -1, '2024-01-02 11:22:22');
INSERT INTO `app_func` (`id`, `code`, `name`, `show_name`, `pid`, `icon`, `type`, `description`, `auth_ctrl_flag`, `enabled_flag`, `url`, `app_id`, `sequence`, `api_ids`, `client_id`, `tenant_id`, `created_by`, `created_date`, `last_modified_by`, `last_modified_date`) VALUES (1000061205033, 'LdapAdd', '添加LDAP服务', '添加LDAP服务', 1000061205006, '', 'BUTTON', '', 1, 1, '/system/ldap/add', 100006, 1, '[]', 'xcan_tp', :tenantId, -1, '2024-01-02 11:22:22', -1, '2024-01-02 11:22:22');
INSERT INTO `app_func` (`id`, `code`, `name`, `show_name`, `pid`, `icon`, `type`, `description`, `auth_ctrl_flag`, `enabled_flag`, `url`, `app_id`, `sequence`, `api_ids`, `client_id`, `tenant_id`, `created_by`, `created_date`, `last_modified_by`, `last_modified_date`) VALUES (1000061205039, 'LdapDataDelete', '删除目录和数据', '删除目录和数据', 1000061205006, '', 'BUTTON', '', 1, 1, '', 100006, 1, '[]', 'xcan_tp', :tenantId, -1, '2024-03-27 15:32:09', -1, '2024-03-27 15:32:09');
INSERT INTO `app_func` (`id`, `code`, `name`, `show_name`, `pid`, `icon`, `type`, `description`, `auth_ctrl_flag`, `enabled_flag`, `url`, `app_id`, `sequence`, `api_ids`, `client_id`, `tenant_id`, `created_by`, `created_date`, `last_modified_by`, `last_modified_date`) VALUES (1000061205037, 'LdapDelete', '删除LDAP', '删除', 1000061205006, '', 'BUTTON', '', 1, 1, '', 100006, 1, '[]', 'xcan_tp', :tenantId, -1, '2024-01-02 11:22:22', -1, '2024-01-02 11:22:22');
INSERT INTO `app_func` (`id`, `code`, `name`, `show_name`, `pid`, `icon`, `type`, `description`, `auth_ctrl_flag`, `enabled_flag`, `url`, `app_id`, `sequence`, `api_ids`, `client_id`, `tenant_id`, `created_by`, `created_date`, `last_modified_by`, `last_modified_date`) VALUES (1000061205034, 'LdapModify', '编辑LDAP', '编辑', 1000061205006, '', 'BUTTON', '', 1, 1, '/system/ldap/detail', 100006, 1, '[]', 'xcan_tp', :tenantId, -1, '2024-01-02 11:22:22', -1, '2024-01-02 11:22:22');
INSERT INTO `app_func` (`id`, `code`, `name`, `show_name`, `pid`, `icon`, `type`, `description`, `auth_ctrl_flag`, `enabled_flag`, `url`, `app_id`, `sequence`, `api_ids`, `client_id`, `tenant_id`, `created_by`, `created_date`, `last_modified_by`, `last_modified_date`) VALUES (1000061205038, 'LdapSetDefault', '启用或禁用', '启用|禁用', 1000061205006, '', 'BUTTON', '', 1, 1, '', 100006, 1, '[]', 'xcan_tp', :tenantId, -1, '2024-01-02 11:22:22', -1, '2024-03-08 09:42:13');
INSERT INTO `app_func` (`id`, `code`, `name`, `show_name`, `pid`, `icon`, `type`, `description`, `auth_ctrl_flag`, `enabled_flag`, `url`, `app_id`, `sequence`, `api_ids`, `client_id`, `tenant_id`, `created_by`, `created_date`, `last_modified_by`, `last_modified_date`) VALUES (1000061205035, 'LdapSyncData', '同步数据', '同步', 1000061205006, '', 'BUTTON', '', 1, 1, '', 100006, 1, '[]', 'xcan_tp', :tenantId, -1, '2024-01-02 11:22:22', -1, '2024-01-02 11:22:22');
INSERT INTO `app_func` (`id`, `code`, `name`, `show_name`, `pid`, `icon`, `type`, `description`, `auth_ctrl_flag`, `enabled_flag`, `url`, `app_id`, `sequence`, `api_ids`, `client_id`, `tenant_id`, `created_by`, `created_date`, `last_modified_by`, `last_modified_date`) VALUES (1000061205036, 'LdapTest', '测试LDAP', '测试', 1000061205006, '', 'BUTTON', '', 1, 1, '', 100006, 1, '[]', 'xcan_tp', :tenantId, -1, '2024-01-02 11:22:22', -1, '2024-01-02 11:22:22');
INSERT INTO `app_func` (`id`, `code`, `name`, `show_name`, `pid`, `icon`, `type`, `description`, `auth_ctrl_flag`, `enabled_flag`, `url`, `app_id`, `sequence`, `api_ids`, `client_id`, `tenant_id`, `created_by`, `created_date`, `last_modified_by`, `last_modified_date`) VALUES (1000061201011, 'LockingUser', '锁定或解锁用户', '锁定|解锁', 1000061201002, '', 'BUTTON', '', 1, 1, '', 100006, 1, '[]', 'xcan_tp', :tenantId, -1, '2024-01-02 11:22:22', -1, '2024-03-08 09:34:26');
INSERT INTO `app_func` (`id`, `code`, `name`, `show_name`, `pid`, `icon`, `type`, `description`, `auth_ctrl_flag`, `enabled_flag`, `url`, `app_id`, `sequence`, `api_ids`, `client_id`, `tenant_id`, `created_by`, `created_date`, `last_modified_by`, `last_modified_date`) VALUES (1000061205007, 'MailConfiguration', '邮箱配置', '邮箱配置', 1000061205001, 'icon-youxiangfuwuqi', 'MENU', '', 1, 1, '/system/email', 100006, 6, '[]', 'xcan_tp', :tenantId, -1, '2024-01-02 11:22:22', -1, '2024-01-02 11:22:22');
INSERT INTO `app_func` (`id`, `code`, `name`, `show_name`, `pid`, `icon`, `type`, `description`, `auth_ctrl_flag`, `enabled_flag`, `url`, `app_id`, `sequence`, `api_ids`, `client_id`, `tenant_id`, `created_by`, `created_date`, `last_modified_by`, `last_modified_date`) VALUES (1000061205065, 'MailSendRecords', '发送记录', '发送记录', 1000061205007, '', 'MENU', '', 1, 1, '/system/email/records', 100006, 2, '[]', 'xcan_tp', :tenantId, -1, '2024-01-02 11:22:22', -1, '2024-01-02 11:22:22');
INSERT INTO `app_func` (`id`, `code`, `name`, `show_name`, `pid`, `icon`, `type`, `description`, `auth_ctrl_flag`, `enabled_flag`, `url`, `app_id`, `sequence`, `api_ids`, `client_id`, `tenant_id`, `created_by`, `created_date`, `last_modified_by`, `last_modified_date`) VALUES (1000061205067, 'MailSendRecordsDetail', '详情', '详情', 1000061205065, '', 'BUTTON', '', 1, 1, '/system/email/records/{id}', 100006, 1, '[]', 'xcan_tp', :tenantId, -1, '2024-01-02 11:22:22', -1, '2024-01-02 11:22:22');
INSERT INTO `app_func` (`id`, `code`, `name`, `show_name`, `pid`, `icon`, `type`, `description`, `auth_ctrl_flag`, `enabled_flag`, `url`, `app_id`, `sequence`, `api_ids`, `client_id`, `tenant_id`, `created_by`, `created_date`, `last_modified_by`, `last_modified_date`) VALUES (1000061205058, 'MailServer', '邮件服务器', '邮件服务器', 1000061205007, '', 'MENU', '', 1, 1, '/system/email/service', 100006, 1, '[]', 'xcan_tp', :tenantId, -1, '2024-01-02 11:22:22', -1, '2024-01-02 11:22:22');
INSERT INTO `app_func` (`id`, `code`, `name`, `show_name`, `pid`, `icon`, `type`, `description`, `auth_ctrl_flag`, `enabled_flag`, `url`, `app_id`, `sequence`, `api_ids`, `client_id`, `tenant_id`, `created_by`, `created_date`, `last_modified_by`, `last_modified_date`) VALUES (1000061205060, 'MailServerAdd', '添加邮箱服务器', '添加邮箱服务器', 1000061205058, '', 'BUTTON', '', 1, 1, '/system/email/service/add', 100006, 1, '[]', 'xcan_tp', :tenantId, -1, '2024-01-02 11:22:22', -1, '2024-01-02 11:22:22');
INSERT INTO `app_func` (`id`, `code`, `name`, `show_name`, `pid`, `icon`, `type`, `description`, `auth_ctrl_flag`, `enabled_flag`, `url`, `app_id`, `sequence`, `api_ids`, `client_id`, `tenant_id`, `created_by`, `created_date`, `last_modified_by`, `last_modified_date`) VALUES (1000061205063, 'MailServerDelete', '删除邮箱服务器', '删除', 1000061205058, '', 'BUTTON', '', 1, 1, '', 100006, 1, '[]', 'xcan_tp', :tenantId, -1, '2024-01-02 11:22:22', -1, '2024-01-02 11:22:22');
INSERT INTO `app_func` (`id`, `code`, `name`, `show_name`, `pid`, `icon`, `type`, `description`, `auth_ctrl_flag`, `enabled_flag`, `url`, `app_id`, `sequence`, `api_ids`, `client_id`, `tenant_id`, `created_by`, `created_date`, `last_modified_by`, `last_modified_date`) VALUES (1000061205059, 'MailServerDetail', '查看邮箱服务器详情', '查看详情', 1000061205058, '', 'BUTTON', '', 1, 1, '/system/email/service/{id}', 100006, 1, '[]', 'xcan_tp', :tenantId, -1, '2024-01-02 11:22:22', -1, '2024-01-02 11:22:22');
INSERT INTO `app_func` (`id`, `code`, `name`, `show_name`, `pid`, `icon`, `type`, `description`, `auth_ctrl_flag`, `enabled_flag`, `url`, `app_id`, `sequence`, `api_ids`, `client_id`, `tenant_id`, `created_by`, `created_date`, `last_modified_by`, `last_modified_date`) VALUES (1000061205062, 'MailServerModify', '编辑邮箱服务器', '编辑', 1000061205058, '', 'BUTTON', '', 1, 1, '/system/email/service/edit/{id}', 100006, 1, '[]', 'xcan_tp', :tenantId, -1, '2024-01-02 11:22:22', -1, '2024-01-02 11:22:22');
INSERT INTO `app_func` (`id`, `code`, `name`, `show_name`, `pid`, `icon`, `type`, `description`, `auth_ctrl_flag`, `enabled_flag`, `url`, `app_id`, `sequence`, `api_ids`, `client_id`, `tenant_id`, `created_by`, `created_date`, `last_modified_by`, `last_modified_date`) VALUES (1000061205061, 'MailServerSetDefault', '设为默认或取消默认', '设为默认|取消默认', 1000061205058, '', 'BUTTON', '', 1, 1, '', 100006, 1, '[]', 'xcan_tp', :tenantId, -1, '2024-01-02 11:22:22', -1, '2024-03-08 09:42:39');
INSERT INTO `app_func` (`id`, `code`, `name`, `show_name`, `pid`, `icon`, `type`, `description`, `auth_ctrl_flag`, `enabled_flag`, `url`, `app_id`, `sequence`, `api_ids`, `client_id`, `tenant_id`, `created_by`, `created_date`, `last_modified_by`, `last_modified_date`) VALUES (1000061205064, 'MailServerTest', '测试邮箱服务器', '测试', 1000061205058, '', 'BUTTON', '', 1, 1, '', 100006, 1, '[]', 'xcan_tp', :tenantId, -1, '2024-01-02 11:22:22', -1, '2024-01-02 11:22:22');
INSERT INTO `app_func` (`id`, `code`, `name`, `show_name`, `pid`, `icon`, `type`, `description`, `auth_ctrl_flag`, `enabled_flag`, `url`, `app_id`, `sequence`, `api_ids`, `client_id`, `tenant_id`, `created_by`, `created_date`, `last_modified_by`, `last_modified_date`) VALUES (1000061203003, 'Message', '消息', '消息', 1000061203001, 'icon-fasongxiaoxi', 'MENU', '', 1, 1, '/messages/message', 100006, 2, '[]', 'xcan_tp', :tenantId, -1, '2024-01-02 11:22:22', -1, '2024-01-02 11:22:22');
INSERT INTO `app_func` (`id`, `code`, `name`, `show_name`, `pid`, `icon`, `type`, `description`, `auth_ctrl_flag`, `enabled_flag`, `url`, `app_id`, `sequence`, `api_ids`, `client_id`, `tenant_id`, `created_by`, `created_date`, `last_modified_by`, `last_modified_date`) VALUES (1000061203008, 'MessageDetail', '查看消息详情', '查看详情', 1000061203003, '', 'BUTTON', '', 1, 1, '/messages/message/{id}', 100006, 1, '[]', 'xcan_tp', :tenantId, -1, '2024-01-02 11:22:22', -1, '2024-01-02 11:22:22');
INSERT INTO `app_func` (`id`, `code`, `name`, `show_name`, `pid`, `icon`, `type`, `description`, `auth_ctrl_flag`, `enabled_flag`, `url`, `app_id`, `sequence`, `api_ids`, `client_id`, `tenant_id`, `created_by`, `created_date`, `last_modified_by`, `last_modified_date`) VALUES (1000061203007, 'MessageSend', '发送消息', '发送消息', 1000061203003, '', 'BUTTON', '', 1, 1, '/messages/message/send', 100006, 1, '[]', 'xcan_tp', :tenantId, -1, '2024-01-02 11:22:22', -1, '2024-01-02 11:22:22');
INSERT INTO `app_func` (`id`, `code`, `name`, `show_name`, `pid`, `icon`, `type`, `description`, `auth_ctrl_flag`, `enabled_flag`, `url`, `app_id`, `sequence`, `api_ids`, `client_id`, `tenant_id`, `created_by`, `created_date`, `last_modified_by`, `last_modified_date`) VALUES (1000061201027, 'Move', '移动部门', '移动', 1000061201003, '', 'BUTTON', '', 1, 1, '', 100006, 1, '[]', 'xcan_tp', :tenantId, -1, '2024-01-02 11:22:22', -1, '2024-01-02 11:22:22');
INSERT INTO `app_func` (`id`, `code`, `name`, `show_name`, `pid`, `icon`, `type`, `description`, `auth_ctrl_flag`, `enabled_flag`, `url`, `app_id`, `sequence`, `api_ids`, `client_id`, `tenant_id`, `created_by`, `created_date`, `last_modified_by`, `last_modified_date`) VALUES (1000061203002, 'Notice', '公告', '公告', 1000061203001, 'icon-gonggao', 'MENU', '', 1, 1, '/messages/notice', 100006, 1, '[]', 'xcan_tp', :tenantId, -1, '2024-01-02 11:22:22', -1, '2024-01-02 11:22:22');
INSERT INTO `app_func` (`id`, `code`, `name`, `show_name`, `pid`, `icon`, `type`, `description`, `auth_ctrl_flag`, `enabled_flag`, `url`, `app_id`, `sequence`, `api_ids`, `client_id`, `tenant_id`, `created_by`, `created_date`, `last_modified_by`, `last_modified_date`) VALUES (1000061203001, 'NoticeAndMessage', '公告与消息', '公告与消息', -1, '', 'MENU', '', 1, 1, '/messages', 100006, 3, '[]', 'xcan_tp', :tenantId, -1, '2024-01-02 11:22:22', -1, '2024-01-02 11:22:22');
INSERT INTO `app_func` (`id`, `code`, `name`, `show_name`, `pid`, `icon`, `type`, `description`, `auth_ctrl_flag`, `enabled_flag`, `url`, `app_id`, `sequence`, `api_ids`, `client_id`, `tenant_id`, `created_by`, `created_date`, `last_modified_by`, `last_modified_date`) VALUES (1000061203005, 'NoticeDelete', '删除公告', '删除', 1000061203002, '', 'BUTTON', '', 1, 1, '', 100006, 1, '[]', 'xcan_tp', :tenantId, -1, '2024-01-02 11:22:22', -1, '2024-01-02 11:22:22');
INSERT INTO `app_func` (`id`, `code`, `name`, `show_name`, `pid`, `icon`, `type`, `description`, `auth_ctrl_flag`, `enabled_flag`, `url`, `app_id`, `sequence`, `api_ids`, `client_id`, `tenant_id`, `created_by`, `created_date`, `last_modified_by`, `last_modified_date`) VALUES (1000061203006, 'NoticeDetail', '查看详情', '查看详情', 1000061203002, '', 'BUTTON', '', 1, 1, '/messages/notice/{id}', 100006, 1, '[]', 'xcan_tp', :tenantId, -1, '2024-01-02 11:22:22', -1, '2024-01-02 11:22:22');
INSERT INTO `app_func` (`id`, `code`, `name`, `show_name`, `pid`, `icon`, `type`, `description`, `auth_ctrl_flag`, `enabled_flag`, `url`, `app_id`, `sequence`, `api_ids`, `client_id`, `tenant_id`, `created_by`, `created_date`, `last_modified_by`, `last_modified_date`) VALUES (1000061203004, 'NoticePublish', '发布公告', '发布公告', 1000061203002, '', 'BUTTON', '', 1, 1, '/messages/notice/send', 100006, 1, '[]', 'xcan_tp', :tenantId, -1, '2024-01-02 11:22:22', -1, '2024-01-02 11:22:22');
INSERT INTO `app_func` (`id`, `code`, `name`, `show_name`, `pid`, `icon`, `type`, `description`, `auth_ctrl_flag`, `enabled_flag`, `url`, `app_id`, `sequence`, `api_ids`, `client_id`, `tenant_id`, `created_by`, `created_date`, `last_modified_by`, `last_modified_date`) VALUES (1000061205017, 'OnlineUser', '在线用户', '在线用户', 1000061205001, 'icon-zaixianyonghu', 'MENU', '', 1, 1, '/system/online', 100006, 13, '[]', 'xcan_tp', :tenantId, -1, '2024-01-02 11:22:22', -1, '2024-01-02 11:22:22');
INSERT INTO `app_func` (`id`, `code`, `name`, `show_name`, `pid`, `icon`, `type`, `description`, `auth_ctrl_flag`, `enabled_flag`, `url`, `app_id`, `sequence`, `api_ids`, `client_id`, `tenant_id`, `created_by`, `created_date`, `last_modified_by`, `last_modified_date`) VALUES (1000061205020, 'OperationLog', '操作日志', '操作日志', 1000061205016, '', 'MENU', '', 1, 1, '/system/log/op', 100006, 1, '[]', 'xcan_tp', :tenantId, -1, '2024-01-02 11:22:22', -1, '2024-01-02 11:22:22');
INSERT INTO `app_func` (`id`, `code`, `name`, `show_name`, `pid`, `icon`, `type`, `description`, `auth_ctrl_flag`, `enabled_flag`, `url`, `app_id`, `sequence`, `api_ids`, `client_id`, `tenant_id`, `created_by`, `created_date`, `last_modified_by`, `last_modified_date`) VALUES (1000061201001, 'OrganizationUser', '组织人员', '组织人员', -1, '', 'MENU', '', 1, 1, '/accounts', 100006, 1, '[]', 'xcan_tp', :tenantId, -1, '2024-01-02 11:22:22', -1, '2024-01-02 11:22:22');
INSERT INTO `app_func` (`id`, `code`, `name`, `show_name`, `pid`, `icon`, `type`, `description`, `auth_ctrl_flag`, `enabled_flag`, `url`, `app_id`, `sequence`, `api_ids`, `client_id`, `tenant_id`, `created_by`, `created_date`, `last_modified_by`, `last_modified_date`) VALUES (1000061202002, 'PermissionPolicy', '权限策略', '权限策略', 1000061202001, 'icon-quanxiancelve', 'MENU', '', 1, 1, '/permissions/policy', 100006, 1, '[]', 'xcan_tp', :tenantId, -1, '2024-01-02 11:22:22', -1, '2024-01-02 11:22:22');
INSERT INTO `app_func` (`id`, `code`, `name`, `show_name`, `pid`, `icon`, `type`, `description`, `auth_ctrl_flag`, `enabled_flag`, `url`, `app_id`, `sequence`, `api_ids`, `client_id`, `tenant_id`, `created_by`, `created_date`, `last_modified_by`, `last_modified_date`) VALUES (1000061202004, 'PolicyAdd', '添加授权策略', '添加授权策略', 1000061202002, '', 'BUTTON', '', 1, 1, '', 100006, 1, '[]', 'xcan_tp', :tenantId, -1, '2024-01-02 11:22:22', -1, '2024-01-02 11:22:22');
INSERT INTO `app_func` (`id`, `code`, `name`, `show_name`, `pid`, `icon`, `type`, `description`, `auth_ctrl_flag`, `enabled_flag`, `url`, `app_id`, `sequence`, `api_ids`, `client_id`, `tenant_id`, `created_by`, `created_date`, `last_modified_by`, `last_modified_date`) VALUES (1000061202007, 'PolicyDelete', '删除策略', '删除', 1000061202002, '', 'BUTTON', '', 1, 1, '', 100006, 1, '[]', 'xcan_tp', :tenantId, -1, '2024-01-02 11:22:22', -1, '2024-01-02 11:22:22');
INSERT INTO `app_func` (`id`, `code`, `name`, `show_name`, `pid`, `icon`, `type`, `description`, `auth_ctrl_flag`, `enabled_flag`, `url`, `app_id`, `sequence`, `api_ids`, `client_id`, `tenant_id`, `created_by`, `created_date`, `last_modified_by`, `last_modified_date`) VALUES (1000061202015, 'PolicyDetail', '查看策略详情', '查看详情', 1000061202002, '', 'BUTTON', '', 1, 1, '/permissions/policy/{id}', 100006, 1, '[]', 'xcan_tp', :tenantId, -1, '2024-01-02 11:22:22', -1, '2024-01-02 11:22:22');
INSERT INTO `app_func` (`id`, `code`, `name`, `show_name`, `pid`, `icon`, `type`, `description`, `auth_ctrl_flag`, `enabled_flag`, `url`, `app_id`, `sequence`, `api_ids`, `client_id`, `tenant_id`, `created_by`, `created_date`, `last_modified_by`, `last_modified_date`) VALUES (1000061202006, 'PolicyEnable', '启用或禁用策略', '启用|禁用', 1000061202002, '', 'BUTTON', '', 1, 1, '', 100006, 1, '[]', 'xcan_tp', :tenantId, -1, '2024-01-02 11:22:22', -1, '2024-03-08 09:40:18');
INSERT INTO `app_func` (`id`, `code`, `name`, `show_name`, `pid`, `icon`, `type`, `description`, `auth_ctrl_flag`, `enabled_flag`, `url`, `app_id`, `sequence`, `api_ids`, `client_id`, `tenant_id`, `created_by`, `created_date`, `last_modified_by`, `last_modified_date`) VALUES (1000061202008, 'PolicyModify', '修改策略', '修改策略', 1000061202002, '', 'BUTTON', '', 1, 1, '', 100006, 1, '[]', 'xcan_tp', :tenantId, -1, '2024-01-02 11:22:22', -1, '2024-01-02 11:22:22');
INSERT INTO `app_func` (`id`, `code`, `name`, `show_name`, `pid`, `icon`, `type`, `description`, `auth_ctrl_flag`, `enabled_flag`, `url`, `app_id`, `sequence`, `api_ids`, `client_id`, `tenant_id`, `created_by`, `created_date`, `last_modified_by`, `last_modified_date`) VALUES (1000061202019, 'PolicysAdd', '授权策略', '授权策略', 1000061202003, '', 'BUTTON', '', 1, 1, '', 100006, 1, '[]', 'xcan_tp', :tenantId, -1, '2024-01-02 11:22:22', -1, '2024-01-02 11:22:22');
INSERT INTO `app_func` (`id`, `code`, `name`, `show_name`, `pid`, `icon`, `type`, `description`, `auth_ctrl_flag`, `enabled_flag`, `url`, `app_id`, `sequence`, `api_ids`, `client_id`, `tenant_id`, `created_by`, `created_date`, `last_modified_by`, `last_modified_date`) VALUES (1000061202020, 'PolicysCancel', '取消策略', '取消授权', 1000061202003, '', 'BUTTON', '', 1, 1, '', 100006, 1, '[]', 'xcan_tp', :tenantId, -1, '2024-01-02 11:22:22', -1, '2024-02-21 10:07:33');
INSERT INTO `app_func` (`id`, `code`, `name`, `show_name`, `pid`, `icon`, `type`, `description`, `auth_ctrl_flag`, `enabled_flag`, `url`, `app_id`, `sequence`, `api_ids`, `client_id`, `tenant_id`, `created_by`, `created_date`, `last_modified_by`, `last_modified_date`) VALUES (1000061202021, 'DefaultAppPolicySetting', '设置应用默认授权策略', '设置应用默认授权策略', 1000061202002, '', 'BUTTON', '', 1, 1, '', 100006, 1, '[]', 'xcan_tp', :tenantId, -1, '2024-04-18 12:34:29', -1, '2024-04-18 12:34:29');
INSERT INTO `app_func` (`id`, `code`, `name`, `show_name`, `pid`, `icon`, `type`, `description`, `auth_ctrl_flag`, `enabled_flag`, `url`, `app_id`, `sequence`, `api_ids`, `client_id`, `tenant_id`, `created_by`, `created_date`, `last_modified_by`, `last_modified_date`) VALUES (1000061205032, 'ReceiveChannelConfigure', '配置接收通道', '配置接收通道', 1000061205011, '', 'BUTTON', '', 1, 1, '', 100006, 1, '[]', 'xcan_tp', :tenantId, -1, '2024-01-02 11:22:22', -1, '2024-01-02 11:22:22');
INSERT INTO `app_func` (`id`, `code`, `name`, `show_name`, `pid`, `icon`, `type`, `description`, `auth_ctrl_flag`, `enabled_flag`, `url`, `app_id`, `sequence`, `api_ids`, `client_id`, `tenant_id`, `created_by`, `created_date`, `last_modified_by`, `last_modified_date`) VALUES (1000061205012, 'ReceivingChannel', '接收通道', '接收通道', 1000061205009, '', 'MENU', '', 1, 1, '/system/event/channel', 100006, 1, '[]', 'xcan_tp', :tenantId, -1, '2024-01-02 11:22:22', -1, '2024-03-26 21:37:41');
INSERT INTO `app_func` (`id`, `code`, `name`, `show_name`, `pid`, `icon`, `type`, `description`, `auth_ctrl_flag`, `enabled_flag`, `url`, `app_id`, `sequence`, `api_ids`, `client_id`, `tenant_id`, `created_by`, `created_date`, `last_modified_by`, `last_modified_date`) VALUES (1000061205030, 'ReceivingChannelView', '查看接收通道', '查看接收通道', 1000061205010, '', 'BUTTON', '', 1, 1, '', 100006, 1, '[]', 'xcan_tp', :tenantId, -1, '2024-01-02 11:22:22', -1, '2024-01-02 11:22:22');
INSERT INTO `app_func` (`id`, `code`, `name`, `show_name`, `pid`, `icon`, `type`, `description`, `auth_ctrl_flag`, `enabled_flag`, `url`, `app_id`, `sequence`, `api_ids`, `client_id`, `tenant_id`, `created_by`, `created_date`, `last_modified_by`, `last_modified_date`) VALUES (1000061205005, 'RegistrationCenter', '注册中心', '注册中心', 1000061205001, 'icon-zhucezhongxin', 'MENU', '', 1, 1, '/system/register', 100006, 4, '[]', 'xcan_tp', :tenantId, -1, '2024-01-02 11:22:22', -1, '2024-01-02 11:22:22');
INSERT INTO `app_func` (`id`, `code`, `name`, `show_name`, `pid`, `icon`, `type`, `description`, `auth_ctrl_flag`, `enabled_flag`, `url`, `app_id`, `sequence`, `api_ids`, `client_id`, `tenant_id`, `created_by`, `created_date`, `last_modified_by`, `last_modified_date`) VALUES (1000061205022, 'RequestLog', '请求日志', '请求日志', 1000061205016, '', 'MENU', '', 1, 1, '/system/log/request', 100006, 3, '[]', 'xcan_tp', :tenantId, -1, '2024-01-02 11:22:22', -1, '2024-01-02 11:22:22');
INSERT INTO `app_func` (`id`, `code`, `name`, `show_name`, `pid`, `icon`, `type`, `description`, `auth_ctrl_flag`, `enabled_flag`, `url`, `app_id`, `sequence`, `api_ids`, `client_id`, `tenant_id`, `created_by`, `created_date`, `last_modified_by`, `last_modified_date`) VALUES (1000061201008, 'ResetPassword', '重置用户密码', '重置密码', 1000061201002, '', 'BUTTON', '', 1, 1, '', 100006, 1, '[]', 'xcan_tp', :tenantId, -1, '2024-01-02 11:22:22', -1, '2024-01-02 11:22:22');
INSERT INTO `app_func` (`id`, `code`, `name`, `show_name`, `pid`, `icon`, `type`, `description`, `auth_ctrl_flag`, `enabled_flag`, `url`, `app_id`, `sequence`, `api_ids`, `client_id`, `tenant_id`, `created_by`, `created_date`, `last_modified_by`, `last_modified_date`) VALUES (1000061205013, 'ResourceQuota', '资源配额', '资源配额', 1000061205001, 'icon-peie', 'MENU', '', 1, 1, '/system/quota', 100006, 9, '[]', 'xcan_tp', :tenantId, -1, '2024-01-02 11:22:22', -1, '2024-01-02 11:22:22');
INSERT INTO `app_func` (`id`, `code`, `name`, `show_name`, `pid`, `icon`, `type`, `description`, `auth_ctrl_flag`, `enabled_flag`, `url`, `app_id`, `sequence`, `api_ids`, `client_id`, `tenant_id`, `created_by`, `created_date`, `last_modified_by`, `last_modified_date`) VALUES (1000061205048, 'ResourceQuotaModify', '修改资源配额', '修改', 1000061205013, '', 'BUTTON', '', 1, 1, '', 100006, 1, '[]', 'xcan_tp', :tenantId, -1, '2024-01-02 11:22:22', -1, '2024-01-02 11:22:22');
INSERT INTO `app_func` (`id`, `code`, `name`, `show_name`, `pid`, `icon`, `type`, `description`, `auth_ctrl_flag`, `enabled_flag`, `url`, `app_id`, `sequence`, `api_ids`, `client_id`, `tenant_id`, `created_by`, `created_date`, `last_modified_by`, `last_modified_date`) VALUES (1000061205023, 'SMSChannel', '短信通道', '短信通道', 1000061205008, '', 'MENU', '', 1, 1, '/system/sms/channel', 100006, 1, '[]', 'xcan_tp', :tenantId, -1, '2024-01-02 11:22:22', -1, '2024-01-02 11:22:22');
INSERT INTO `app_func` (`id`, `code`, `name`, `show_name`, `pid`, `icon`, `type`, `description`, `auth_ctrl_flag`, `enabled_flag`, `url`, `app_id`, `sequence`, `api_ids`, `client_id`, `tenant_id`, `created_by`, `created_date`, `last_modified_by`, `last_modified_date`) VALUES (1000061205045, 'SMSChannelConfiguration', '配置短信通道', '配置', 1000061205023, '', 'BUTTON', '', 1, 1, '', 100006, 1, '[]', 'xcan_tp', :tenantId, -1, '2024-01-02 11:22:22', -1, '2024-01-02 11:22:22');
INSERT INTO `app_func` (`id`, `code`, `name`, `show_name`, `pid`, `icon`, `type`, `description`, `auth_ctrl_flag`, `enabled_flag`, `url`, `app_id`, `sequence`, `api_ids`, `client_id`, `tenant_id`, `created_by`, `created_date`, `last_modified_by`, `last_modified_date`) VALUES (1000061205046, 'SMSChannelEnable', '启用或禁用短信通道', '启用|禁用', 1000061205023, '', 'BUTTON', '', 1, 1, '', 100006, 1, '[]', 'xcan_tp', :tenantId, -1, '2024-01-02 11:22:22', -1, '2024-03-08 09:43:26');
INSERT INTO `app_func` (`id`, `code`, `name`, `show_name`, `pid`, `icon`, `type`, `description`, `auth_ctrl_flag`, `enabled_flag`, `url`, `app_id`, `sequence`, `api_ids`, `client_id`, `tenant_id`, `created_by`, `created_date`, `last_modified_by`, `last_modified_date`) VALUES (1000061205044, 'SMSChannelTest', '测试短信通道', '测试', 1000061205023, '', 'BUTTON', '', 1, 1, '', 100006, 1, '[]', 'xcan_tp', :tenantId, -1, '2024-01-02 11:22:22', -1, '2024-01-02 11:22:22');
INSERT INTO `app_func` (`id`, `code`, `name`, `show_name`, `pid`, `icon`, `type`, `description`, `auth_ctrl_flag`, `enabled_flag`, `url`, `app_id`, `sequence`, `api_ids`, `client_id`, `tenant_id`, `created_by`, `created_date`, `last_modified_by`, `last_modified_date`) VALUES (1000061205008, 'SMSConfiguration', '短信配置', '短信配置', 1000061205001, 'icon-duanxinpeizhi', 'MENU', '', 1, 1, '/system/sms', 100006, 7, '[]', 'xcan_tp', :tenantId, -1, '2024-01-02 11:22:22', -1, '2024-01-02 11:22:22');
INSERT INTO `app_func` (`id`, `code`, `name`, `show_name`, `pid`, `icon`, `type`, `description`, `auth_ctrl_flag`, `enabled_flag`, `url`, `app_id`, `sequence`, `api_ids`, `client_id`, `tenant_id`, `created_by`, `created_date`, `last_modified_by`, `last_modified_date`) VALUES (1000061205066, 'SMSSendRecords', '发送记录', '发送记录', 1000061205008, '', 'MENU', '', 1, 1, '/system/sms/records', 100006, 3, '[]', 'xcan_tp', :tenantId, -1, '2024-01-02 11:22:22', -1, '2024-01-02 11:22:22');
INSERT INTO `app_func` (`id`, `code`, `name`, `show_name`, `pid`, `icon`, `type`, `description`, `auth_ctrl_flag`, `enabled_flag`, `url`, `app_id`, `sequence`, `api_ids`, `client_id`, `tenant_id`, `created_by`, `created_date`, `last_modified_by`, `last_modified_date`) VALUES (1000061205068, 'SMSSendRecordsDetail', '详情', '详情', 1000061205066, '', 'BUTTON', '', 1, 1, '/system/sms/records/{id}', 100006, 1, '[]', 'xcan_tp', :tenantId, -1, '2024-01-02 11:22:22', -1, '2024-01-02 11:22:22');
INSERT INTO `app_func` (`id`, `code`, `name`, `show_name`, `pid`, `icon`, `type`, `description`, `auth_ctrl_flag`, `enabled_flag`, `url`, `app_id`, `sequence`, `api_ids`, `client_id`, `tenant_id`, `created_by`, `created_date`, `last_modified_by`, `last_modified_date`) VALUES (1000061205024, 'SMSTemplate', '短信模版', '短信模版', 1000061205008, '', 'MENU', '', 1, 1, '/system/sms/template', 100006, 2, '[]', 'xcan_tp', :tenantId, -1, '2024-01-02 11:22:22', -1, '2024-01-02 11:22:22');
INSERT INTO `app_func` (`id`, `code`, `name`, `show_name`, `pid`, `icon`, `type`, `description`, `auth_ctrl_flag`, `enabled_flag`, `url`, `app_id`, `sequence`, `api_ids`, `client_id`, `tenant_id`, `created_by`, `created_date`, `last_modified_by`, `last_modified_date`) VALUES (1000061205047, 'SMSTemplateModify', '编辑短信模版', '编辑', 1000061205024, '', 'BUTTON', '', 1, 1, '', 100006, 1, '[]', 'xcan_tp', :tenantId, -1, '2024-01-02 11:22:22', -1, '2024-01-02 11:22:22');
INSERT INTO `app_func` (`id`, `code`, `name`, `show_name`, `pid`, `icon`, `type`, `description`, `auth_ctrl_flag`, `enabled_flag`, `url`, `app_id`, `sequence`, `api_ids`, `client_id`, `tenant_id`, `created_by`, `created_date`, `last_modified_by`, `last_modified_date`) VALUES (1000061205004, 'SecuritySetting', '安全设置', '安全设置', 1000061205001, 'icon-anquanshezhi', 'MENU', '', 1, 1, '/system/security', 100006, 3, '[]', 'xcan_tp', :tenantId, -1, '2024-01-02 11:22:22', -1, '2024-01-02 11:22:22');
INSERT INTO `app_func` (`id`, `code`, `name`, `show_name`, `pid`, `icon`, `type`, `description`, `auth_ctrl_flag`, `enabled_flag`, `url`, `app_id`, `sequence`, `api_ids`, `client_id`, `tenant_id`, `created_by`, `created_date`, `last_modified_by`, `last_modified_date`) VALUES (1000061201012, 'SetIdentity', '设置用户身份', '设为系统用户|设为一般用户', 1000061201002, '', 'BUTTON', '', 1, 1, '', 100006, 1, '[]', 'xcan_tp', :tenantId, -1, '2024-01-02 11:22:22', -1, '2024-03-08 09:48:36');
INSERT INTO `app_func` (`id`, `code`, `name`, `show_name`, `pid`, `icon`, `type`, `description`, `auth_ctrl_flag`, `enabled_flag`, `url`, `app_id`, `sequence`, `api_ids`, `client_id`, `tenant_id`, `created_by`, `created_date`, `last_modified_by`, `last_modified_date`) VALUES (1000061205050, 'SignOut', '登出', '登出', 1000061205017, '', 'BUTTON', '', 1, 1, '', 100006, 1, '[]', 'xcan_tp', :tenantId, -1, '2024-01-02 11:22:22', -1, '2024-01-02 11:22:22');
INSERT INTO `app_func` (`id`, `code`, `name`, `show_name`, `pid`, `icon`, `type`, `description`, `auth_ctrl_flag`, `enabled_flag`, `url`, `app_id`, `sequence`, `api_ids`, `client_id`, `tenant_id`, `created_by`, `created_date`, `last_modified_by`, `last_modified_date`) VALUES (1000061205053, 'SiteDomainModify', '编辑站点域名', '编辑', 1000061205018, '', 'BUTTON', '', 1, 1, '', 100006, 1, '[]', 'xcan_tp', :tenantId, -1, '2024-01-02 11:22:22', -1, '2024-01-02 11:22:22');
INSERT INTO `app_func` (`id`, `code`, `name`, `show_name`, `pid`, `icon`, `type`, `description`, `auth_ctrl_flag`, `enabled_flag`, `url`, `app_id`, `sequence`, `api_ids`, `client_id`, `tenant_id`, `created_by`, `created_date`, `last_modified_by`, `last_modified_date`) VALUES (1000061205052, 'SiteNameModify', '编辑站点名称', '编辑', 1000061205018, '', 'BUTTON', '', 1, 1, '', 100006, 1, '[]', 'xcan_tp', :tenantId, -1, '2024-01-02 11:22:22', -1, '2024-01-02 11:22:22');
INSERT INTO `app_func` (`id`, `code`, `name`, `show_name`, `pid`, `icon`, `type`, `description`, `auth_ctrl_flag`, `enabled_flag`, `url`, `app_id`, `sequence`, `api_ids`, `client_id`, `tenant_id`, `created_by`, `created_date`, `last_modified_by`, `last_modified_date`) VALUES (1000061204001, 'Store', '商店', '商店', -1, '', 'MENU', '', 1, 1, '/stores', 100006, 4, '[]', 'xcan_tp', :tenantId, -1, '2024-01-02 11:22:22', -1, '2024-01-02 11:22:22');
INSERT INTO `app_func` (`id`, `code`, `name`, `show_name`, `pid`, `icon`, `type`, `description`, `auth_ctrl_flag`, `enabled_flag`, `url`, `app_id`, `sequence`, `api_ids`, `client_id`, `tenant_id`, `created_by`, `created_date`, `last_modified_by`, `last_modified_date`) VALUES (1000061204011, 'StoreGoodsCloudForPriv', '私有化云商店', '私有化云商店', 1000061204005, '', 'BUTTON', '', 1, 1, '/stores/cloud/open2p', 100006, 1, '[]', 'xcan_tp', :tenantId, -1, '2024-01-02 11:22:22', -1, '2024-03-26 21:20:56');
INSERT INTO `app_func` (`id`, `code`, `name`, `show_name`, `pid`, `icon`, `type`, `description`, `auth_ctrl_flag`, `enabled_flag`, `url`, `app_id`, `sequence`, `api_ids`, `client_id`, `tenant_id`, `created_by`, `created_date`, `last_modified_by`, `last_modified_date`) VALUES (1000061204012, 'StoreGoodsCloudForPrivDetail', '私有化云商店详情', '私有化云商店详情', 1000061204005, '', 'BUTTON', '', 1, 1, '/stores/cloud/open2p/{id}', 100006, 1, '[]', 'xcan_tp', :tenantId, -1, '2024-01-02 11:22:22', -1, '2024-03-26 21:20:59');
INSERT INTO `app_func` (`id`, `code`, `name`, `show_name`, `pid`, `icon`, `type`, `description`, `auth_ctrl_flag`, `enabled_flag`, `url`, `app_id`, `sequence`, `api_ids`, `client_id`, `tenant_id`, `created_by`, `created_date`, `last_modified_by`, `last_modified_date`) VALUES (1000061204005, 'StoreGoodsPriv', '云商店', '云商店', 1000061204001, 'icon-yunshangdian', 'MENU', '', 1, 0, '/storespriv/cloud', 100006, 4, '[]', 'xcan_tp', :tenantId, -1, '2024-01-02 11:22:22', -1, '2024-01-02 11:22:22');
INSERT INTO `app_func` (`id`, `code`, `name`, `show_name`, `pid`, `icon`, `type`, `description`, `auth_ctrl_flag`, `enabled_flag`, `url`, `app_id`, `sequence`, `api_ids`, `client_id`, `tenant_id`, `created_by`, `created_date`, `last_modified_by`, `last_modified_date`) VALUES (1000061204006, 'StoreInstallationPriv', '已安装商品', '已安装商品', 1000061204001, 'icon-wodeshangpin', 'MENU', '', 1, 1, '/storespriv/goods', 100006, 5, '[]', 'xcan_tp', :tenantId, -1, '2024-01-02 11:22:22', -1, '2024-01-02 11:22:22');
INSERT INTO `app_func` (`id`, `code`, `name`, `show_name`, `pid`, `icon`, `type`, `description`, `auth_ctrl_flag`, `enabled_flag`, `url`, `app_id`, `sequence`, `api_ids`, `client_id`, `tenant_id`, `created_by`, `created_date`, `last_modified_by`, `last_modified_date`) VALUES (1000061205001, 'System', '系统', '系统', -1, '', 'MENU', '', 1, 1, '/system', 100006, 5, '[]', 'xcan_tp', :tenantId, -1, '2024-01-02 11:22:22', -1, '2024-01-02 11:22:22');
INSERT INTO `app_func` (`id`, `code`, `name`, `show_name`, `pid`, `icon`, `type`, `description`, `auth_ctrl_flag`, `enabled_flag`, `url`, `app_id`, `sequence`, `api_ids`, `client_id`, `tenant_id`, `created_by`, `created_date`, `last_modified_by`, `last_modified_date`) VALUES (1000061205021, 'SystemLog', '系统日志', '系统日志', 1000061205016, '', 'MENU', '', 1, 1, '/system/log/system', 100006, 2, '[]', 'xcan_tp', :tenantId, -1, '2024-01-02 11:22:22', -1, '2024-01-02 11:22:22');
INSERT INTO `app_func` (`id`, `code`, `name`, `show_name`, `pid`, `icon`, `type`, `description`, `auth_ctrl_flag`, `enabled_flag`, `url`, `app_id`, `sequence`, `api_ids`, `client_id`, `tenant_id`, `created_by`, `created_date`, `last_modified_by`, `last_modified_date`) VALUES (1000061205019, 'SystemToken', '系统令牌', '系统令牌', 1000061205001, 'icon-xitonglingpai', 'MENU', '', 1, 1, '/system/token', 100006, 15, '[]', 'xcan_tp', :tenantId, -1, '2024-01-02 11:22:22', -1, '2024-01-02 11:22:22');
INSERT INTO `app_func` (`id`, `code`, `name`, `show_name`, `pid`, `icon`, `type`, `description`, `auth_ctrl_flag`, `enabled_flag`, `url`, `app_id`, `sequence`, `api_ids`, `client_id`, `tenant_id`, `created_by`, `created_date`, `last_modified_by`, `last_modified_date`) VALUES (1000061205056, 'SystemTokenAuthView', '查看授权', '查看授权', 1000061205019, '', 'BUTTON', '', 1, 1, '', 100006, 1, '[]', 'xcan_tp', :tenantId, -1, '2024-01-02 11:22:22', -1, '2024-01-02 11:22:22');
INSERT INTO `app_func` (`id`, `code`, `name`, `show_name`, `pid`, `icon`, `type`, `description`, `auth_ctrl_flag`, `enabled_flag`, `url`, `app_id`, `sequence`, `api_ids`, `client_id`, `tenant_id`, `created_by`, `created_date`, `last_modified_by`, `last_modified_date`) VALUES (1000061205054, 'SystemTokenCreate', '创建令牌', '创建令牌', 1000061205019, '', 'BUTTON', '', 1, 1, '', 100006, 1, '[]', 'xcan_tp', :tenantId, -1, '2024-01-02 11:22:22', -1, '2024-01-02 11:22:22');
INSERT INTO `app_func` (`id`, `code`, `name`, `show_name`, `pid`, `icon`, `type`, `description`, `auth_ctrl_flag`, `enabled_flag`, `url`, `app_id`, `sequence`, `api_ids`, `client_id`, `tenant_id`, `created_by`, `created_date`, `last_modified_by`, `last_modified_date`) VALUES (1000061205057, 'SystemTokenDelete', '删除令牌', '删除', 1000061205019, '', 'BUTTON', '', 1, 1, '', 100006, 1, '[]', 'xcan_tp', :tenantId, -1, '2024-01-02 11:22:22', -1, '2024-01-02 11:22:22');
INSERT INTO `app_func` (`id`, `code`, `name`, `show_name`, `pid`, `icon`, `type`, `description`, `auth_ctrl_flag`, `enabled_flag`, `url`, `app_id`, `sequence`, `api_ids`, `client_id`, `tenant_id`, `created_by`, `created_date`, `last_modified_by`, `last_modified_date`) VALUES (1000061205055, 'SystemTokenView', '查看令牌', '查看令牌', 1000061205019, '', 'BUTTON', '', 1, 1, '', 100006, 1, '[]', 'xcan_tp', :tenantId, -1, '2024-01-02 11:22:22', -1, '2024-01-02 11:22:22');
INSERT INTO `app_func` (`id`, `code`, `name`, `show_name`, `pid`, `icon`, `type`, `description`, `auth_ctrl_flag`, `enabled_flag`, `url`, `app_id`, `sequence`, `api_ids`, `client_id`, `tenant_id`, `created_by`, `created_date`, `last_modified_by`, `last_modified_date`) VALUES (1000061205002, 'SystemVersion', '系统版本', '系统版本', 1000061205001, 'icon-xitongbanben', 'MENU', '', 1, 1, '/system/version', 100006, 1, '[]', 'xcan_tp', :tenantId, -1, '2024-01-02 11:22:22', -1, '2024-01-02 11:22:22');
INSERT INTO `app_func` (`id`, `code`, `name`, `show_name`, `pid`, `icon`, `type`, `description`, `auth_ctrl_flag`, `enabled_flag`, `url`, `app_id`, `sequence`, `api_ids`, `client_id`, `tenant_id`, `created_by`, `created_date`, `last_modified_by`, `last_modified_date`) VALUES (1000061201005, 'Tag', '标签', '标签', 1000061201001, 'icon-biaoqian', 'MENU', '', 1, 1, '/accounts/tag', 100006, 4, '[]', 'xcan_tp', :tenantId, -1, '2024-01-02 11:22:22', -1, '2024-01-02 11:22:22');
INSERT INTO `app_func` (`id`, `code`, `name`, `show_name`, `pid`, `icon`, `type`, `description`, `auth_ctrl_flag`, `enabled_flag`, `url`, `app_id`, `sequence`, `api_ids`, `client_id`, `tenant_id`, `created_by`, `created_date`, `last_modified_by`, `last_modified_date`) VALUES (1000061201041, 'TagAdd', '添加标签', '添加', 1000061201005, '', 'BUTTON', '', 1, 1, '', 100006, 1, '[]', 'xcan_tp', :tenantId, -1, '2024-01-02 11:22:22', -1, '2024-01-02 11:22:22');
INSERT INTO `app_func` (`id`, `code`, `name`, `show_name`, `pid`, `icon`, `type`, `description`, `auth_ctrl_flag`, `enabled_flag`, `url`, `app_id`, `sequence`, `api_ids`, `client_id`, `tenant_id`, `created_by`, `created_date`, `last_modified_by`, `last_modified_date`) VALUES (1000061201043, 'TagDelete', '删除标签', '删除', 1000061201005, '', 'BUTTON', '', 1, 1, '', 100006, 1, '[]', 'xcan_tp', :tenantId, -1, '2024-01-02 11:22:22', -1, '2024-01-02 11:22:22');
INSERT INTO `app_func` (`id`, `code`, `name`, `show_name`, `pid`, `icon`, `type`, `description`, `auth_ctrl_flag`, `enabled_flag`, `url`, `app_id`, `sequence`, `api_ids`, `client_id`, `tenant_id`, `created_by`, `created_date`, `last_modified_by`, `last_modified_date`) VALUES (1000061201046, 'TagDeptAssociate', '关联部门', '关联部门', 1000061201005, '', 'BUTTON', '', 1, 1, '', 100006, 1, '[]', 'xcan_tp', :tenantId, -1, '2024-01-02 11:22:22', -1, '2024-03-08 09:39:25');
INSERT INTO `app_func` (`id`, `code`, `name`, `show_name`, `pid`, `icon`, `type`, `description`, `auth_ctrl_flag`, `enabled_flag`, `url`, `app_id`, `sequence`, `api_ids`, `client_id`, `tenant_id`, `created_by`, `created_date`, `last_modified_by`, `last_modified_date`) VALUES (1000061201047, 'TagDeptUnassociate', '取消关联部门', '取消关联', 1000061201005, '', 'BUTTON', '', 1, 1, '', 100006, 1, '[]', 'xcan_tp', :tenantId, -1, '2024-01-02 11:22:22', -1, '2024-01-02 11:22:22');
INSERT INTO `app_func` (`id`, `code`, `name`, `show_name`, `pid`, `icon`, `type`, `description`, `auth_ctrl_flag`, `enabled_flag`, `url`, `app_id`, `sequence`, `api_ids`, `client_id`, `tenant_id`, `created_by`, `created_date`, `last_modified_by`, `last_modified_date`) VALUES (1000061201048, 'TagGroupAssociate', '关联组', '关联组', 1000061201005, '', 'BUTTON', '', 1, 1, '', 100006, 1, '[]', 'xcan_tp', :tenantId, -1, '2024-01-02 11:22:22', -1, '2024-03-08 09:39:33');
INSERT INTO `app_func` (`id`, `code`, `name`, `show_name`, `pid`, `icon`, `type`, `description`, `auth_ctrl_flag`, `enabled_flag`, `url`, `app_id`, `sequence`, `api_ids`, `client_id`, `tenant_id`, `created_by`, `created_date`, `last_modified_by`, `last_modified_date`) VALUES (1000061201049, 'TagGroupUnassociate', '取消关联组', '取消关联', 1000061201005, '', 'BUTTON', '', 1, 1, '', 100006, 1, '[]', 'xcan_tp', :tenantId, -1, '2024-01-02 11:22:22', -1, '2024-01-02 11:22:22');
INSERT INTO `app_func` (`id`, `code`, `name`, `show_name`, `pid`, `icon`, `type`, `description`, `auth_ctrl_flag`, `enabled_flag`, `url`, `app_id`, `sequence`, `api_ids`, `client_id`, `tenant_id`, `created_by`, `created_date`, `last_modified_by`, `last_modified_date`) VALUES (1000061201042, 'TagModify', '编辑标签', '编辑', 1000061201005, '', 'BUTTON', '', 1, 1, '', 100006, 1, '[]', 'xcan_tp', :tenantId, -1, '2024-01-02 11:22:22', -1, '2024-01-02 11:22:22');
INSERT INTO `app_func` (`id`, `code`, `name`, `show_name`, `pid`, `icon`, `type`, `description`, `auth_ctrl_flag`, `enabled_flag`, `url`, `app_id`, `sequence`, `api_ids`, `client_id`, `tenant_id`, `created_by`, `created_date`, `last_modified_by`, `last_modified_date`) VALUES (1000061201044, 'TagUserAssociate', '关联用户', '关联用户', 1000061201005, '', 'BUTTON', '', 1, 1, '', 100006, 1, '[]', 'xcan_tp', :tenantId, -1, '2024-01-02 11:22:22', -1, '2024-03-08 09:39:15');
INSERT INTO `app_func` (`id`, `code`, `name`, `show_name`, `pid`, `icon`, `type`, `description`, `auth_ctrl_flag`, `enabled_flag`, `url`, `app_id`, `sequence`, `api_ids`, `client_id`, `tenant_id`, `created_by`, `created_date`, `last_modified_by`, `last_modified_date`) VALUES (1000061201045, 'TagUserUnassociate', '取消关联用户', '取消关联', 1000061201005, '', 'BUTTON', '', 1, 1, '', 100006, 1, '[]', 'xcan_tp', :tenantId, -1, '2024-01-02 11:22:22', -1, '2024-01-02 11:22:22');
INSERT INTO `app_func` (`id`, `code`, `name`, `show_name`, `pid`, `icon`, `type`, `description`, `auth_ctrl_flag`, `enabled_flag`, `url`, `app_id`, `sequence`, `api_ids`, `client_id`, `tenant_id`, `created_by`, `created_date`, `last_modified_by`, `last_modified_date`) VALUES (1000061205051, 'UploadLogo', '上传logo', '上传logo', 1000061205018, '', 'BUTTON', '', 1, 1, '', 100006, 1, '[]', 'xcan_tp', :tenantId, -1, '2024-01-02 11:22:22', -1, '2024-01-02 11:22:22');
INSERT INTO `app_func` (`id`, `code`, `name`, `show_name`, `pid`, `icon`, `type`, `description`, `auth_ctrl_flag`, `enabled_flag`, `url`, `app_id`, `sequence`, `api_ids`, `client_id`, `tenant_id`, `created_by`, `created_date`, `last_modified_by`, `last_modified_date`) VALUES (1000061201002, 'User', '用户', '用户', 1000061201001, 'icon-yonghu', 'MENU', '', 1, 1, '/accounts/user', 100006, 1, '[]', 'xcan_tp', :tenantId, -1, '2024-01-02 11:22:22', -1, '2024-01-02 11:22:22');
INSERT INTO `app_func` (`id`, `code`, `name`, `show_name`, `pid`, `icon`, `type`, `description`, `auth_ctrl_flag`, `enabled_flag`, `url`, `app_id`, `sequence`, `api_ids`, `client_id`, `tenant_id`, `created_by`, `created_date`, `last_modified_by`, `last_modified_date`) VALUES (1000061201006, 'UserAdd', '添加用户', '添加用户', 1000061201002, '', 'BUTTON', '', 1, 1, '/accounts/user/add', 100006, 1, '[]', 'xcan_tp', :tenantId, -1, '2024-01-02 11:22:22', -1, '2024-01-02 11:22:22');
INSERT INTO `app_func` (`id`, `code`, `name`, `show_name`, `pid`, `icon`, `type`, `description`, `auth_ctrl_flag`, `enabled_flag`, `url`, `app_id`, `sequence`, `api_ids`, `client_id`, `tenant_id`, `created_by`, `created_date`, `last_modified_by`, `last_modified_date`) VALUES (1000061201020, 'UserAuthorizeCancel', '取消授权', '取消授权', 1000061201002, '', 'BUTTON', '', 1, 1, '', 100006, 1, '[]', 'xcan_tp', :tenantId, -1, '2024-01-02 11:22:22', -1, '2024-03-08 09:33:18');
INSERT INTO `app_func` (`id`, `code`, `name`, `show_name`, `pid`, `icon`, `type`, `description`, `auth_ctrl_flag`, `enabled_flag`, `url`, `app_id`, `sequence`, `api_ids`, `client_id`, `tenant_id`, `created_by`, `created_date`, `last_modified_by`, `last_modified_date`) VALUES (1000061201010, 'UserDelete', '删除用户', '删除', 1000061201002, '', 'BUTTON', '', 1, 1, '', 100006, 1, '[]', 'xcan_tp', :tenantId, -1, '2024-01-02 11:22:22', -1, '2024-01-02 11:22:22');
INSERT INTO `app_func` (`id`, `code`, `name`, `show_name`, `pid`, `icon`, `type`, `description`, `auth_ctrl_flag`, `enabled_flag`, `url`, `app_id`, `sequence`, `api_ids`, `client_id`, `tenant_id`, `created_by`, `created_date`, `last_modified_by`, `last_modified_date`) VALUES (1000061201013, 'UserDeptAssociate', '关联部门', '关联部门', 1000061201002, '', 'BUTTON', '', 1, 1, '', 100006, 1, '[]', 'xcan_tp', :tenantId, -1, '2024-01-02 11:22:22', -1, '2024-03-08 09:32:12');
INSERT INTO `app_func` (`id`, `code`, `name`, `show_name`, `pid`, `icon`, `type`, `description`, `auth_ctrl_flag`, `enabled_flag`, `url`, `app_id`, `sequence`, `api_ids`, `client_id`, `tenant_id`, `created_by`, `created_date`, `last_modified_by`, `last_modified_date`) VALUES (1000061201014, 'UserDeptUnassociate', '取消关联部门', '取消关联', 1000061201002, '', 'BUTTON', '', 1, 1, '', 100006, 1, '[]', 'xcan_tp', :tenantId, -1, '2024-01-02 11:22:22', -1, '2024-03-08 09:32:20');
INSERT INTO `app_func` (`id`, `code`, `name`, `show_name`, `pid`, `icon`, `type`, `description`, `auth_ctrl_flag`, `enabled_flag`, `url`, `app_id`, `sequence`, `api_ids`, `client_id`, `tenant_id`, `created_by`, `created_date`, `last_modified_by`, `last_modified_date`) VALUES (1000061201021, 'UserDetail', '查看用户详情', '查看详情', 1000061201002, '', 'BUTTON', '', 1, 1, '/accounts/user/{id}', 100006, 1, '[]', 'xcan_tp', :tenantId, -1, '2024-01-02 11:22:22', -1, '2024-01-02 11:22:22');
INSERT INTO `app_func` (`id`, `code`, `name`, `show_name`, `pid`, `icon`, `type`, `description`, `auth_ctrl_flag`, `enabled_flag`, `url`, `app_id`, `sequence`, `api_ids`, `client_id`, `tenant_id`, `created_by`, `created_date`, `last_modified_by`, `last_modified_date`) VALUES (1000061201009, 'UserEnable', '启用或禁用用户', '启用|禁用', 1000061201002, '', 'BUTTON', '', 1, 1, '', 100006, 1, '[]', 'xcan_tp', :tenantId, -1, '2024-01-02 11:22:22', -1, '2024-03-08 09:31:54');
INSERT INTO `app_func` (`id`, `code`, `name`, `show_name`, `pid`, `icon`, `type`, `description`, `auth_ctrl_flag`, `enabled_flag`, `url`, `app_id`, `sequence`, `api_ids`, `client_id`, `tenant_id`, `created_by`, `created_date`, `last_modified_by`, `last_modified_date`) VALUES (1000061201015, 'UserGroupAssociate', '关联组', '关联组', 1000061201002, '', 'BUTTON', '', 1, 1, '', 100006, 1, '[]', 'xcan_tp', :tenantId, -1, '2024-01-02 11:22:22', -1, '2024-03-08 09:32:40');
INSERT INTO `app_func` (`id`, `code`, `name`, `show_name`, `pid`, `icon`, `type`, `description`, `auth_ctrl_flag`, `enabled_flag`, `url`, `app_id`, `sequence`, `api_ids`, `client_id`, `tenant_id`, `created_by`, `created_date`, `last_modified_by`, `last_modified_date`) VALUES (1000061201016, 'UserGroupUnassociate', '取消关联组', '取消关联', 1000061201002, '', 'BUTTON', '', 1, 1, '', 100006, 1, '[]', 'xcan_tp', :tenantId, -1, '2024-01-02 11:22:22', -1, '2024-03-08 09:32:31');
INSERT INTO `app_func` (`id`, `code`, `name`, `show_name`, `pid`, `icon`, `type`, `description`, `auth_ctrl_flag`, `enabled_flag`, `url`, `app_id`, `sequence`, `api_ids`, `client_id`, `tenant_id`, `created_by`, `created_date`, `last_modified_by`, `last_modified_date`) VALUES (1000061201007, 'UserModify', '编辑用户', '编辑', 1000061201002, '', 'BUTTON', '', 1, 1, '/accounts/user/edit/{id}', 100006, 1, '[]', 'xcan_tp', :tenantId, -1, '2024-01-02 11:22:22', -1, '2024-01-02 11:22:22');
INSERT INTO `app_func` (`id`, `code`, `name`, `show_name`, `pid`, `icon`, `type`, `description`, `auth_ctrl_flag`, `enabled_flag`, `url`, `app_id`, `sequence`, `api_ids`, `client_id`, `tenant_id`, `created_by`, `created_date`, `last_modified_by`, `last_modified_date`) VALUES (1000061201017, 'UserTagsAssociate', '关联标签', '关联标签', 1000061201002, '', 'BUTTON', '', 1, 1, '', 100006, 1, '[]', 'xcan_tp', :tenantId, -1, '2024-01-02 11:22:22', -1, '2024-03-08 09:32:51');
INSERT INTO `app_func` (`id`, `code`, `name`, `show_name`, `pid`, `icon`, `type`, `description`, `auth_ctrl_flag`, `enabled_flag`, `url`, `app_id`, `sequence`, `api_ids`, `client_id`, `tenant_id`, `created_by`, `created_date`, `last_modified_by`, `last_modified_date`) VALUES (1000061201018, 'UserTagsUnassociate', '取消关联标签', '取消关联', 1000061201002, '', 'BUTTON', '', 1, 1, '', 100006, 1, '[]', 'xcan_tp', :tenantId, -1, '2024-01-02 11:22:22', -1, '2024-03-08 09:33:00');
INSERT INTO `app_func` (`id`, `code`, `name`, `show_name`, `pid`, `icon`, `type`, `description`, `auth_ctrl_flag`, `enabled_flag`, `url`, `app_id`, `sequence`, `api_ids`, `client_id`, `tenant_id`, `created_by`, `created_date`, `last_modified_by`, `last_modified_date`) VALUES (1000061204013, 'info', '显示地址详情', '显示地址详情', 1000061204005, '', 'BUTTON', '', 1, 1, '/storespriv/cloud/info/{id}', 100006, 1, '[]', 'xcan_tp', :tenantId, -1, '2024-01-02 11:22:22', -1, '2024-03-26 21:21:02');
INSERT INTO `app_func` (`id`, `code`, `name`, `show_name`, `pid`, `icon`, `type`, `description`, `auth_ctrl_flag`, `enabled_flag`, `url`, `app_id`, `sequence`, `api_ids`, `client_id`, `tenant_id`, `created_by`, `created_date`, `last_modified_by`, `last_modified_date`) VALUES (1000061204014, 'open2p', '实际地址详情', '实际地址详情', 1000061204005, '', 'BUTTON', '', 1, 1, '/stores/cloud/open2p/{id}', 100006, 1, '[]', 'xcan_tp', :tenantId, -1, '2024-01-02 11:22:22', -1, '2024-03-26 21:21:12');

-- ----------------------------
-- Table data for web_tag
-- ----------------------------
INSERT INTO `web_tag` (`id`, `name`, `description`, `tenant_id`, `created_by`, `created_date`, `last_modified_by`, `last_modified_date`) VALUES (1, 'DYNAMIC_POSITION', '标识动态位置展示功能', :tenantId, -1, '2024-01-02 11:27:25', -1, '2024-01-02 11:27:55');
INSERT INTO `web_tag` (`id`, `name`, `description`, `tenant_id`, `created_by`, `created_date`, `last_modified_by`, `last_modified_date`) VALUES (2, 'FIXED_POSITION', '标识固定位置展示功能', :tenantId, -1, '2024-01-02 11:27:25', -1, '2024-01-02 11:27:55');
INSERT INTO `web_tag` (`id`, `name`, `description`, `tenant_id`, `created_by`, `created_date`, `last_modified_by`, `last_modified_date`) VALUES (5, 'DATACENTER', '标识数据中心版应用', :tenantId, -1, '2024-01-02 11:27:25', -1, '2024-01-02 11:27:55');
INSERT INTO `web_tag` (`id`, `name`, `description`, `tenant_id`, `created_by`, `created_date`, `last_modified_by`, `last_modified_date`) VALUES (7, 'DISPLAY_ON_NAVIGATOR', '控制在导航栏展示', 1, -1, '2024-01-02 11:27:25', -1, '2024-01-02 11:27:55');
INSERT INTO `web_tag` (`id`, `name`, `description`, `tenant_id`, `created_by`, `created_date`, `last_modified_by`, `last_modified_date`) VALUES (8, 'DISPLAY_ON_MENU', '控制在菜单栏展示', :tenantId, -1, '2024-01-02 11:27:25', -1, '2024-01-02 11:27:55');
INSERT INTO `web_tag` (`id`, `name`, `description`, `tenant_id`, `created_by`, `created_date`, `last_modified_by`, `last_modified_date`) VALUES (9, 'HEADER_MENU_POPOVER', '头部菜单自定义下拉菜单', :tenantId, -1, '2024-01-02 11:27:25', -1, '2024-01-02 11:27:25');

-- ----------------------------
-- Table data for web_tag_target
-- ----------------------------
-- Func Tag
INSERT INTO `web_tag_target` (`id`, `tag_id`, `target_type`, `target_id`, `tenant_id`, `created_by`, `created_date`) VALUES (215509679965473766, 1, 'MENU', 1000061205018, :tenantId, -1, '2024-03-27 14:30:43');
INSERT INTO `web_tag_target` (`id`, `tag_id`, `target_type`, `target_id`, `tenant_id`, `created_by`, `created_date`) VALUES (215509679965473767, 5, 'MENU', 1000061205018, :tenantId, -1, '2024-03-27 14:30:43');
INSERT INTO `web_tag_target` (`id`, `tag_id`, `target_type`, `target_id`, `tenant_id`, `created_by`, `created_date`) VALUES (215509802372041778, 1, 'MENU', 1000061205014, :tenantId, -1, '2024-03-27 14:28:38');
INSERT INTO `web_tag_target` (`id`, `tag_id`, `target_type`, `target_id`, `tenant_id`, `created_by`, `created_date`) VALUES (215509802372041779, 5, 'MENU', 1000061205014, :tenantId, -1, '2024-03-27 14:28:38');
INSERT INTO `web_tag_target` (`id`, `tag_id`, `target_type`, `target_id`, `tenant_id`, `created_by`, `created_date`) VALUES (215509679965473758, 2, 'BUTTON', 1000061205049, :tenantId, -1, '2024-03-27 14:28:51');
INSERT INTO `web_tag_target` (`id`, `tag_id`, `target_type`, `target_id`, `tenant_id`, `created_by`, `created_date`) VALUES (215509679965473759, 5, 'BUTTON', 1000061205049, :tenantId, -1, '2024-03-27 14:28:51');
INSERT INTO `web_tag_target` (`id`, `tag_id`, `target_type`, `target_id`, `tenant_id`, `created_by`, `created_date`) VALUES (215509802372041780, 1, 'MENU', 1000061205016, :tenantId, -1, '2024-03-27 14:29:04');
INSERT INTO `web_tag_target` (`id`, `tag_id`, `target_type`, `target_id`, `tenant_id`, `created_by`, `created_date`) VALUES (215509802372041781, 5, 'MENU', 1000061205016, :tenantId, -1, '2024-03-27 14:29:04');
INSERT INTO `web_tag_target` (`id`, `tag_id`, `target_type`, `target_id`, `tenant_id`, `created_by`, `created_date`) VALUES (215509802372041706, 2, 'BUTTON', 1000061202011, :tenantId, -1, '2024-03-27 14:07:31');
INSERT INTO `web_tag_target` (`id`, `tag_id`, `target_type`, `target_id`, `tenant_id`, `created_by`, `created_date`) VALUES (215509802372041707, 5, 'BUTTON', 1000061202011, :tenantId, -1, '2024-03-27 14:07:31');
INSERT INTO `web_tag_target` (`id`, `tag_id`, `target_type`, `target_id`, `tenant_id`, `created_by`, `created_date`) VALUES (215509679965473696, 2, 'BUTTON', 1000061202012, :tenantId, -1, '2024-03-27 14:07:40');
INSERT INTO `web_tag_target` (`id`, `tag_id`, `target_type`, `target_id`, `tenant_id`, `created_by`, `created_date`) VALUES (215509679965473697, 5, 'BUTTON', 1000061202012, :tenantId, -1, '2024-03-27 14:07:40');
INSERT INTO `web_tag_target` (`id`, `tag_id`, `target_type`, `target_id`, `tenant_id`, `created_by`, `created_date`) VALUES (215509802372041708, 2, 'BUTTON', 1000061202013, :tenantId, -1, '2024-03-27 14:07:47');
INSERT INTO `web_tag_target` (`id`, `tag_id`, `target_type`, `target_id`, `tenant_id`, `created_by`, `created_date`) VALUES (215509802372041709, 5, 'BUTTON', 1000061202013, :tenantId, -1, '2024-03-27 14:07:47');
INSERT INTO `web_tag_target` (`id`, `tag_id`, `target_type`, `target_id`, `tenant_id`, `created_by`, `created_date`) VALUES (215509802372041710, 2, 'BUTTON', 1000061202014, :tenantId, -1, '2024-03-27 14:07:55');
INSERT INTO `web_tag_target` (`id`, `tag_id`, `target_type`, `target_id`, `tenant_id`, `created_by`, `created_date`) VALUES (215509802372041711, 5, 'BUTTON', 1000061202014, :tenantId, -1, '2024-03-27 14:07:55');
INSERT INTO `web_tag_target` (`id`, `tag_id`, `target_type`, `target_id`, `tenant_id`, `created_by`, `created_date`) VALUES (215509802372041704, 2, 'BUTTON', 1000061202009, :tenantId, -1, '2024-03-27 14:07:06');
INSERT INTO `web_tag_target` (`id`, `tag_id`, `target_type`, `target_id`, `tenant_id`, `created_by`, `created_date`) VALUES (215509802372041705, 5, 'BUTTON', 1000061202009, :tenantId, -1, '2024-03-27 14:07:06');
INSERT INTO `web_tag_target` (`id`, `tag_id`, `target_type`, `target_id`, `tenant_id`, `created_by`, `created_date`) VALUES (215509679965473694, 2, 'BUTTON', 1000061202010, :tenantId, -1, '2024-03-27 14:07:21');
INSERT INTO `web_tag_target` (`id`, `tag_id`, `target_type`, `target_id`, `tenant_id`, `created_by`, `created_date`) VALUES (215509679965473695, 5, 'BUTTON', 1000061202010, :tenantId, -1, '2024-03-27 14:07:21');
INSERT INTO `web_tag_target` (`id`, `tag_id`, `target_type`, `target_id`, `tenant_id`, `created_by`, `created_date`) VALUES (215509679965473688, 2, 'BUTTON', 1000061202005, :tenantId, -1, '2024-03-27 14:06:27');
INSERT INTO `web_tag_target` (`id`, `tag_id`, `target_type`, `target_id`, `tenant_id`, `created_by`, `created_date`) VALUES (215509679965473689, 5, 'BUTTON', 1000061202005, :tenantId, -1, '2024-03-27 14:06:27');
INSERT INTO `web_tag_target` (`id`, `tag_id`, `target_type`, `target_id`, `tenant_id`, `created_by`, `created_date`) VALUES (215509802372041714, 2, 'BUTTON', 1000061202017, :tenantId, -1, '2024-03-27 14:08:34');
INSERT INTO `web_tag_target` (`id`, `tag_id`, `target_type`, `target_id`, `tenant_id`, `created_by`, `created_date`) VALUES (215509802372041715, 5, 'BUTTON', 1000061202017, :tenantId, -1, '2024-03-27 14:08:34');
INSERT INTO `web_tag_target` (`id`, `tag_id`, `target_type`, `target_id`, `tenant_id`, `created_by`, `created_date`) VALUES (215509679965473700, 2, 'BUTTON', 1000061202018, :tenantId, -1, '2024-03-27 14:08:42');
INSERT INTO `web_tag_target` (`id`, `tag_id`, `target_type`, `target_id`, `tenant_id`, `created_by`, `created_date`) VALUES (215509679965473701, 5, 'BUTTON', 1000061202018, :tenantId, -1, '2024-03-27 14:08:42');
INSERT INTO `web_tag_target` (`id`, `tag_id`, `target_type`, `target_id`, `tenant_id`, `created_by`, `created_date`) VALUES (215509802372041657, 2, 'BUTTON', 1000061201019, :tenantId, -1, '2024-03-27 12:30:41');
INSERT INTO `web_tag_target` (`id`, `tag_id`, `target_type`, `target_id`, `tenant_id`, `created_by`, `created_date`) VALUES (215509802372041658, 5, 'BUTTON', 1000061201019, :tenantId, -1, '2024-03-27 12:30:41');
INSERT INTO `web_tag_target` (`id`, `tag_id`, `target_type`, `target_id`, `tenant_id`, `created_by`, `created_date`) VALUES (215509802372041712, 2, 'BUTTON', 1000061202016, :tenantId, -1, '2024-03-27 14:08:27');
INSERT INTO `web_tag_target` (`id`, `tag_id`, `target_type`, `target_id`, `tenant_id`, `created_by`, `created_date`) VALUES (215509802372041713, 5, 'BUTTON', 1000061202016, :tenantId, -1, '2024-03-27 14:08:27');
INSERT INTO `web_tag_target` (`id`, `tag_id`, `target_type`, `target_id`, `tenant_id`, `created_by`, `created_date`) VALUES (215509679965473684, 1, 'MENU', 1000061202003, :tenantId, -1, '2024-03-27 14:05:53');
INSERT INTO `web_tag_target` (`id`, `tag_id`, `target_type`, `target_id`, `tenant_id`, `created_by`, `created_date`) VALUES (215509679965473685, 5, 'MENU', 1000061202003, :tenantId, -1, '2024-03-27 14:05:53');
INSERT INTO `web_tag_target` (`id`, `tag_id`, `target_type`, `target_id`, `tenant_id`, `created_by`, `created_date`) VALUES (215509802372041688, 2, 'BUTTON', 1000061201038, :tenantId, -1, '2024-03-27 14:02:23');
INSERT INTO `web_tag_target` (`id`, `tag_id`, `target_type`, `target_id`, `tenant_id`, `created_by`, `created_date`) VALUES (215509802372041689, 5, 'BUTTON', 1000061201038, :tenantId, -1, '2024-03-27 14:02:23');
INSERT INTO `web_tag_target` (`id`, `tag_id`, `target_type`, `target_id`, `tenant_id`, `created_by`, `created_date`) VALUES (215509679965473744, 2, 'BUTTON', 1000061205069, :tenantId, -1, '2024-03-27 14:25:51');
INSERT INTO `web_tag_target` (`id`, `tag_id`, `target_type`, `target_id`, `tenant_id`, `created_by`, `created_date`) VALUES (215509679965473745, 5, 'BUTTON', 1000061205069, :tenantId, -1, '2024-03-27 14:25:51');
INSERT INTO `web_tag_target` (`id`, `tag_id`, `target_type`, `target_id`, `tenant_id`, `created_by`, `created_date`) VALUES (215509679965473746, 2, 'BUTTON', 1000061205070, :tenantId, -1, '2024-03-27 14:26:02');
INSERT INTO `web_tag_target` (`id`, `tag_id`, `target_type`, `target_id`, `tenant_id`, `created_by`, `created_date`) VALUES (215509679965473747, 5, 'BUTTON', 1000061205070, :tenantId, -1, '2024-03-27 14:26:02');
INSERT INTO `web_tag_target` (`id`, `tag_id`, `target_type`, `target_id`, `tenant_id`, `created_by`, `created_date`) VALUES (215509679965473748, 2, 'BUTTON', 1000061205071, :tenantId, -1, '2024-03-27 14:26:11');
INSERT INTO `web_tag_target` (`id`, `tag_id`, `target_type`, `target_id`, `tenant_id`, `created_by`, `created_date`) VALUES (215509679965473749, 5, 'BUTTON', 1000061205071, :tenantId, -1, '2024-03-27 14:26:11');
INSERT INTO `web_tag_target` (`id`, `tag_id`, `target_type`, `target_id`, `tenant_id`, `created_by`, `created_date`) VALUES (215509679965473750, 2, 'BUTTON', 1000061205072, :tenantId, -1, '2024-03-27 14:26:19');
INSERT INTO `web_tag_target` (`id`, `tag_id`, `target_type`, `target_id`, `tenant_id`, `created_by`, `created_date`) VALUES (215509679965473751, 5, 'BUTTON', 1000061205072, :tenantId, -1, '2024-03-27 14:26:19');
INSERT INTO `web_tag_target` (`id`, `tag_id`, `target_type`, `target_id`, `tenant_id`, `created_by`, `created_date`) VALUES (215509679965473618, 1, 'MENU', 1000061201003, :tenantId, -1, '2024-03-27 12:31:34');
INSERT INTO `web_tag_target` (`id`, `tag_id`, `target_type`, `target_id`, `tenant_id`, `created_by`, `created_date`) VALUES (215509679965473619, 5, 'MENU', 1000061201003, :tenantId, -1, '2024-03-27 12:31:34');
INSERT INTO `web_tag_target` (`id`, `tag_id`, `target_type`, `target_id`, `tenant_id`, `created_by`, `created_date`) VALUES (215509679965473620, 2, 'BUTTON', 1000061201022, :tenantId, -1, '2024-03-27 12:31:48');
INSERT INTO `web_tag_target` (`id`, `tag_id`, `target_type`, `target_id`, `tenant_id`, `created_by`, `created_date`) VALUES (215509679965473621, 5, 'BUTTON', 1000061201022, :tenantId, -1, '2024-03-27 12:31:48');
INSERT INTO `web_tag_target` (`id`, `tag_id`, `target_type`, `target_id`, `tenant_id`, `created_by`, `created_date`) VALUES (215509802372041680, 2, 'BUTTON', 1000061201030, :tenantId, -1, '2024-03-27 13:55:03');
INSERT INTO `web_tag_target` (`id`, `tag_id`, `target_type`, `target_id`, `tenant_id`, `created_by`, `created_date`) VALUES (215509802372041681, 5, 'BUTTON', 1000061201030, :tenantId, -1, '2024-03-27 13:55:03');
INSERT INTO `web_tag_target` (`id`, `tag_id`, `target_type`, `target_id`, `tenant_id`, `created_by`, `created_date`) VALUES (215509802372041682, 2, 'BUTTON', 1000061201031, :tenantId, -1, '2024-03-27 13:56:33');
INSERT INTO `web_tag_target` (`id`, `tag_id`, `target_type`, `target_id`, `tenant_id`, `created_by`, `created_date`) VALUES (215509802372041683, 5, 'BUTTON', 1000061201031, :tenantId, -1, '2024-03-27 13:56:33');
INSERT INTO `web_tag_target` (`id`, `tag_id`, `target_type`, `target_id`, `tenant_id`, `created_by`, `created_date`) VALUES (215509679965473624, 2, 'BUTTON', 1000061201025, :tenantId, -1, '2024-03-27 12:32:18');
INSERT INTO `web_tag_target` (`id`, `tag_id`, `target_type`, `target_id`, `tenant_id`, `created_by`, `created_date`) VALUES (215509679965473625, 5, 'BUTTON', 1000061201025, :tenantId, -1, '2024-03-27 12:32:18');
INSERT INTO `web_tag_target` (`id`, `tag_id`, `target_type`, `target_id`, `tenant_id`, `created_by`, `created_date`) VALUES (215509679965473622, 2, 'BUTTON', 1000061201024, :tenantId, -1, '2024-03-27 12:32:05');
INSERT INTO `web_tag_target` (`id`, `tag_id`, `target_type`, `target_id`, `tenant_id`, `created_by`, `created_date`) VALUES (215509679965473623, 5, 'BUTTON', 1000061201024, :tenantId, -1, '2024-03-27 12:32:05');
INSERT INTO `web_tag_target` (`id`, `tag_id`, `target_type`, `target_id`, `tenant_id`, `created_by`, `created_date`) VALUES (215509802372041659, 2, 'BUTTON', 1000061201023, :tenantId, -1, '2024-03-27 12:31:57');
INSERT INTO `web_tag_target` (`id`, `tag_id`, `target_type`, `target_id`, `tenant_id`, `created_by`, `created_date`) VALUES (215509802372041660, 5, 'BUTTON', 1000061201023, :tenantId, -1, '2024-03-27 12:31:57');
INSERT INTO `web_tag_target` (`id`, `tag_id`, `target_type`, `target_id`, `tenant_id`, `created_by`, `created_date`) VALUES (215509802372041661, 2, 'BUTTON', 1000061201026, :tenantId, -1, '2024-03-27 12:32:26');
INSERT INTO `web_tag_target` (`id`, `tag_id`, `target_type`, `target_id`, `tenant_id`, `created_by`, `created_date`) VALUES (215509802372041662, 5, 'BUTTON', 1000061201026, :tenantId, -1, '2024-03-27 12:32:26');
INSERT INTO `web_tag_target` (`id`, `tag_id`, `target_type`, `target_id`, `tenant_id`, `created_by`, `created_date`) VALUES (215509679965473626, 2, 'BUTTON', 1000061201028, :tenantId, -1, '2024-03-27 12:32:46');
INSERT INTO `web_tag_target` (`id`, `tag_id`, `target_type`, `target_id`, `tenant_id`, `created_by`, `created_date`) VALUES (215509679965473627, 5, 'BUTTON', 1000061201028, :tenantId, -1, '2024-03-27 12:32:46');
INSERT INTO `web_tag_target` (`id`, `tag_id`, `target_type`, `target_id`, `tenant_id`, `created_by`, `created_date`) VALUES (215509679965473628, 2, 'BUTTON', 1000061201029, :tenantId, -1, '2024-03-27 12:32:54');
INSERT INTO `web_tag_target` (`id`, `tag_id`, `target_type`, `target_id`, `tenant_id`, `created_by`, `created_date`) VALUES (215509679965473629, 5, 'BUTTON', 1000061201029, :tenantId, -1, '2024-03-27 12:32:54');
INSERT INTO `web_tag_target` (`id`, `tag_id`, `target_type`, `target_id`, `tenant_id`, `created_by`, `created_date`) VALUES (215509802372041774, 2, 'BUTTON', 1000061205031, :tenantId, -1, '2024-03-27 14:27:51');
INSERT INTO `web_tag_target` (`id`, `tag_id`, `target_type`, `target_id`, `tenant_id`, `created_by`, `created_date`) VALUES (215509802372041775, 5, 'BUTTON', 1000061205031, :tenantId, -1, '2024-03-27 14:27:51');
INSERT INTO `web_tag_target` (`id`, `tag_id`, `target_type`, `target_id`, `tenant_id`, `created_by`, `created_date`) VALUES (215509679965473752, 1, 'MENU', 1000061205010, :tenantId, -1, '2024-03-27 14:27:24');
INSERT INTO `web_tag_target` (`id`, `tag_id`, `target_type`, `target_id`, `tenant_id`, `created_by`, `created_date`) VALUES (215509679965473753, 5, 'MENU', 1000061205010, :tenantId, -1, '2024-03-27 14:27:24');
INSERT INTO `web_tag_target` (`id`, `tag_id`, `target_type`, `target_id`, `tenant_id`, `created_by`, `created_date`) VALUES (215509679965473740, 1, 'MENU', 1000061205009, :tenantId, -1, '2024-03-27 14:25:13');
INSERT INTO `web_tag_target` (`id`, `tag_id`, `target_type`, `target_id`, `tenant_id`, `created_by`, `created_date`) VALUES (215509679965473741, 5, 'MENU', 1000061205009, :tenantId, -1, '2024-03-27 14:25:13');
INSERT INTO `web_tag_target` (`id`, `tag_id`, `target_type`, `target_id`, `tenant_id`, `created_by`, `created_date`) VALUES (215509802372041770, 1, 'MENU', 1000061205011, :tenantId, -1, '2024-03-27 14:26:56');
INSERT INTO `web_tag_target` (`id`, `tag_id`, `target_type`, `target_id`, `tenant_id`, `created_by`, `created_date`) VALUES (215509802372041771, 5, 'MENU', 1000061205011, :tenantId, -1, '2024-03-27 14:26:56');
INSERT INTO `web_tag_target` (`id`, `tag_id`, `target_type`, `target_id`, `tenant_id`, `created_by`, `created_date`) VALUES (215509802372041639, 1, 'MENU', 1000061202001, :tenantId, -1, '2024-03-27 12:27:39');
INSERT INTO `web_tag_target` (`id`, `tag_id`, `target_type`, `target_id`, `tenant_id`, `created_by`, `created_date`) VALUES (215509802372041640, 5, 'MENU', 1000061202001, :tenantId, -1, '2024-03-27 12:27:39');
INSERT INTO `web_tag_target` (`id`, `tag_id`, `target_type`, `target_id`, `tenant_id`, `created_by`, `created_date`) VALUES (215509679965473645, 1, 'MENU', 1000061201004, :tenantId, -1, '2024-03-27 14:01:02');
INSERT INTO `web_tag_target` (`id`, `tag_id`, `target_type`, `target_id`, `tenant_id`, `created_by`, `created_date`) VALUES (215509679965473646, 5, 'MENU', 1000061201004, :tenantId, -1, '2024-03-27 14:01:02');
INSERT INTO `web_tag_target` (`id`, `tag_id`, `target_type`, `target_id`, `tenant_id`, `created_by`, `created_date`) VALUES (215509679965473647, 2, 'BUTTON', 1000061201032, :tenantId, -1, '2024-03-27 14:01:27');
INSERT INTO `web_tag_target` (`id`, `tag_id`, `target_type`, `target_id`, `tenant_id`, `created_by`, `created_date`) VALUES (215509679965473648, 5, 'BUTTON', 1000061201032, :tenantId, -1, '2024-03-27 14:01:27');
INSERT INTO `web_tag_target` (`id`, `tag_id`, `target_type`, `target_id`, `tenant_id`, `created_by`, `created_date`) VALUES (215509679965473657, 2, 'BUTTON', 1000061201039, :tenantId, -1, '2024-03-27 14:02:44');
INSERT INTO `web_tag_target` (`id`, `tag_id`, `target_type`, `target_id`, `tenant_id`, `created_by`, `created_date`) VALUES (215509679965473658, 5, 'BUTTON', 1000061201039, :tenantId, -1, '2024-03-27 14:02:44');
INSERT INTO `web_tag_target` (`id`, `tag_id`, `target_type`, `target_id`, `tenant_id`, `created_by`, `created_date`) VALUES (215509679965473653, 2, 'BUTTON', 1000061201035, :tenantId, -1, '2024-03-27 14:01:54');
INSERT INTO `web_tag_target` (`id`, `tag_id`, `target_type`, `target_id`, `tenant_id`, `created_by`, `created_date`) VALUES (215509679965473654, 5, 'BUTTON', 1000061201035, :tenantId, -1, '2024-03-27 14:01:54');
INSERT INTO `web_tag_target` (`id`, `tag_id`, `target_type`, `target_id`, `tenant_id`, `created_by`, `created_date`) VALUES (215509679965473659, 2, 'BUTTON', 1000061201040, :tenantId, -1, '2024-03-27 14:02:54');
INSERT INTO `web_tag_target` (`id`, `tag_id`, `target_type`, `target_id`, `tenant_id`, `created_by`, `created_date`) VALUES (215509679965473660, 5, 'BUTTON', 1000061201040, :tenantId, -1, '2024-03-27 14:02:54');
INSERT INTO `web_tag_target` (`id`, `tag_id`, `target_type`, `target_id`, `tenant_id`, `created_by`, `created_date`) VALUES (215509679965473651, 2, 'BUTTON', 1000061201034, :tenantId, -1, '2024-03-27 14:01:45');
INSERT INTO `web_tag_target` (`id`, `tag_id`, `target_type`, `target_id`, `tenant_id`, `created_by`, `created_date`) VALUES (215509679965473652, 5, 'BUTTON', 1000061201034, :tenantId, -1, '2024-03-27 14:01:45');
INSERT INTO `web_tag_target` (`id`, `tag_id`, `target_type`, `target_id`, `tenant_id`, `created_by`, `created_date`) VALUES (215509679965473649, 2, 'BUTTON', 1000061201033, :tenantId, -1, '2024-03-27 14:01:35');
INSERT INTO `web_tag_target` (`id`, `tag_id`, `target_type`, `target_id`, `tenant_id`, `created_by`, `created_date`) VALUES (215509679965473650, 5, 'BUTTON', 1000061201033, :tenantId, -1, '2024-03-27 14:01:35');
INSERT INTO `web_tag_target` (`id`, `tag_id`, `target_type`, `target_id`, `tenant_id`, `created_by`, `created_date`) VALUES (215509802372041686, 2, 'BUTTON', 1000061201036, :tenantId, -1, '2024-03-27 14:02:02');
INSERT INTO `web_tag_target` (`id`, `tag_id`, `target_type`, `target_id`, `tenant_id`, `created_by`, `created_date`) VALUES (215509802372041687, 5, 'BUTTON', 1000061201036, :tenantId, -1, '2024-03-27 14:02:02');
INSERT INTO `web_tag_target` (`id`, `tag_id`, `target_type`, `target_id`, `tenant_id`, `created_by`, `created_date`) VALUES (215509679965473655, 2, 'BUTTON', 1000061201037, :tenantId, -1, '2024-03-27 14:02:15');
INSERT INTO `web_tag_target` (`id`, `tag_id`, `target_type`, `target_id`, `tenant_id`, `created_by`, `created_date`) VALUES (215509679965473656, 5, 'BUTTON', 1000061201037, :tenantId, -1, '2024-03-27 14:02:15');
INSERT INTO `web_tag_target` (`id`, `tag_id`, `target_type`, `target_id`, `tenant_id`, `created_by`, `created_date`) VALUES (215509802372041734, 2, 'BUTTON', 1000061204010, :tenantId, -1, '2024-03-27 14:15:02');
INSERT INTO `web_tag_target` (`id`, `tag_id`, `target_type`, `target_id`, `tenant_id`, `created_by`, `created_date`) VALUES (215509802372041735, 5, 'BUTTON', 1000061204010, :tenantId, -1, '2024-03-27 14:15:02');
INSERT INTO `web_tag_target` (`id`, `tag_id`, `target_type`, `target_id`, `tenant_id`, `created_by`, `created_date`) VALUES (215509679965473714, 1, 'MENU', 1000061204007, :tenantId, -1, '2024-03-27 14:14:49');
INSERT INTO `web_tag_target` (`id`, `tag_id`, `target_type`, `target_id`, `tenant_id`, `created_by`, `created_date`) VALUES (215509679965473715, 5, 'MENU', 1000061204007, :tenantId, -1, '2024-03-27 14:14:49');
INSERT INTO `web_tag_target` (`id`, `tag_id`, `target_type`, `target_id`, `tenant_id`, `created_by`, `created_date`) VALUES (215509679965473718, 1, 'MENU', 1000061205006, :tenantId, -1, '2024-03-27 14:19:23');
INSERT INTO `web_tag_target` (`id`, `tag_id`, `target_type`, `target_id`, `tenant_id`, `created_by`, `created_date`) VALUES (215509679965473719, 5, 'MENU', 1000061205006, :tenantId, -1, '2024-03-27 14:19:23');
INSERT INTO `web_tag_target` (`id`, `tag_id`, `target_type`, `target_id`, `tenant_id`, `created_by`, `created_date`) VALUES (215509802372041742, 2, 'BUTTON', 1000061205033, :tenantId, -1, '2024-03-27 14:19:33');
INSERT INTO `web_tag_target` (`id`, `tag_id`, `target_type`, `target_id`, `tenant_id`, `created_by`, `created_date`) VALUES (215509802372041743, 5, 'BUTTON', 1000061205033, :tenantId, -1, '2024-03-27 14:19:33');
INSERT INTO `web_tag_target` (`id`, `tag_id`, `target_type`, `target_id`, `tenant_id`, `created_by`, `created_date`) VALUES (215509802372041800, 2, 'BUTTON', 1000061205039, :tenantId, -1, '2024-03-27 15:45:59');
INSERT INTO `web_tag_target` (`id`, `tag_id`, `target_type`, `target_id`, `tenant_id`, `created_by`, `created_date`) VALUES (215509802372041801, 5, 'BUTTON', 1000061205039, :tenantId, -1, '2024-03-27 15:45:59');
INSERT INTO `web_tag_target` (`id`, `tag_id`, `target_type`, `target_id`, `tenant_id`, `created_by`, `created_date`) VALUES (215509679965473724, 2, 'BUTTON', 1000061205037, :tenantId, -1, '2024-03-27 14:20:42');
INSERT INTO `web_tag_target` (`id`, `tag_id`, `target_type`, `target_id`, `tenant_id`, `created_by`, `created_date`) VALUES (215509679965473725, 5, 'BUTTON', 1000061205037, :tenantId, -1, '2024-03-27 14:20:42');
INSERT INTO `web_tag_target` (`id`, `tag_id`, `target_type`, `target_id`, `tenant_id`, `created_by`, `created_date`) VALUES (215509679965473720, 2, 'BUTTON', 1000061205034, :tenantId, -1, '2024-03-27 14:19:42');
INSERT INTO `web_tag_target` (`id`, `tag_id`, `target_type`, `target_id`, `tenant_id`, `created_by`, `created_date`) VALUES (215509679965473721, 5, 'BUTTON', 1000061205034, :tenantId, -1, '2024-03-27 14:19:42');
INSERT INTO `web_tag_target` (`id`, `tag_id`, `target_type`, `target_id`, `tenant_id`, `created_by`, `created_date`) VALUES (215509679965473726, 2, 'BUTTON', 1000061205038, :tenantId, -1, '2024-03-27 14:20:51');
INSERT INTO `web_tag_target` (`id`, `tag_id`, `target_type`, `target_id`, `tenant_id`, `created_by`, `created_date`) VALUES (215509679965473727, 5, 'BUTTON', 1000061205038, :tenantId, -1, '2024-03-27 14:20:51');
INSERT INTO `web_tag_target` (`id`, `tag_id`, `target_type`, `target_id`, `tenant_id`, `created_by`, `created_date`) VALUES (215509679965473722, 2, 'BUTTON', 1000061205035, :tenantId, -1, '2024-03-27 14:19:54');
INSERT INTO `web_tag_target` (`id`, `tag_id`, `target_type`, `target_id`, `tenant_id`, `created_by`, `created_date`) VALUES (215509679965473723, 5, 'BUTTON', 1000061205035, :tenantId, -1, '2024-03-27 14:19:54');
INSERT INTO `web_tag_target` (`id`, `tag_id`, `target_type`, `target_id`, `tenant_id`, `created_by`, `created_date`) VALUES (215509802372041744, 2, 'BUTTON', 1000061205036, :tenantId, -1, '2024-03-27 14:20:03');
INSERT INTO `web_tag_target` (`id`, `tag_id`, `target_type`, `target_id`, `tenant_id`, `created_by`, `created_date`) VALUES (215509802372041745, 5, 'BUTTON', 1000061205036, :tenantId, -1, '2024-03-27 14:20:03');
INSERT INTO `web_tag_target` (`id`, `tag_id`, `target_type`, `target_id`, `tenant_id`, `created_by`, `created_date`) VALUES (215509679965473606, 2, 'BUTTON', 1000061201011, :tenantId, -1, '2024-03-27 12:29:21');
INSERT INTO `web_tag_target` (`id`, `tag_id`, `target_type`, `target_id`, `tenant_id`, `created_by`, `created_date`) VALUES (215509679965473607, 5, 'BUTTON', 1000061201011, :tenantId, -1, '2024-03-27 12:29:21');
INSERT INTO `web_tag_target` (`id`, `tag_id`, `target_type`, `target_id`, `tenant_id`, `created_by`, `created_date`) VALUES (215509802372041746, 1, 'MENU', 1000061205007, :tenantId, -1, '2024-03-27 14:21:09');
INSERT INTO `web_tag_target` (`id`, `tag_id`, `target_type`, `target_id`, `tenant_id`, `created_by`, `created_date`) VALUES (215509802372041747, 5, 'MENU', 1000061205007, :tenantId, -1, '2024-03-27 14:21:09');
INSERT INTO `web_tag_target` (`id`, `tag_id`, `target_type`, `target_id`, `tenant_id`, `created_by`, `created_date`) VALUES (215509679965473732, 1, 'MENU', 1000061205065, :tenantId, -1, '2024-03-27 14:22:54');
INSERT INTO `web_tag_target` (`id`, `tag_id`, `target_type`, `target_id`, `tenant_id`, `created_by`, `created_date`) VALUES (215509679965473733, 5, 'MENU', 1000061205065, :tenantId, -1, '2024-03-27 14:22:54');
INSERT INTO `web_tag_target` (`id`, `tag_id`, `target_type`, `target_id`, `tenant_id`, `created_by`, `created_date`) VALUES (215509802372041758, 2, 'BUTTON', 1000061205067, :tenantId, -1, '2024-03-27 14:23:06');
INSERT INTO `web_tag_target` (`id`, `tag_id`, `target_type`, `target_id`, `tenant_id`, `created_by`, `created_date`) VALUES (215509802372041759, 5, 'BUTTON', 1000061205067, :tenantId, -1, '2024-03-27 14:23:06');
INSERT INTO `web_tag_target` (`id`, `tag_id`, `target_type`, `target_id`, `tenant_id`, `created_by`, `created_date`) VALUES (215509679965473728, 1, 'MENU', 1000061205058, :tenantId, -1, '2024-03-27 14:21:17');
INSERT INTO `web_tag_target` (`id`, `tag_id`, `target_type`, `target_id`, `tenant_id`, `created_by`, `created_date`) VALUES (215509679965473729, 5, 'MENU', 1000061205058, :tenantId, -1, '2024-03-27 14:21:17');
INSERT INTO `web_tag_target` (`id`, `tag_id`, `target_type`, `target_id`, `tenant_id`, `created_by`, `created_date`) VALUES (215509802372041750, 2, 'BUTTON', 1000061205060, :tenantId, -1, '2024-03-27 14:21:39');
INSERT INTO `web_tag_target` (`id`, `tag_id`, `target_type`, `target_id`, `tenant_id`, `created_by`, `created_date`) VALUES (215509802372041751, 5, 'BUTTON', 1000061205060, :tenantId, -1, '2024-03-27 14:21:39');
INSERT INTO `web_tag_target` (`id`, `tag_id`, `target_type`, `target_id`, `tenant_id`, `created_by`, `created_date`) VALUES (215509802372041754, 2, 'BUTTON', 1000061205063, :tenantId, -1, '2024-03-27 14:22:21');
INSERT INTO `web_tag_target` (`id`, `tag_id`, `target_type`, `target_id`, `tenant_id`, `created_by`, `created_date`) VALUES (215509802372041755, 5, 'BUTTON', 1000061205063, :tenantId, -1, '2024-03-27 14:22:21');
INSERT INTO `web_tag_target` (`id`, `tag_id`, `target_type`, `target_id`, `tenant_id`, `created_by`, `created_date`) VALUES (215509802372041748, 2, 'BUTTON', 1000061205059, :tenantId, -1, '2024-03-27 14:21:29');
INSERT INTO `web_tag_target` (`id`, `tag_id`, `target_type`, `target_id`, `tenant_id`, `created_by`, `created_date`) VALUES (215509802372041749, 5, 'BUTTON', 1000061205059, :tenantId, -1, '2024-03-27 14:21:29');
INSERT INTO `web_tag_target` (`id`, `tag_id`, `target_type`, `target_id`, `tenant_id`, `created_by`, `created_date`) VALUES (215509679965473730, 2, 'BUTTON', 1000061205062, :tenantId, -1, '2024-03-27 14:22:08');
INSERT INTO `web_tag_target` (`id`, `tag_id`, `target_type`, `target_id`, `tenant_id`, `created_by`, `created_date`) VALUES (215509679965473731, 5, 'BUTTON', 1000061205062, :tenantId, -1, '2024-03-27 14:22:08');
INSERT INTO `web_tag_target` (`id`, `tag_id`, `target_type`, `target_id`, `tenant_id`, `created_by`, `created_date`) VALUES (215509802372041752, 2, 'BUTTON', 1000061205061, :tenantId, -1, '2024-03-27 14:21:52');
INSERT INTO `web_tag_target` (`id`, `tag_id`, `target_type`, `target_id`, `tenant_id`, `created_by`, `created_date`) VALUES (215509802372041753, 5, 'BUTTON', 1000061205061, :tenantId, -1, '2024-03-27 14:21:52');
INSERT INTO `web_tag_target` (`id`, `tag_id`, `target_type`, `target_id`, `tenant_id`, `created_by`, `created_date`) VALUES (215509802372041756, 2, 'BUTTON', 1000061205064, :tenantId, -1, '2024-03-27 14:22:31');
INSERT INTO `web_tag_target` (`id`, `tag_id`, `target_type`, `target_id`, `tenant_id`, `created_by`, `created_date`) VALUES (215509802372041757, 5, 'BUTTON', 1000061205064, :tenantId, -1, '2024-03-27 14:22:31');
INSERT INTO `web_tag_target` (`id`, `tag_id`, `target_type`, `target_id`, `tenant_id`, `created_by`, `created_date`) VALUES (215509802372041718, 1, 'MENU', 1000061203003, :tenantId, -1, '2024-03-27 14:09:27');
INSERT INTO `web_tag_target` (`id`, `tag_id`, `target_type`, `target_id`, `tenant_id`, `created_by`, `created_date`) VALUES (215509802372041719, 5, 'MENU', 1000061203003, :tenantId, -1, '2024-03-27 14:09:27');
INSERT INTO `web_tag_target` (`id`, `tag_id`, `target_type`, `target_id`, `tenant_id`, `created_by`, `created_date`) VALUES (215509679965473710, 2, 'BUTTON', 1000061203008, :tenantId, -1, '2024-03-27 14:10:23');
INSERT INTO `web_tag_target` (`id`, `tag_id`, `target_type`, `target_id`, `tenant_id`, `created_by`, `created_date`) VALUES (215509679965473711, 5, 'BUTTON', 1000061203008, :tenantId, -1, '2024-03-27 14:10:23');
INSERT INTO `web_tag_target` (`id`, `tag_id`, `target_type`, `target_id`, `tenant_id`, `created_by`, `created_date`) VALUES (215509679965473708, 2, 'BUTTON', 1000061203007, :tenantId, -1, '2024-03-27 14:10:15');
INSERT INTO `web_tag_target` (`id`, `tag_id`, `target_type`, `target_id`, `tenant_id`, `created_by`, `created_date`) VALUES (215509679965473709, 5, 'BUTTON', 1000061203007, :tenantId, -1, '2024-03-27 14:10:15');
INSERT INTO `web_tag_target` (`id`, `tag_id`, `target_type`, `target_id`, `tenant_id`, `created_by`, `created_date`) VALUES (215509802372041663, 2, 'BUTTON', 1000061201027, :tenantId, -1, '2024-03-27 12:32:37');
INSERT INTO `web_tag_target` (`id`, `tag_id`, `target_type`, `target_id`, `tenant_id`, `created_by`, `created_date`) VALUES (215509802372041664, 5, 'BUTTON', 1000061201027, :tenantId, -1, '2024-03-27 12:32:37');
INSERT INTO `web_tag_target` (`id`, `tag_id`, `target_type`, `target_id`, `tenant_id`, `created_by`, `created_date`) VALUES (215509679965473704, 1, 'MENU', 1000061203002, :tenantId, -1, '2024-03-27 14:09:17');
INSERT INTO `web_tag_target` (`id`, `tag_id`, `target_type`, `target_id`, `tenant_id`, `created_by`, `created_date`) VALUES (215509679965473705, 5, 'MENU', 1000061203002, :tenantId, -1, '2024-03-27 14:09:17');
INSERT INTO `web_tag_target` (`id`, `tag_id`, `target_type`, `target_id`, `tenant_id`, `created_by`, `created_date`) VALUES (215509679965473596, 1, 'MENU', 1000061203001, :tenantId, -1, '2024-03-27 12:27:50');
INSERT INTO `web_tag_target` (`id`, `tag_id`, `target_type`, `target_id`, `tenant_id`, `created_by`, `created_date`) VALUES (215509679965473597, 5, 'MENU', 1000061203001, :tenantId, -1, '2024-03-27 12:27:50');
INSERT INTO `web_tag_target` (`id`, `tag_id`, `target_type`, `target_id`, `tenant_id`, `created_by`, `created_date`) VALUES (215509802372041720, 2, 'BUTTON', 1000061203005, :tenantId, -1, '2024-03-27 14:09:54');
INSERT INTO `web_tag_target` (`id`, `tag_id`, `target_type`, `target_id`, `tenant_id`, `created_by`, `created_date`) VALUES (215509802372041721, 5, 'BUTTON', 1000061203005, :tenantId, -1, '2024-03-27 14:09:54');
INSERT INTO `web_tag_target` (`id`, `tag_id`, `target_type`, `target_id`, `tenant_id`, `created_by`, `created_date`) VALUES (215509802372041722, 2, 'BUTTON', 1000061203006, :tenantId, -1, '2024-03-27 14:10:02');
INSERT INTO `web_tag_target` (`id`, `tag_id`, `target_type`, `target_id`, `tenant_id`, `created_by`, `created_date`) VALUES (215509802372041723, 5, 'BUTTON', 1000061203006, :tenantId, -1, '2024-03-27 14:10:02');
INSERT INTO `web_tag_target` (`id`, `tag_id`, `target_type`, `target_id`, `tenant_id`, `created_by`, `created_date`) VALUES (215509679965473706, 2, 'BUTTON', 1000061203004, :tenantId, -1, '2024-03-27 14:09:37');
INSERT INTO `web_tag_target` (`id`, `tag_id`, `target_type`, `target_id`, `tenant_id`, `created_by`, `created_date`) VALUES (215509679965473707, 5, 'BUTTON', 1000061203004, :tenantId, -1, '2024-03-27 14:09:37');
INSERT INTO `web_tag_target` (`id`, `tag_id`, `target_type`, `target_id`, `tenant_id`, `created_by`, `created_date`) VALUES (215509679965473764, 1, 'MENU', 1000061205017, :tenantId, -1, '2024-03-27 14:30:13');
INSERT INTO `web_tag_target` (`id`, `tag_id`, `target_type`, `target_id`, `tenant_id`, `created_by`, `created_date`) VALUES (215509679965473765, 5, 'MENU', 1000061205017, :tenantId, -1, '2024-03-27 14:30:13');
INSERT INTO `web_tag_target` (`id`, `tag_id`, `target_type`, `target_id`, `tenant_id`, `created_by`, `created_date`) VALUES (215509679965473760, 1, 'MENU', 1000061205020, :tenantId, -1, '2024-03-27 14:29:22');
INSERT INTO `web_tag_target` (`id`, `tag_id`, `target_type`, `target_id`, `tenant_id`, `created_by`, `created_date`) VALUES (215509679965473761, 5, 'MENU', 1000061205020, :tenantId, -1, '2024-03-27 14:29:22');
INSERT INTO `web_tag_target` (`id`, `tag_id`, `target_type`, `target_id`, `tenant_id`, `created_by`, `created_date`) VALUES (215509679965473594, 1, 'MENU', 1000061201001, :tenantId, -1, '2024-03-27 12:27:24');
INSERT INTO `web_tag_target` (`id`, `tag_id`, `target_type`, `target_id`, `tenant_id`, `created_by`, `created_date`) VALUES (215509679965473595, 5, 'MENU', 1000061201001, :tenantId, -1, '2024-03-27 12:27:24');
INSERT INTO `web_tag_target` (`id`, `tag_id`, `target_type`, `target_id`, `tenant_id`, `created_by`, `created_date`) VALUES (215509802372041700, 1, 'MENU', 1000061202002, :tenantId, -1, '2024-03-27 14:05:42');
INSERT INTO `web_tag_target` (`id`, `tag_id`, `target_type`, `target_id`, `tenant_id`, `created_by`, `created_date`) VALUES (215509802372041701, 5, 'MENU', 1000061202002, :tenantId, -1, '2024-03-27 14:05:42');
INSERT INTO `web_tag_target` (`id`, `tag_id`, `target_type`, `target_id`, `tenant_id`, `created_by`, `created_date`) VALUES (215509679965473686, 2, 'BUTTON', 1000061202004, :tenantId, -1, '2024-03-27 14:06:18');
INSERT INTO `web_tag_target` (`id`, `tag_id`, `target_type`, `target_id`, `tenant_id`, `created_by`, `created_date`) VALUES (215509679965473687, 5, 'BUTTON', 1000061202004, :tenantId, -1, '2024-03-27 14:06:18');
INSERT INTO `web_tag_target` (`id`, `tag_id`, `target_type`, `target_id`, `tenant_id`, `created_by`, `created_date`) VALUES (215509802372041702, 2, 'BUTTON', 1000061202007, :tenantId, -1, '2024-03-27 14:06:47');
INSERT INTO `web_tag_target` (`id`, `tag_id`, `target_type`, `target_id`, `tenant_id`, `created_by`, `created_date`) VALUES (215509802372041703, 5, 'BUTTON', 1000061202007, :tenantId, -1, '2024-03-27 14:06:47');
INSERT INTO `web_tag_target` (`id`, `tag_id`, `target_type`, `target_id`, `tenant_id`, `created_by`, `created_date`) VALUES (215509679965473698, 2, 'BUTTON', 1000061202015, :tenantId, -1, '2024-03-27 14:08:03');
INSERT INTO `web_tag_target` (`id`, `tag_id`, `target_type`, `target_id`, `tenant_id`, `created_by`, `created_date`) VALUES (215509679965473699, 5, 'BUTTON', 1000061202015, :tenantId, -1, '2024-03-27 14:08:03');
INSERT INTO `web_tag_target` (`id`, `tag_id`, `target_type`, `target_id`, `tenant_id`, `created_by`, `created_date`) VALUES (215509679965473690, 2, 'BUTTON', 1000061202006, :tenantId, -1, '2024-03-27 14:06:38');
INSERT INTO `web_tag_target` (`id`, `tag_id`, `target_type`, `target_id`, `tenant_id`, `created_by`, `created_date`) VALUES (215509679965473691, 5, 'BUTTON', 1000061202006, :tenantId, -1, '2024-03-27 14:06:38');
INSERT INTO `web_tag_target` (`id`, `tag_id`, `target_type`, `target_id`, `tenant_id`, `created_by`, `created_date`) VALUES (215509679965473692, 2, 'BUTTON', 1000061202008, :tenantId, -1, '2024-03-27 14:06:57');
INSERT INTO `web_tag_target` (`id`, `tag_id`, `target_type`, `target_id`, `tenant_id`, `created_by`, `created_date`) VALUES (215509679965473693, 5, 'BUTTON', 1000061202008, :tenantId, -1, '2024-03-27 14:06:57');
INSERT INTO `web_tag_target` (`id`, `tag_id`, `target_type`, `target_id`, `tenant_id`, `created_by`, `created_date`) VALUES (215509802372041716, 2, 'BUTTON', 1000061202019, :tenantId, -1, '2024-03-27 14:08:49');
INSERT INTO `web_tag_target` (`id`, `tag_id`, `target_type`, `target_id`, `tenant_id`, `created_by`, `created_date`) VALUES (215509802372041717, 5, 'BUTTON', 1000061202019, :tenantId, -1, '2024-03-27 14:08:49');
INSERT INTO `web_tag_target` (`id`, `tag_id`, `target_type`, `target_id`, `tenant_id`, `created_by`, `created_date`) VALUES (215509679965473702, 2, 'BUTTON', 1000061202020, :tenantId, -1, '2024-03-27 14:08:57');
INSERT INTO `web_tag_target` (`id`, `tag_id`, `target_type`, `target_id`, `tenant_id`, `created_by`, `created_date`) VALUES (215509679965473703, 5, 'BUTTON', 1000061202020, :tenantId, -1, '2024-03-27 14:08:57');
INSERT INTO `web_tag_target` (`id`, `tag_id`, `target_type`, `target_id`, `tenant_id`, `created_by`, `created_date`) VALUES (215509802372041772, 2, 'BUTTON', 1000061205032, :tenantId, -1, '2024-03-27 14:27:09');
INSERT INTO `web_tag_target` (`id`, `tag_id`, `target_type`, `target_id`, `tenant_id`, `created_by`, `created_date`) VALUES (215509802372041773, 5, 'BUTTON', 1000061205032, :tenantId, -1, '2024-03-27 14:27:09');
INSERT INTO `web_tag_target` (`id`, `tag_id`, `target_type`, `target_id`, `tenant_id`, `created_by`, `created_date`) VALUES (215509679965473742, 1, 'MENU', 1000061205012, :tenantId, -1, '2024-03-27 14:25:27');
INSERT INTO `web_tag_target` (`id`, `tag_id`, `target_type`, `target_id`, `tenant_id`, `created_by`, `created_date`) VALUES (215509679965473743, 5, 'MENU', 1000061205012, :tenantId, -1, '2024-03-27 14:25:27');
INSERT INTO `web_tag_target` (`id`, `tag_id`, `target_type`, `target_id`, `tenant_id`, `created_by`, `created_date`) VALUES (215509679965473754, 2, 'BUTTON', 1000061205030, :tenantId, -1, '2024-03-27 14:27:39');
INSERT INTO `web_tag_target` (`id`, `tag_id`, `target_type`, `target_id`, `tenant_id`, `created_by`, `created_date`) VALUES (215509679965473755, 5, 'BUTTON', 1000061205030, :tenantId, -1, '2024-03-27 14:27:39');
INSERT INTO `web_tag_target` (`id`, `tag_id`, `target_type`, `target_id`, `tenant_id`, `created_by`, `created_date`) VALUES (215509802372041740, 1, 'MENU', 1000061205005, :tenantId, -1, '2024-03-27 14:19:08');
INSERT INTO `web_tag_target` (`id`, `tag_id`, `target_type`, `target_id`, `tenant_id`, `created_by`, `created_date`) VALUES (215509802372041741, 5, 'MENU', 1000061205005, :tenantId, -1, '2024-03-27 14:19:08');
INSERT INTO `web_tag_target` (`id`, `tag_id`, `target_type`, `target_id`, `tenant_id`, `created_by`, `created_date`) VALUES (215509802372041782, 1, 'MENU', 1000061205022, :tenantId, -1, '2024-03-27 14:29:59');
INSERT INTO `web_tag_target` (`id`, `tag_id`, `target_type`, `target_id`, `tenant_id`, `created_by`, `created_date`) VALUES (215509802372041783, 5, 'MENU', 1000061205022, :tenantId, -1, '2024-03-27 14:29:59');
INSERT INTO `web_tag_target` (`id`, `tag_id`, `target_type`, `target_id`, `tenant_id`, `created_by`, `created_date`) VALUES (215509802372041645, 2, 'BUTTON', 1000061201008, :tenantId, -1, '2024-03-27 12:28:46');
INSERT INTO `web_tag_target` (`id`, `tag_id`, `target_type`, `target_id`, `tenant_id`, `created_by`, `created_date`) VALUES (215509802372041646, 5, 'BUTTON', 1000061201008, :tenantId, -1, '2024-03-27 12:28:46');
INSERT INTO `web_tag_target` (`id`, `tag_id`, `target_type`, `target_id`, `tenant_id`, `created_by`, `created_date`) VALUES (215509679965473756, 1, 'MENU', 1000061205013, :tenantId, -1, '2024-03-27 14:28:09');
INSERT INTO `web_tag_target` (`id`, `tag_id`, `target_type`, `target_id`, `tenant_id`, `created_by`, `created_date`) VALUES (215509679965473757, 5, 'MENU', 1000061205013, :tenantId, -1, '2024-03-27 14:28:09');
INSERT INTO `web_tag_target` (`id`, `tag_id`, `target_type`, `target_id`, `tenant_id`, `created_by`, `created_date`) VALUES (215509802372041776, 2, 'BUTTON', 1000061205048, :tenantId, -1, '2024-03-27 14:28:22');
INSERT INTO `web_tag_target` (`id`, `tag_id`, `target_type`, `target_id`, `tenant_id`, `created_by`, `created_date`) VALUES (215509802372041777, 5, 'BUTTON', 1000061205048, :tenantId, -1, '2024-03-27 14:28:22');
INSERT INTO `web_tag_target` (`id`, `tag_id`, `target_type`, `target_id`, `tenant_id`, `created_by`, `created_date`) VALUES (215509802372041762, 1, 'MENU', 1000061205023, :tenantId, -1, '2024-03-27 14:23:41');
INSERT INTO `web_tag_target` (`id`, `tag_id`, `target_type`, `target_id`, `tenant_id`, `created_by`, `created_date`) VALUES (215509802372041763, 5, 'MENU', 1000061205023, :tenantId, -1, '2024-03-27 14:23:41');
INSERT INTO `web_tag_target` (`id`, `tag_id`, `target_type`, `target_id`, `tenant_id`, `created_by`, `created_date`) VALUES (215509802372041764, 2, 'BUTTON', 1000061205045, :tenantId, -1, '2024-03-27 14:24:04');
INSERT INTO `web_tag_target` (`id`, `tag_id`, `target_type`, `target_id`, `tenant_id`, `created_by`, `created_date`) VALUES (215509802372041765, 5, 'BUTTON', 1000061205045, :tenantId, -1, '2024-03-27 14:24:04');
INSERT INTO `web_tag_target` (`id`, `tag_id`, `target_type`, `target_id`, `tenant_id`, `created_by`, `created_date`) VALUES (215509679965473736, 2, 'BUTTON', 1000061205046, :tenantId, -1, '2024-03-27 14:24:15');
INSERT INTO `web_tag_target` (`id`, `tag_id`, `target_type`, `target_id`, `tenant_id`, `created_by`, `created_date`) VALUES (215509679965473737, 5, 'BUTTON', 1000061205046, :tenantId, -1, '2024-03-27 14:24:15');
INSERT INTO `web_tag_target` (`id`, `tag_id`, `target_type`, `target_id`, `tenant_id`, `created_by`, `created_date`) VALUES (215509679965473734, 2, 'BUTTON', 1000061205044, :tenantId, -1, '2024-03-27 14:23:51');
INSERT INTO `web_tag_target` (`id`, `tag_id`, `target_type`, `target_id`, `tenant_id`, `created_by`, `created_date`) VALUES (215509679965473735, 5, 'BUTTON', 1000061205044, :tenantId, -1, '2024-03-27 14:23:51');
INSERT INTO `web_tag_target` (`id`, `tag_id`, `target_type`, `target_id`, `tenant_id`, `created_by`, `created_date`) VALUES (215509802372041760, 1, 'MENU', 1000061205008, :tenantId, -1, '2024-03-27 14:23:20');
INSERT INTO `web_tag_target` (`id`, `tag_id`, `target_type`, `target_id`, `tenant_id`, `created_by`, `created_date`) VALUES (215509802372041761, 5, 'MENU', 1000061205008, :tenantId, -1, '2024-03-27 14:23:20');
INSERT INTO `web_tag_target` (`id`, `tag_id`, `target_type`, `target_id`, `tenant_id`, `created_by`, `created_date`) VALUES (215509802372041768, 1, 'MENU', 1000061205066, :tenantId, -1, '2024-03-27 14:25:01');
INSERT INTO `web_tag_target` (`id`, `tag_id`, `target_type`, `target_id`, `tenant_id`, `created_by`, `created_date`) VALUES (215509802372041769, 5, 'MENU', 1000061205066, :tenantId, -1, '2024-03-27 14:25:01');
INSERT INTO `web_tag_target` (`id`, `tag_id`, `target_type`, `target_id`, `tenant_id`, `created_by`, `created_date`) VALUES (60742, 2, 'BUTTON', 1000061205068, :tenantId, -1, '2024-01-02 11:28:02');
INSERT INTO `web_tag_target` (`id`, `tag_id`, `target_type`, `target_id`, `tenant_id`, `created_by`, `created_date`) VALUES (60743, 5, 'BUTTON', 1000061205068, :tenantId, -1, '2024-01-02 11:28:02');
INSERT INTO `web_tag_target` (`id`, `tag_id`, `target_type`, `target_id`, `tenant_id`, `created_by`, `created_date`) VALUES (215509679965473738, 1, 'MENU', 1000061205024, :tenantId, -1, '2024-03-27 14:24:35');
INSERT INTO `web_tag_target` (`id`, `tag_id`, `target_type`, `target_id`, `tenant_id`, `created_by`, `created_date`) VALUES (215509679965473739, 5, 'MENU', 1000061205024, :tenantId, -1, '2024-03-27 14:24:35');
INSERT INTO `web_tag_target` (`id`, `tag_id`, `target_type`, `target_id`, `tenant_id`, `created_by`, `created_date`) VALUES (215509802372041766, 2, 'BUTTON', 1000061205047, :tenantId, -1, '2024-03-27 14:24:47');
INSERT INTO `web_tag_target` (`id`, `tag_id`, `target_type`, `target_id`, `tenant_id`, `created_by`, `created_date`) VALUES (215509802372041767, 5, 'BUTTON', 1000061205047, :tenantId, -1, '2024-03-27 14:24:47');
INSERT INTO `web_tag_target` (`id`, `tag_id`, `target_type`, `target_id`, `tenant_id`, `created_by`, `created_date`) VALUES (215509802372041738, 1, 'MENU', 1000061205004, :tenantId, -1, '2024-03-27 14:18:57');
INSERT INTO `web_tag_target` (`id`, `tag_id`, `target_type`, `target_id`, `tenant_id`, `created_by`, `created_date`) VALUES (215509802372041739, 5, 'MENU', 1000061205004, :tenantId, -1, '2024-03-27 14:18:57');
INSERT INTO `web_tag_target` (`id`, `tag_id`, `target_type`, `target_id`, `tenant_id`, `created_by`, `created_date`) VALUES (215509802372041649, 2, 'BUTTON', 1000061201012, :tenantId, -1, '2024-03-27 12:29:34');
INSERT INTO `web_tag_target` (`id`, `tag_id`, `target_type`, `target_id`, `tenant_id`, `created_by`, `created_date`) VALUES (215509802372041650, 5, 'BUTTON', 1000061201012, :tenantId, -1, '2024-03-27 12:29:34');
INSERT INTO `web_tag_target` (`id`, `tag_id`, `target_type`, `target_id`, `tenant_id`, `created_by`, `created_date`) VALUES (215509802372041784, 2, 'BUTTON', 1000061205050, :tenantId, -1, '2024-03-27 14:30:28');
INSERT INTO `web_tag_target` (`id`, `tag_id`, `target_type`, `target_id`, `tenant_id`, `created_by`, `created_date`) VALUES (215509802372041785, 5, 'BUTTON', 1000061205050, :tenantId, -1, '2024-03-27 14:30:28');
INSERT INTO `web_tag_target` (`id`, `tag_id`, `target_type`, `target_id`, `tenant_id`, `created_by`, `created_date`) VALUES (215509802372041788, 2, 'BUTTON', 1000061205053, :tenantId, -1, '2024-03-27 14:31:36');
INSERT INTO `web_tag_target` (`id`, `tag_id`, `target_type`, `target_id`, `tenant_id`, `created_by`, `created_date`) VALUES (215509802372041789, 5, 'BUTTON', 1000061205053, :tenantId, -1, '2024-03-27 14:31:36');
INSERT INTO `web_tag_target` (`id`, `tag_id`, `target_type`, `target_id`, `tenant_id`, `created_by`, `created_date`) VALUES (215509679965473768, 2, 'BUTTON', 1000061205052, :tenantId, -1, '2024-03-27 14:31:12');
INSERT INTO `web_tag_target` (`id`, `tag_id`, `target_type`, `target_id`, `tenant_id`, `created_by`, `created_date`) VALUES (215509679965473769, 5, 'BUTTON', 1000061205052, :tenantId, -1, '2024-03-27 14:31:12');
INSERT INTO `web_tag_target` (`id`, `tag_id`, `target_type`, `target_id`, `tenant_id`, `created_by`, `created_date`) VALUES (215509679965473598, 1, 'MENU', 1000061204001, :tenantId, -1, '2024-03-27 12:27:57');
INSERT INTO `web_tag_target` (`id`, `tag_id`, `target_type`, `target_id`, `tenant_id`, `created_by`, `created_date`) VALUES (215509679965473599, 5, 'MENU', 1000061204001, :tenantId, -1, '2024-03-27 12:27:57');
INSERT INTO `web_tag_target` (`id`, `tag_id`, `target_type`, `target_id`, `tenant_id`, `created_by`, `created_date`) VALUES (215509802372041726, 2, 'BUTTON', 1000061204011, :tenantId, -1, '2024-03-27 14:14:10');
INSERT INTO `web_tag_target` (`id`, `tag_id`, `target_type`, `target_id`, `tenant_id`, `created_by`, `created_date`) VALUES (215509802372041727, 5, 'BUTTON', 1000061204011, :tenantId, -1, '2024-03-27 14:14:10');
INSERT INTO `web_tag_target` (`id`, `tag_id`, `target_type`, `target_id`, `tenant_id`, `created_by`, `created_date`) VALUES (215509802372041728, 2, 'BUTTON', 1000061204012, :tenantId, -1, '2024-03-27 14:14:18');
INSERT INTO `web_tag_target` (`id`, `tag_id`, `target_type`, `target_id`, `tenant_id`, `created_by`, `created_date`) VALUES (215509802372041729, 5, 'BUTTON', 1000061204012, :tenantId, -1, '2024-03-27 14:14:18');
INSERT INTO `web_tag_target` (`id`, `tag_id`, `target_type`, `target_id`, `tenant_id`, `created_by`, `created_date`) VALUES (215509802372041724, 1, 'MENU', 1000061204005, :tenantId, -1, '2024-03-27 14:10:43');
INSERT INTO `web_tag_target` (`id`, `tag_id`, `target_type`, `target_id`, `tenant_id`, `created_by`, `created_date`) VALUES (215509802372041725, 5, 'MENU', 1000061204005, :tenantId, -1, '2024-03-27 14:10:43');
INSERT INTO `web_tag_target` (`id`, `tag_id`, `target_type`, `target_id`, `tenant_id`, `created_by`, `created_date`) VALUES (215509802372041732, 1, 'MENU', 1000061204006, :tenantId, -1, '2024-03-27 14:14:40');
INSERT INTO `web_tag_target` (`id`, `tag_id`, `target_type`, `target_id`, `tenant_id`, `created_by`, `created_date`) VALUES (215509802372041733, 5, 'MENU', 1000061204006, :tenantId, -1, '2024-03-27 14:14:40');
INSERT INTO `web_tag_target` (`id`, `tag_id`, `target_type`, `target_id`, `tenant_id`, `created_by`, `created_date`) VALUES (215509802372041641, 1, 'MENU', 1000061205001, :tenantId, -1, '2024-03-27 12:28:05');
INSERT INTO `web_tag_target` (`id`, `tag_id`, `target_type`, `target_id`, `tenant_id`, `created_by`, `created_date`) VALUES (215509802372041642, 5, 'MENU', 1000061205001, :tenantId, -1, '2024-03-27 12:28:05');
INSERT INTO `web_tag_target` (`id`, `tag_id`, `target_type`, `target_id`, `tenant_id`, `created_by`, `created_date`) VALUES (215509679965473762, 1, 'MENU', 1000061205021, :tenantId, -1, '2024-03-27 14:29:32');
INSERT INTO `web_tag_target` (`id`, `tag_id`, `target_type`, `target_id`, `tenant_id`, `created_by`, `created_date`) VALUES (215509679965473763, 5, 'MENU', 1000061205021, :tenantId, -1, '2024-03-27 14:29:32');
INSERT INTO `web_tag_target` (`id`, `tag_id`, `target_type`, `target_id`, `tenant_id`, `created_by`, `created_date`) VALUES (215509802372041790, 1, 'MENU', 1000061205019, :tenantId, -1, '2024-03-27 14:31:50');
INSERT INTO `web_tag_target` (`id`, `tag_id`, `target_type`, `target_id`, `tenant_id`, `created_by`, `created_date`) VALUES (215509802372041791, 5, 'MENU', 1000061205019, :tenantId, -1, '2024-03-27 14:31:50');
INSERT INTO `web_tag_target` (`id`, `tag_id`, `target_type`, `target_id`, `tenant_id`, `created_by`, `created_date`) VALUES (215509802372041792, 2, 'BUTTON', 1000061205056, :tenantId, -1, '2024-03-27 14:32:29');
INSERT INTO `web_tag_target` (`id`, `tag_id`, `target_type`, `target_id`, `tenant_id`, `created_by`, `created_date`) VALUES (215509802372041793, 5, 'BUTTON', 1000061205056, :tenantId, -1, '2024-03-27 14:32:29');
INSERT INTO `web_tag_target` (`id`, `tag_id`, `target_type`, `target_id`, `tenant_id`, `created_by`, `created_date`) VALUES (215509679965473770, 2, 'BUTTON', 1000061205054, :tenantId, -1, '2024-03-27 14:32:01');
INSERT INTO `web_tag_target` (`id`, `tag_id`, `target_type`, `target_id`, `tenant_id`, `created_by`, `created_date`) VALUES (215509679965473771, 5, 'BUTTON', 1000061205054, :tenantId, -1, '2024-03-27 14:32:01');
INSERT INTO `web_tag_target` (`id`, `tag_id`, `target_type`, `target_id`, `tenant_id`, `created_by`, `created_date`) VALUES (215509802372041794, 2, 'BUTTON', 1000061205057, :tenantId, -1, '2024-03-27 14:32:43');
INSERT INTO `web_tag_target` (`id`, `tag_id`, `target_type`, `target_id`, `tenant_id`, `created_by`, `created_date`) VALUES (215509802372041795, 5, 'BUTTON', 1000061205057, :tenantId, -1, '2024-03-27 14:32:43');
INSERT INTO `web_tag_target` (`id`, `tag_id`, `target_type`, `target_id`, `tenant_id`, `created_by`, `created_date`) VALUES (215509679965473772, 2, 'BUTTON', 1000061205055, :tenantId, -1, '2024-03-27 14:32:13');
INSERT INTO `web_tag_target` (`id`, `tag_id`, `target_type`, `target_id`, `tenant_id`, `created_by`, `created_date`) VALUES (215509679965473773, 5, 'BUTTON', 1000061205055, :tenantId, -1, '2024-03-27 14:32:13');
INSERT INTO `web_tag_target` (`id`, `tag_id`, `target_type`, `target_id`, `tenant_id`, `created_by`, `created_date`) VALUES (215509802372041736, 1, 'MENU', 1000061205002, :tenantId, -1, '2024-03-27 14:18:29');
INSERT INTO `web_tag_target` (`id`, `tag_id`, `target_type`, `target_id`, `tenant_id`, `created_by`, `created_date`) VALUES (215509802372041737, 5, 'MENU', 1000061205002, :tenantId, -1, '2024-03-27 14:18:29');
INSERT INTO `web_tag_target` (`id`, `tag_id`, `target_type`, `target_id`, `tenant_id`, `created_by`, `created_date`) VALUES (215509802372041684, 1, 'MENU', 1000061201005, :tenantId, -1, '2024-03-27 14:01:10');
INSERT INTO `web_tag_target` (`id`, `tag_id`, `target_type`, `target_id`, `tenant_id`, `created_by`, `created_date`) VALUES (215509802372041685, 5, 'MENU', 1000061201005, :tenantId, -1, '2024-03-27 14:01:10');
INSERT INTO `web_tag_target` (`id`, `tag_id`, `target_type`, `target_id`, `tenant_id`, `created_by`, `created_date`) VALUES (215509802372041690, 2, 'BUTTON', 1000061201041, :tenantId, -1, '2024-03-27 14:04:05');
INSERT INTO `web_tag_target` (`id`, `tag_id`, `target_type`, `target_id`, `tenant_id`, `created_by`, `created_date`) VALUES (215509802372041691, 5, 'BUTTON', 1000061201041, :tenantId, -1, '2024-03-27 14:04:05');
INSERT INTO `web_tag_target` (`id`, `tag_id`, `target_type`, `target_id`, `tenant_id`, `created_by`, `created_date`) VALUES (215509802372041692, 2, 'BUTTON', 1000061201043, :tenantId, -1, '2024-03-27 14:04:22');
INSERT INTO `web_tag_target` (`id`, `tag_id`, `target_type`, `target_id`, `tenant_id`, `created_by`, `created_date`) VALUES (215509802372041693, 5, 'BUTTON', 1000061201043, :tenantId, -1, '2024-03-27 14:04:22');
INSERT INTO `web_tag_target` (`id`, `tag_id`, `target_type`, `target_id`, `tenant_id`, `created_by`, `created_date`) VALUES (215509679965473678, 2, 'BUTTON', 1000061201046, :tenantId, -1, '2024-03-27 14:04:48');
INSERT INTO `web_tag_target` (`id`, `tag_id`, `target_type`, `target_id`, `tenant_id`, `created_by`, `created_date`) VALUES (215509679965473679, 5, 'BUTTON', 1000061201046, :tenantId, -1, '2024-03-27 14:04:48');
INSERT INTO `web_tag_target` (`id`, `tag_id`, `target_type`, `target_id`, `tenant_id`, `created_by`, `created_date`) VALUES (215509679965473680, 2, 'BUTTON', 1000061201047, :tenantId, -1, '2024-03-27 14:04:58');
INSERT INTO `web_tag_target` (`id`, `tag_id`, `target_type`, `target_id`, `tenant_id`, `created_by`, `created_date`) VALUES (215509679965473681, 5, 'BUTTON', 1000061201047, :tenantId, -1, '2024-03-27 14:04:58');
INSERT INTO `web_tag_target` (`id`, `tag_id`, `target_type`, `target_id`, `tenant_id`, `created_by`, `created_date`) VALUES (215509802372041698, 2, 'BUTTON', 1000061201048, :tenantId, -1, '2024-03-27 14:05:07');
INSERT INTO `web_tag_target` (`id`, `tag_id`, `target_type`, `target_id`, `tenant_id`, `created_by`, `created_date`) VALUES (215509802372041699, 5, 'BUTTON', 1000061201048, :tenantId, -1, '2024-03-27 14:05:07');
INSERT INTO `web_tag_target` (`id`, `tag_id`, `target_type`, `target_id`, `tenant_id`, `created_by`, `created_date`) VALUES (215509679965473682, 2, 'BUTTON', 1000061201049, :tenantId, -1, '2024-03-27 14:05:16');
INSERT INTO `web_tag_target` (`id`, `tag_id`, `target_type`, `target_id`, `tenant_id`, `created_by`, `created_date`) VALUES (215509679965473683, 5, 'BUTTON', 1000061201049, :tenantId, -1, '2024-03-27 14:05:16');
INSERT INTO `web_tag_target` (`id`, `tag_id`, `target_type`, `target_id`, `tenant_id`, `created_by`, `created_date`) VALUES (215509679965473661, 2, 'BUTTON', 1000061201042, :tenantId, -1, '2024-03-27 14:04:13');
INSERT INTO `web_tag_target` (`id`, `tag_id`, `target_type`, `target_id`, `tenant_id`, `created_by`, `created_date`) VALUES (215509679965473662, 5, 'BUTTON', 1000061201042, :tenantId, -1, '2024-03-27 14:04:13');
INSERT INTO `web_tag_target` (`id`, `tag_id`, `target_type`, `target_id`, `tenant_id`, `created_by`, `created_date`) VALUES (215509802372041694, 2, 'BUTTON', 1000061201044, :tenantId, -1, '2024-03-27 14:04:31');
INSERT INTO `web_tag_target` (`id`, `tag_id`, `target_type`, `target_id`, `tenant_id`, `created_by`, `created_date`) VALUES (215509802372041695, 5, 'BUTTON', 1000061201044, :tenantId, -1, '2024-03-27 14:04:31');
INSERT INTO `web_tag_target` (`id`, `tag_id`, `target_type`, `target_id`, `tenant_id`, `created_by`, `created_date`) VALUES (215509802372041696, 2, 'BUTTON', 1000061201045, :tenantId, -1, '2024-03-27 14:04:39');
INSERT INTO `web_tag_target` (`id`, `tag_id`, `target_type`, `target_id`, `tenant_id`, `created_by`, `created_date`) VALUES (215509802372041697, 5, 'BUTTON', 1000061201045, :tenantId, -1, '2024-03-27 14:04:39');
INSERT INTO `web_tag_target` (`id`, `tag_id`, `target_type`, `target_id`, `tenant_id`, `created_by`, `created_date`) VALUES (215509802372041786, 2, 'BUTTON', 1000061205051, :tenantId, -1, '2024-03-27 14:31:01');
INSERT INTO `web_tag_target` (`id`, `tag_id`, `target_type`, `target_id`, `tenant_id`, `created_by`, `created_date`) VALUES (215509802372041787, 5, 'BUTTON', 1000061205051, :tenantId, -1, '2024-03-27 14:31:01');
INSERT INTO `web_tag_target` (`id`, `tag_id`, `target_type`, `target_id`, `tenant_id`, `created_by`, `created_date`) VALUES (215509679965473600, 1, 'MENU', 1000061201002, :tenantId, -1, '2024-03-27 12:28:16');
INSERT INTO `web_tag_target` (`id`, `tag_id`, `target_type`, `target_id`, `tenant_id`, `created_by`, `created_date`) VALUES (215509679965473601, 5, 'MENU', 1000061201002, :tenantId, -1, '2024-03-27 12:28:16');
INSERT INTO `web_tag_target` (`id`, `tag_id`, `target_type`, `target_id`, `tenant_id`, `created_by`, `created_date`) VALUES (215509679965473602, 2, 'BUTTON', 1000061201006, :tenantId, -1, '2024-03-27 12:28:26');
INSERT INTO `web_tag_target` (`id`, `tag_id`, `target_type`, `target_id`, `tenant_id`, `created_by`, `created_date`) VALUES (215509679965473603, 5, 'BUTTON', 1000061201006, :tenantId, -1, '2024-03-27 12:28:26');
INSERT INTO `web_tag_target` (`id`, `tag_id`, `target_type`, `target_id`, `tenant_id`, `created_by`, `created_date`) VALUES (215509679965473614, 2, 'BUTTON', 1000061201020, :tenantId, -1, '2024-03-27 12:30:57');
INSERT INTO `web_tag_target` (`id`, `tag_id`, `target_type`, `target_id`, `tenant_id`, `created_by`, `created_date`) VALUES (215509679965473615, 5, 'BUTTON', 1000061201020, :tenantId, -1, '2024-03-27 12:30:57');
INSERT INTO `web_tag_target` (`id`, `tag_id`, `target_type`, `target_id`, `tenant_id`, `created_by`, `created_date`) VALUES (215509802372041647, 2, 'BUTTON', 1000061201010, :tenantId, -1, '2024-03-27 12:29:12');
INSERT INTO `web_tag_target` (`id`, `tag_id`, `target_type`, `target_id`, `tenant_id`, `created_by`, `created_date`) VALUES (215509802372041648, 5, 'BUTTON', 1000061201010, :tenantId, -1, '2024-03-27 12:29:12');
INSERT INTO `web_tag_target` (`id`, `tag_id`, `target_type`, `target_id`, `tenant_id`, `created_by`, `created_date`) VALUES (215509802372041651, 2, 'BUTTON', 1000061201013, :tenantId, -1, '2024-03-27 12:29:42');
INSERT INTO `web_tag_target` (`id`, `tag_id`, `target_type`, `target_id`, `tenant_id`, `created_by`, `created_date`) VALUES (215509802372041652, 5, 'BUTTON', 1000061201013, :tenantId, -1, '2024-03-27 12:29:42');
INSERT INTO `web_tag_target` (`id`, `tag_id`, `target_type`, `target_id`, `tenant_id`, `created_by`, `created_date`) VALUES (215509679965473608, 2, 'BUTTON', 1000061201014, :tenantId, -1, '2024-03-27 12:29:52');
INSERT INTO `web_tag_target` (`id`, `tag_id`, `target_type`, `target_id`, `tenant_id`, `created_by`, `created_date`) VALUES (215509679965473609, 5, 'BUTTON', 1000061201014, :tenantId, -1, '2024-03-27 12:29:52');
INSERT INTO `web_tag_target` (`id`, `tag_id`, `target_type`, `target_id`, `tenant_id`, `created_by`, `created_date`) VALUES (215509679965473616, 2, 'BUTTON', 1000061201021, :tenantId, -1, '2024-03-27 12:31:11');
INSERT INTO `web_tag_target` (`id`, `tag_id`, `target_type`, `target_id`, `tenant_id`, `created_by`, `created_date`) VALUES (215509679965473617, 5, 'BUTTON', 1000061201021, :tenantId, -1, '2024-03-27 12:31:11');
INSERT INTO `web_tag_target` (`id`, `tag_id`, `target_type`, `target_id`, `tenant_id`, `created_by`, `created_date`) VALUES (215509679965473604, 2, 'BUTTON', 1000061201009, :tenantId, -1, '2024-03-27 12:29:00');
INSERT INTO `web_tag_target` (`id`, `tag_id`, `target_type`, `target_id`, `tenant_id`, `created_by`, `created_date`) VALUES (215509679965473605, 5, 'BUTTON', 1000061201009, :tenantId, -1, '2024-03-27 12:29:00');
INSERT INTO `web_tag_target` (`id`, `tag_id`, `target_type`, `target_id`, `tenant_id`, `created_by`, `created_date`) VALUES (215509802372041653, 2, 'BUTTON', 1000061201015, :tenantId, -1, '2024-03-27 12:30:03');
INSERT INTO `web_tag_target` (`id`, `tag_id`, `target_type`, `target_id`, `tenant_id`, `created_by`, `created_date`) VALUES (215509802372041654, 5, 'BUTTON', 1000061201015, :tenantId, -1, '2024-03-27 12:30:03');
INSERT INTO `web_tag_target` (`id`, `tag_id`, `target_type`, `target_id`, `tenant_id`, `created_by`, `created_date`) VALUES (215509802372041655, 2, 'BUTTON', 1000061201016, :tenantId, -1, '2024-03-27 12:30:13');
INSERT INTO `web_tag_target` (`id`, `tag_id`, `target_type`, `target_id`, `tenant_id`, `created_by`, `created_date`) VALUES (215509802372041656, 5, 'BUTTON', 1000061201016, :tenantId, -1, '2024-03-27 12:30:13');
INSERT INTO `web_tag_target` (`id`, `tag_id`, `target_type`, `target_id`, `tenant_id`, `created_by`, `created_date`) VALUES (215509802372041643, 2, 'BUTTON', 1000061201007, :tenantId, -1, '2024-03-27 12:28:37');
INSERT INTO `web_tag_target` (`id`, `tag_id`, `target_type`, `target_id`, `tenant_id`, `created_by`, `created_date`) VALUES (215509802372041644, 5, 'BUTTON', 1000061201007, :tenantId, -1, '2024-03-27 12:28:37');
INSERT INTO `web_tag_target` (`id`, `tag_id`, `target_type`, `target_id`, `tenant_id`, `created_by`, `created_date`) VALUES (215509679965473610, 2, 'BUTTON', 1000061201017, :tenantId, -1, '2024-03-27 12:30:21');
INSERT INTO `web_tag_target` (`id`, `tag_id`, `target_type`, `target_id`, `tenant_id`, `created_by`, `created_date`) VALUES (215509679965473611, 5, 'BUTTON', 1000061201017, :tenantId, -1, '2024-03-27 12:30:21');
INSERT INTO `web_tag_target` (`id`, `tag_id`, `target_type`, `target_id`, `tenant_id`, `created_by`, `created_date`) VALUES (215509679965473612, 2, 'BUTTON', 1000061201018, :tenantId, -1, '2024-03-27 12:30:29');
INSERT INTO `web_tag_target` (`id`, `tag_id`, `target_type`, `target_id`, `tenant_id`, `created_by`, `created_date`) VALUES (215509679965473613, 5, 'BUTTON', 1000061201018, :tenantId, -1, '2024-03-27 12:30:29');
INSERT INTO `web_tag_target` (`id`, `tag_id`, `target_type`, `target_id`, `tenant_id`, `created_by`, `created_date`) VALUES (215509679965473712, 2, 'BUTTON', 1000061204013, :tenantId, -1, '2024-03-27 14:14:25');
INSERT INTO `web_tag_target` (`id`, `tag_id`, `target_type`, `target_id`, `tenant_id`, `created_by`, `created_date`) VALUES (215509679965473713, 5, 'BUTTON', 1000061204013, :tenantId, -1, '2024-03-27 14:14:25');
INSERT INTO `web_tag_target` (`id`, `tag_id`, `target_type`, `target_id`, `tenant_id`, `created_by`, `created_date`) VALUES (215509802372041730, 2, 'BUTTON', 1000061204014, :tenantId, -1, '2024-03-27 14:14:32');
INSERT INTO `web_tag_target` (`id`, `tag_id`, `target_type`, `target_id`, `tenant_id`, `created_by`, `created_date`) VALUES (215509802372041731, 5, 'BUTTON', 1000061204014, :tenantId, -1, '2024-03-27 14:14:32');
INSERT INTO `web_tag_target` (`id`, `tag_id`, `target_type`, `target_id`, `tenant_id`, `created_by`, `created_date`) VALUES (222636594077630505, 2, 'BUTTON', 1000061202021, :tenantId, -1, '2024-04-18 12:41:35');
INSERT INTO `web_tag_target` (`id`, `tag_id`, `target_type`, `target_id`, `tenant_id`, `created_by`, `created_date`) VALUES (222636594077630506, 5, 'BUTTON', 1000061202021, :tenantId, -1, '2024-04-18 12:41:35');
-- App Tag
INSERT INTO `web_tag_target` (`id`, `tag_id`, `target_type`, `target_id`, `tenant_id`, `created_by`, `created_date`) VALUES (220404357839980811, 7, 'APP', 100006, :tenantId, -1, '2024-04-10 22:07:24');
-- Clear dirty data
DELETE FROM web_tag_target WHERE tag_id NOT IN (SELECT id FROM web_tag);

-- ----------------------------
-- Table data for app_open
-- ----------------------------
INSERT INTO `app_open` (`id`, `app_id`, `app_code`, `app_type`, `edition_type`, `version`, `client_id`, `tenant_id`, `user_id`, `open_date`, `expiration_date`, `expiration_deleted_flag`, `op_client_open_flag`, `created_date`) VALUES (1, 100006, 'AngusGM', 'BASE_APP', 'DATACENTER', '1.0.0', 'xcan_tp', :tenantId, -1, ':appOpenDate', ':appExpirationDate', 0, 0, '2024-01-01 00:00:00');

-- ----------------------------
-- Table data for auth_policy
-- ----------------------------
INSERT INTO `auth_policy` (`id`, `name`, `code`, `enabled_flag`, `type`, `default_flag`, `grant_stage`, `description`, `app_id`, `client_id`, `tenant_id`, `created_by`, `created_date`, `last_modified_by`, `last_modified_date`) VALUES (126001, '应用管理员', 'GM_ADMIN', 1, 'PRE_DEFINED', 1, 'SIGNUP_SUCCESS', '拥有“全局管理”应用所有的功能权限。', 100006, 'xcan_tp', :tenantId, -1, '2024-01-01 00:00:00', -1, '2024-01-01 00:00:00');
INSERT INTO `auth_policy` (`id`, `name`, `code`, `enabled_flag`, `type`, `default_flag`, `grant_stage`, `description`, `app_id`, `client_id`, `tenant_id`, `created_by`, `created_date`, `last_modified_by`, `last_modified_date`) VALUES (126002, '一般用户', 'GM_USER', 1, 'PRE_DEFINED', 1, 'SIGNUP_SUCCESS', '拥有“全局管理”应用普通的操作权限，无法进行“删除、重置、设置身份”等重要操作。', 100006, 'xcan_tp', :tenantId, -1, '2024-01-01 00:00:00', -1, '2024-01-01 00:00:00');
INSERT INTO `auth_policy` (`id`, `name`, `code`, `enabled_flag`, `type`, `default_flag`, `grant_stage`, `description`, `app_id`, `client_id`, `tenant_id`, `created_by`, `created_date`, `last_modified_by`, `last_modified_date`) VALUES (126003, '访客', 'GM_GUEST', 1, 'PRE_DEFINED', 1, 'SIGNUP_SUCCESS', '拥有进入“全局管理”应用的查看权限，无法进行功能操作。', 100006, 'xcan_tp', :tenantId, -1, '2024-01-01 00:00:00', -1, '2024-01-01 00:00:00');

-- ----------------------------
-- Table data for auth_policy_func
-- ----------------------------
INSERT INTO `auth_policy_func` (`id`, `policy_id`, `app_id`, `func_id`, `func_type`, `tenant_id`, `created_by`, `created_date`) VALUES (219305136122495009, 126001, 100006, 1000061205018, 'MENU', :tenantId, -1, '2024-03-28 14:49:06');
INSERT INTO `auth_policy_func` (`id`, `policy_id`, `app_id`, `func_id`, `func_type`, `tenant_id`, `created_by`, `created_date`) VALUES (219305136122495010, 126001, 100006, 1000061205014, 'MENU', :tenantId, -1, '2024-03-28 14:49:06');
INSERT INTO `auth_policy_func` (`id`, `policy_id`, `app_id`, `func_id`, `func_type`, `tenant_id`, `created_by`, `created_date`) VALUES (219305136122495011, 126001, 100006, 1000061205049, 'BUTTON', :tenantId, -1, '2024-03-28 14:49:06');
INSERT INTO `auth_policy_func` (`id`, `policy_id`, `app_id`, `func_id`, `func_type`, `tenant_id`, `created_by`, `created_date`) VALUES (219305136122495012, 126001, 100006, 1000061205016, 'MENU', :tenantId, -1, '2024-03-28 14:49:06');
INSERT INTO `auth_policy_func` (`id`, `policy_id`, `app_id`, `func_id`, `func_type`, `tenant_id`, `created_by`, `created_date`) VALUES (219305136122495013, 126001, 100006, 1000061202011, 'BUTTON', :tenantId, -1, '2024-03-28 14:49:06');
INSERT INTO `auth_policy_func` (`id`, `policy_id`, `app_id`, `func_id`, `func_type`, `tenant_id`, `created_by`, `created_date`) VALUES (219305136122495014, 126001, 100006, 1000061202012, 'BUTTON', :tenantId, -1, '2024-03-28 14:49:06');
INSERT INTO `auth_policy_func` (`id`, `policy_id`, `app_id`, `func_id`, `func_type`, `tenant_id`, `created_by`, `created_date`) VALUES (219305136122495015, 126001, 100006, 1000061202013, 'BUTTON', :tenantId, -1, '2024-03-28 14:49:06');
INSERT INTO `auth_policy_func` (`id`, `policy_id`, `app_id`, `func_id`, `func_type`, `tenant_id`, `created_by`, `created_date`) VALUES (219305136122495016, 126001, 100006, 1000061202014, 'BUTTON', :tenantId, -1, '2024-03-28 14:49:06');
INSERT INTO `auth_policy_func` (`id`, `policy_id`, `app_id`, `func_id`, `func_type`, `tenant_id`, `created_by`, `created_date`) VALUES (219305136122495017, 126001, 100006, 1000061202009, 'BUTTON', :tenantId, -1, '2024-03-28 14:49:06');
INSERT INTO `auth_policy_func` (`id`, `policy_id`, `app_id`, `func_id`, `func_type`, `tenant_id`, `created_by`, `created_date`) VALUES (219305136122495018, 126001, 100006, 1000061202010, 'BUTTON', :tenantId, -1, '2024-03-28 14:49:06');
INSERT INTO `auth_policy_func` (`id`, `policy_id`, `app_id`, `func_id`, `func_type`, `tenant_id`, `created_by`, `created_date`) VALUES (219305136122495019, 126001, 100006, 1000061202005, 'BUTTON', :tenantId, -1, '2024-03-28 14:49:06');
INSERT INTO `auth_policy_func` (`id`, `policy_id`, `app_id`, `func_id`, `func_type`, `tenant_id`, `created_by`, `created_date`) VALUES (219305136122495020, 126001, 100006, 1000061202017, 'BUTTON', :tenantId, -1, '2024-03-28 14:49:06');
INSERT INTO `auth_policy_func` (`id`, `policy_id`, `app_id`, `func_id`, `func_type`, `tenant_id`, `created_by`, `created_date`) VALUES (219305136122495021, 126001, 100006, 1000061202018, 'BUTTON', :tenantId, -1, '2024-03-28 14:49:06');
INSERT INTO `auth_policy_func` (`id`, `policy_id`, `app_id`, `func_id`, `func_type`, `tenant_id`, `created_by`, `created_date`) VALUES (219305136122495022, 126001, 100006, 1000061201019, 'BUTTON', :tenantId, -1, '2024-03-28 14:49:06');
INSERT INTO `auth_policy_func` (`id`, `policy_id`, `app_id`, `func_id`, `func_type`, `tenant_id`, `created_by`, `created_date`) VALUES (219305136122495023, 126001, 100006, 1000061202016, 'BUTTON', :tenantId, -1, '2024-03-28 14:49:06');
INSERT INTO `auth_policy_func` (`id`, `policy_id`, `app_id`, `func_id`, `func_type`, `tenant_id`, `created_by`, `created_date`) VALUES (219305136122495024, 126001, 100006, 1000061202003, 'MENU', :tenantId, -1, '2024-03-28 14:49:06');
INSERT INTO `auth_policy_func` (`id`, `policy_id`, `app_id`, `func_id`, `func_type`, `tenant_id`, `created_by`, `created_date`) VALUES (219305136122495025, 126001, 100006, 1000061201038, 'BUTTON', :tenantId, -1, '2024-03-28 14:49:06');
INSERT INTO `auth_policy_func` (`id`, `policy_id`, `app_id`, `func_id`, `func_type`, `tenant_id`, `created_by`, `created_date`) VALUES (219305136122495026, 126001, 100006, 1000061205069, 'BUTTON', :tenantId, -1, '2024-03-28 14:49:06');
INSERT INTO `auth_policy_func` (`id`, `policy_id`, `app_id`, `func_id`, `func_type`, `tenant_id`, `created_by`, `created_date`) VALUES (219305136122495027, 126001, 100006, 1000061205070, 'BUTTON', :tenantId, -1, '2024-03-28 14:49:06');
INSERT INTO `auth_policy_func` (`id`, `policy_id`, `app_id`, `func_id`, `func_type`, `tenant_id`, `created_by`, `created_date`) VALUES (219305136122495028, 126001, 100006, 1000061205071, 'BUTTON', :tenantId, -1, '2024-03-28 14:49:06');
INSERT INTO `auth_policy_func` (`id`, `policy_id`, `app_id`, `func_id`, `func_type`, `tenant_id`, `created_by`, `created_date`) VALUES (219305136122495029, 126001, 100006, 1000061205072, 'BUTTON', :tenantId, -1, '2024-03-28 14:49:06');
INSERT INTO `auth_policy_func` (`id`, `policy_id`, `app_id`, `func_id`, `func_type`, `tenant_id`, `created_by`, `created_date`) VALUES (219305136122495030, 126001, 100006, 1000061201003, 'MENU', :tenantId, -1, '2024-03-28 14:49:06');
INSERT INTO `auth_policy_func` (`id`, `policy_id`, `app_id`, `func_id`, `func_type`, `tenant_id`, `created_by`, `created_date`) VALUES (219305136122495031, 126001, 100006, 1000061201022, 'BUTTON', :tenantId, -1, '2024-03-28 14:49:06');
INSERT INTO `auth_policy_func` (`id`, `policy_id`, `app_id`, `func_id`, `func_type`, `tenant_id`, `created_by`, `created_date`) VALUES (219305136122495032, 126001, 100006, 1000061201030, 'BUTTON', :tenantId, -1, '2024-03-28 14:49:06');
INSERT INTO `auth_policy_func` (`id`, `policy_id`, `app_id`, `func_id`, `func_type`, `tenant_id`, `created_by`, `created_date`) VALUES (219305136122495033, 126001, 100006, 1000061201031, 'BUTTON', :tenantId, -1, '2024-03-28 14:49:06');
INSERT INTO `auth_policy_func` (`id`, `policy_id`, `app_id`, `func_id`, `func_type`, `tenant_id`, `created_by`, `created_date`) VALUES (219305136122495034, 126001, 100006, 1000061201025, 'BUTTON', :tenantId, -1, '2024-03-28 14:49:06');
INSERT INTO `auth_policy_func` (`id`, `policy_id`, `app_id`, `func_id`, `func_type`, `tenant_id`, `created_by`, `created_date`) VALUES (219305136122495035, 126001, 100006, 1000061201024, 'BUTTON', :tenantId, -1, '2024-03-28 14:49:06');
INSERT INTO `auth_policy_func` (`id`, `policy_id`, `app_id`, `func_id`, `func_type`, `tenant_id`, `created_by`, `created_date`) VALUES (219305136122495036, 126001, 100006, 1000061201023, 'BUTTON', :tenantId, -1, '2024-03-28 14:49:06');
INSERT INTO `auth_policy_func` (`id`, `policy_id`, `app_id`, `func_id`, `func_type`, `tenant_id`, `created_by`, `created_date`) VALUES (219305136122495037, 126001, 100006, 1000061201026, 'BUTTON', :tenantId, -1, '2024-03-28 14:49:06');
INSERT INTO `auth_policy_func` (`id`, `policy_id`, `app_id`, `func_id`, `func_type`, `tenant_id`, `created_by`, `created_date`) VALUES (219305136122495038, 126001, 100006, 1000061201028, 'BUTTON', :tenantId, -1, '2024-03-28 14:49:06');
INSERT INTO `auth_policy_func` (`id`, `policy_id`, `app_id`, `func_id`, `func_type`, `tenant_id`, `created_by`, `created_date`) VALUES (219305136122495039, 126001, 100006, 1000061201029, 'BUTTON', :tenantId, -1, '2024-03-28 14:49:06');
INSERT INTO `auth_policy_func` (`id`, `policy_id`, `app_id`, `func_id`, `func_type`, `tenant_id`, `created_by`, `created_date`) VALUES (219305136122495040, 126001, 100006, 1000061205031, 'BUTTON', :tenantId, -1, '2024-03-28 14:49:06');
INSERT INTO `auth_policy_func` (`id`, `policy_id`, `app_id`, `func_id`, `func_type`, `tenant_id`, `created_by`, `created_date`) VALUES (219305136122495041, 126001, 100006, 1000061205010, 'MENU', :tenantId, -1, '2024-03-28 14:49:06');
INSERT INTO `auth_policy_func` (`id`, `policy_id`, `app_id`, `func_id`, `func_type`, `tenant_id`, `created_by`, `created_date`) VALUES (219305136122495042, 126001, 100006, 1000061205009, 'MENU', :tenantId, -1, '2024-03-28 14:49:06');
INSERT INTO `auth_policy_func` (`id`, `policy_id`, `app_id`, `func_id`, `func_type`, `tenant_id`, `created_by`, `created_date`) VALUES (219305136122495043, 126001, 100006, 1000061205011, 'MENU', :tenantId, -1, '2024-03-28 14:49:06');
INSERT INTO `auth_policy_func` (`id`, `policy_id`, `app_id`, `func_id`, `func_type`, `tenant_id`, `created_by`, `created_date`) VALUES (219305136122495044, 126001, 100006, 1000061202001, 'MENU', :tenantId, -1, '2024-03-28 14:49:06');
INSERT INTO `auth_policy_func` (`id`, `policy_id`, `app_id`, `func_id`, `func_type`, `tenant_id`, `created_by`, `created_date`) VALUES (219305136122495045, 126001, 100006, 1000061201004, 'MENU', :tenantId, -1, '2024-03-28 14:49:06');
INSERT INTO `auth_policy_func` (`id`, `policy_id`, `app_id`, `func_id`, `func_type`, `tenant_id`, `created_by`, `created_date`) VALUES (219305136122495046, 126001, 100006, 1000061201032, 'BUTTON', :tenantId, -1, '2024-03-28 14:49:06');
INSERT INTO `auth_policy_func` (`id`, `policy_id`, `app_id`, `func_id`, `func_type`, `tenant_id`, `created_by`, `created_date`) VALUES (219305136122495047, 126001, 100006, 1000061201039, 'BUTTON', :tenantId, -1, '2024-03-28 14:49:06');
INSERT INTO `auth_policy_func` (`id`, `policy_id`, `app_id`, `func_id`, `func_type`, `tenant_id`, `created_by`, `created_date`) VALUES (219305136122495048, 126001, 100006, 1000061201035, 'BUTTON', :tenantId, -1, '2024-03-28 14:49:06');
INSERT INTO `auth_policy_func` (`id`, `policy_id`, `app_id`, `func_id`, `func_type`, `tenant_id`, `created_by`, `created_date`) VALUES (219305136122495049, 126001, 100006, 1000061201040, 'BUTTON', :tenantId, -1, '2024-03-28 14:49:06');
INSERT INTO `auth_policy_func` (`id`, `policy_id`, `app_id`, `func_id`, `func_type`, `tenant_id`, `created_by`, `created_date`) VALUES (219305136122495050, 126001, 100006, 1000061201034, 'BUTTON', :tenantId, -1, '2024-03-28 14:49:06');
INSERT INTO `auth_policy_func` (`id`, `policy_id`, `app_id`, `func_id`, `func_type`, `tenant_id`, `created_by`, `created_date`) VALUES (219305136122495051, 126001, 100006, 1000061201033, 'BUTTON', :tenantId, -1, '2024-03-28 14:49:06');
INSERT INTO `auth_policy_func` (`id`, `policy_id`, `app_id`, `func_id`, `func_type`, `tenant_id`, `created_by`, `created_date`) VALUES (219305136122495052, 126001, 100006, 1000061201036, 'BUTTON', :tenantId, -1, '2024-03-28 14:49:06');
INSERT INTO `auth_policy_func` (`id`, `policy_id`, `app_id`, `func_id`, `func_type`, `tenant_id`, `created_by`, `created_date`) VALUES (219305136122495053, 126001, 100006, 1000061201037, 'BUTTON', :tenantId, -1, '2024-03-28 14:49:06');
INSERT INTO `auth_policy_func` (`id`, `policy_id`, `app_id`, `func_id`, `func_type`, `tenant_id`, `created_by`, `created_date`) VALUES (219305136122495054, 126001, 100006, 1000061204010, 'BUTTON', :tenantId, -1, '2024-03-28 14:49:06');
INSERT INTO `auth_policy_func` (`id`, `policy_id`, `app_id`, `func_id`, `func_type`, `tenant_id`, `created_by`, `created_date`) VALUES (219305136122495055, 126001, 100006, 1000061204007, 'MENU', :tenantId, -1, '2024-03-28 14:49:06');
INSERT INTO `auth_policy_func` (`id`, `policy_id`, `app_id`, `func_id`, `func_type`, `tenant_id`, `created_by`, `created_date`) VALUES (219305136122495056, 126001, 100006, 1000061205006, 'MENU', :tenantId, -1, '2024-03-28 14:49:06');
INSERT INTO `auth_policy_func` (`id`, `policy_id`, `app_id`, `func_id`, `func_type`, `tenant_id`, `created_by`, `created_date`) VALUES (219305136122495057, 126001, 100006, 1000061205033, 'BUTTON', :tenantId, -1, '2024-03-28 14:49:06');
INSERT INTO `auth_policy_func` (`id`, `policy_id`, `app_id`, `func_id`, `func_type`, `tenant_id`, `created_by`, `created_date`) VALUES (219305136122495058, 126001, 100006, 1000061205039, 'BUTTON', :tenantId, -1, '2024-03-28 14:49:06');
INSERT INTO `auth_policy_func` (`id`, `policy_id`, `app_id`, `func_id`, `func_type`, `tenant_id`, `created_by`, `created_date`) VALUES (219305136122495059, 126001, 100006, 1000061205037, 'BUTTON', :tenantId, -1, '2024-03-28 14:49:06');
INSERT INTO `auth_policy_func` (`id`, `policy_id`, `app_id`, `func_id`, `func_type`, `tenant_id`, `created_by`, `created_date`) VALUES (219305136122495060, 126001, 100006, 1000061205034, 'BUTTON', :tenantId, -1, '2024-03-28 14:49:06');
INSERT INTO `auth_policy_func` (`id`, `policy_id`, `app_id`, `func_id`, `func_type`, `tenant_id`, `created_by`, `created_date`) VALUES (219305136122495061, 126001, 100006, 1000061205038, 'BUTTON', :tenantId, -1, '2024-03-28 14:49:06');
INSERT INTO `auth_policy_func` (`id`, `policy_id`, `app_id`, `func_id`, `func_type`, `tenant_id`, `created_by`, `created_date`) VALUES (219305136122495062, 126001, 100006, 1000061205035, 'BUTTON', :tenantId, -1, '2024-03-28 14:49:06');
INSERT INTO `auth_policy_func` (`id`, `policy_id`, `app_id`, `func_id`, `func_type`, `tenant_id`, `created_by`, `created_date`) VALUES (219305136122495063, 126001, 100006, 1000061205036, 'BUTTON', :tenantId, -1, '2024-03-28 14:49:06');
INSERT INTO `auth_policy_func` (`id`, `policy_id`, `app_id`, `func_id`, `func_type`, `tenant_id`, `created_by`, `created_date`) VALUES (219305136122495064, 126001, 100006, 1000061201011, 'BUTTON', :tenantId, -1, '2024-03-28 14:49:06');
INSERT INTO `auth_policy_func` (`id`, `policy_id`, `app_id`, `func_id`, `func_type`, `tenant_id`, `created_by`, `created_date`) VALUES (219305136122495065, 126001, 100006, 1000061205007, 'MENU', :tenantId, -1, '2024-03-28 14:49:06');
INSERT INTO `auth_policy_func` (`id`, `policy_id`, `app_id`, `func_id`, `func_type`, `tenant_id`, `created_by`, `created_date`) VALUES (219305136122495066, 126001, 100006, 1000061205065, 'MENU', :tenantId, -1, '2024-03-28 14:49:06');
INSERT INTO `auth_policy_func` (`id`, `policy_id`, `app_id`, `func_id`, `func_type`, `tenant_id`, `created_by`, `created_date`) VALUES (219305136122495067, 126001, 100006, 1000061205067, 'BUTTON', :tenantId, -1, '2024-03-28 14:49:06');
INSERT INTO `auth_policy_func` (`id`, `policy_id`, `app_id`, `func_id`, `func_type`, `tenant_id`, `created_by`, `created_date`) VALUES (219305136122495068, 126001, 100006, 1000061205058, 'MENU', :tenantId, -1, '2024-03-28 14:49:06');
INSERT INTO `auth_policy_func` (`id`, `policy_id`, `app_id`, `func_id`, `func_type`, `tenant_id`, `created_by`, `created_date`) VALUES (219305136122495069, 126001, 100006, 1000061205060, 'BUTTON', :tenantId, -1, '2024-03-28 14:49:06');
INSERT INTO `auth_policy_func` (`id`, `policy_id`, `app_id`, `func_id`, `func_type`, `tenant_id`, `created_by`, `created_date`) VALUES (219305136122495070, 126001, 100006, 1000061205063, 'BUTTON', :tenantId, -1, '2024-03-28 14:49:06');
INSERT INTO `auth_policy_func` (`id`, `policy_id`, `app_id`, `func_id`, `func_type`, `tenant_id`, `created_by`, `created_date`) VALUES (219305136122495071, 126001, 100006, 1000061205059, 'BUTTON', :tenantId, -1, '2024-03-28 14:49:06');
INSERT INTO `auth_policy_func` (`id`, `policy_id`, `app_id`, `func_id`, `func_type`, `tenant_id`, `created_by`, `created_date`) VALUES (219305136122495072, 126001, 100006, 1000061205062, 'BUTTON', :tenantId, -1, '2024-03-28 14:49:06');
INSERT INTO `auth_policy_func` (`id`, `policy_id`, `app_id`, `func_id`, `func_type`, `tenant_id`, `created_by`, `created_date`) VALUES (219305136122495073, 126001, 100006, 1000061205061, 'BUTTON', :tenantId, -1, '2024-03-28 14:49:06');
INSERT INTO `auth_policy_func` (`id`, `policy_id`, `app_id`, `func_id`, `func_type`, `tenant_id`, `created_by`, `created_date`) VALUES (219305136122495074, 126001, 100006, 1000061205064, 'BUTTON', :tenantId, -1, '2024-03-28 14:49:06');
INSERT INTO `auth_policy_func` (`id`, `policy_id`, `app_id`, `func_id`, `func_type`, `tenant_id`, `created_by`, `created_date`) VALUES (219305136122495075, 126001, 100006, 1000061203003, 'MENU', :tenantId, -1, '2024-03-28 14:49:06');
INSERT INTO `auth_policy_func` (`id`, `policy_id`, `app_id`, `func_id`, `func_type`, `tenant_id`, `created_by`, `created_date`) VALUES (219305136122495076, 126001, 100006, 1000061203008, 'BUTTON', :tenantId, -1, '2024-03-28 14:49:06');
INSERT INTO `auth_policy_func` (`id`, `policy_id`, `app_id`, `func_id`, `func_type`, `tenant_id`, `created_by`, `created_date`) VALUES (219305136122495077, 126001, 100006, 1000061203007, 'BUTTON', :tenantId, -1, '2024-03-28 14:49:06');
INSERT INTO `auth_policy_func` (`id`, `policy_id`, `app_id`, `func_id`, `func_type`, `tenant_id`, `created_by`, `created_date`) VALUES (219305136122495078, 126001, 100006, 1000061201027, 'BUTTON', :tenantId, -1, '2024-03-28 14:49:06');
INSERT INTO `auth_policy_func` (`id`, `policy_id`, `app_id`, `func_id`, `func_type`, `tenant_id`, `created_by`, `created_date`) VALUES (219305136122495079, 126001, 100006, 1000061203002, 'MENU', :tenantId, -1, '2024-03-28 14:49:06');
INSERT INTO `auth_policy_func` (`id`, `policy_id`, `app_id`, `func_id`, `func_type`, `tenant_id`, `created_by`, `created_date`) VALUES (219305136122495080, 126001, 100006, 1000061203001, 'MENU', :tenantId, -1, '2024-03-28 14:49:06');
INSERT INTO `auth_policy_func` (`id`, `policy_id`, `app_id`, `func_id`, `func_type`, `tenant_id`, `created_by`, `created_date`) VALUES (219305136122495081, 126001, 100006, 1000061203005, 'BUTTON', :tenantId, -1, '2024-03-28 14:49:06');
INSERT INTO `auth_policy_func` (`id`, `policy_id`, `app_id`, `func_id`, `func_type`, `tenant_id`, `created_by`, `created_date`) VALUES (219305136122495082, 126001, 100006, 1000061203006, 'BUTTON', :tenantId, -1, '2024-03-28 14:49:06');
INSERT INTO `auth_policy_func` (`id`, `policy_id`, `app_id`, `func_id`, `func_type`, `tenant_id`, `created_by`, `created_date`) VALUES (219305136122495083, 126001, 100006, 1000061203004, 'BUTTON', :tenantId, -1, '2024-03-28 14:49:06');
INSERT INTO `auth_policy_func` (`id`, `policy_id`, `app_id`, `func_id`, `func_type`, `tenant_id`, `created_by`, `created_date`) VALUES (219305136122495084, 126001, 100006, 1000061205017, 'MENU', :tenantId, -1, '2024-03-28 14:49:06');
INSERT INTO `auth_policy_func` (`id`, `policy_id`, `app_id`, `func_id`, `func_type`, `tenant_id`, `created_by`, `created_date`) VALUES (219305136122495085, 126001, 100006, 1000061205020, 'MENU', :tenantId, -1, '2024-03-28 14:49:06');
INSERT INTO `auth_policy_func` (`id`, `policy_id`, `app_id`, `func_id`, `func_type`, `tenant_id`, `created_by`, `created_date`) VALUES (219305136122495086, 126001, 100006, 1000061201001, 'MENU', :tenantId, -1, '2024-03-28 14:49:06');
INSERT INTO `auth_policy_func` (`id`, `policy_id`, `app_id`, `func_id`, `func_type`, `tenant_id`, `created_by`, `created_date`) VALUES (219305136122495087, 126001, 100006, 1000061202002, 'MENU', :tenantId, -1, '2024-03-28 14:49:06');
INSERT INTO `auth_policy_func` (`id`, `policy_id`, `app_id`, `func_id`, `func_type`, `tenant_id`, `created_by`, `created_date`) VALUES (219305136122495088, 126001, 100006, 1000061202004, 'BUTTON', :tenantId, -1, '2024-03-28 14:49:06');
INSERT INTO `auth_policy_func` (`id`, `policy_id`, `app_id`, `func_id`, `func_type`, `tenant_id`, `created_by`, `created_date`) VALUES (219305136122495089, 126001, 100006, 1000061202007, 'BUTTON', :tenantId, -1, '2024-03-28 14:49:06');
INSERT INTO `auth_policy_func` (`id`, `policy_id`, `app_id`, `func_id`, `func_type`, `tenant_id`, `created_by`, `created_date`) VALUES (219305136122495090, 126001, 100006, 1000061202015, 'BUTTON', :tenantId, -1, '2024-03-28 14:49:06');
INSERT INTO `auth_policy_func` (`id`, `policy_id`, `app_id`, `func_id`, `func_type`, `tenant_id`, `created_by`, `created_date`) VALUES (219305136122495091, 126001, 100006, 1000061202006, 'BUTTON', :tenantId, -1, '2024-03-28 14:49:06');
INSERT INTO `auth_policy_func` (`id`, `policy_id`, `app_id`, `func_id`, `func_type`, `tenant_id`, `created_by`, `created_date`) VALUES (219305136122495092, 126001, 100006, 1000061202008, 'BUTTON', :tenantId, -1, '2024-03-28 14:49:06');
INSERT INTO `auth_policy_func` (`id`, `policy_id`, `app_id`, `func_id`, `func_type`, `tenant_id`, `created_by`, `created_date`) VALUES (219305136122495093, 126001, 100006, 1000061202019, 'BUTTON', :tenantId, -1, '2024-03-28 14:49:06');
INSERT INTO `auth_policy_func` (`id`, `policy_id`, `app_id`, `func_id`, `func_type`, `tenant_id`, `created_by`, `created_date`) VALUES (219305136122495094, 126001, 100006, 1000061202020, 'BUTTON', :tenantId, -1, '2024-03-28 14:49:06');
INSERT INTO `auth_policy_func` (`id`, `policy_id`, `app_id`, `func_id`, `func_type`, `tenant_id`, `created_by`, `created_date`) VALUES (219305136122495095, 126001, 100006, 1000061205032, 'BUTTON', :tenantId, -1, '2024-03-28 14:49:06');
INSERT INTO `auth_policy_func` (`id`, `policy_id`, `app_id`, `func_id`, `func_type`, `tenant_id`, `created_by`, `created_date`) VALUES (219305136122495096, 126001, 100006, 1000061205012, 'MENU', :tenantId, -1, '2024-03-28 14:49:06');
INSERT INTO `auth_policy_func` (`id`, `policy_id`, `app_id`, `func_id`, `func_type`, `tenant_id`, `created_by`, `created_date`) VALUES (219305136122495097, 126001, 100006, 1000061205030, 'BUTTON', :tenantId, -1, '2024-03-28 14:49:06');
INSERT INTO `auth_policy_func` (`id`, `policy_id`, `app_id`, `func_id`, `func_type`, `tenant_id`, `created_by`, `created_date`) VALUES (219305136122495098, 126001, 100006, 1000061205005, 'MENU', :tenantId, -1, '2024-03-28 14:49:06');
INSERT INTO `auth_policy_func` (`id`, `policy_id`, `app_id`, `func_id`, `func_type`, `tenant_id`, `created_by`, `created_date`) VALUES (219305136122495099, 126001, 100006, 1000061205022, 'MENU', :tenantId, -1, '2024-03-28 14:49:06');
INSERT INTO `auth_policy_func` (`id`, `policy_id`, `app_id`, `func_id`, `func_type`, `tenant_id`, `created_by`, `created_date`) VALUES (219305136122495100, 126001, 100006, 1000061201008, 'BUTTON', :tenantId, -1, '2024-03-28 14:49:06');
INSERT INTO `auth_policy_func` (`id`, `policy_id`, `app_id`, `func_id`, `func_type`, `tenant_id`, `created_by`, `created_date`) VALUES (219305136122495101, 126001, 100006, 1000061205013, 'MENU', :tenantId, -1, '2024-03-28 14:49:06');
INSERT INTO `auth_policy_func` (`id`, `policy_id`, `app_id`, `func_id`, `func_type`, `tenant_id`, `created_by`, `created_date`) VALUES (219305136122495102, 126001, 100006, 1000061205048, 'BUTTON', :tenantId, -1, '2024-03-28 14:49:06');
INSERT INTO `auth_policy_func` (`id`, `policy_id`, `app_id`, `func_id`, `func_type`, `tenant_id`, `created_by`, `created_date`) VALUES (219305136122495103, 126001, 100006, 1000061205023, 'MENU', :tenantId, -1, '2024-03-28 14:49:06');
INSERT INTO `auth_policy_func` (`id`, `policy_id`, `app_id`, `func_id`, `func_type`, `tenant_id`, `created_by`, `created_date`) VALUES (219305136122495104, 126001, 100006, 1000061205045, 'BUTTON', :tenantId, -1, '2024-03-28 14:49:06');
INSERT INTO `auth_policy_func` (`id`, `policy_id`, `app_id`, `func_id`, `func_type`, `tenant_id`, `created_by`, `created_date`) VALUES (219305136122495105, 126001, 100006, 1000061205046, 'BUTTON', :tenantId, -1, '2024-03-28 14:49:06');
INSERT INTO `auth_policy_func` (`id`, `policy_id`, `app_id`, `func_id`, `func_type`, `tenant_id`, `created_by`, `created_date`) VALUES (219305136122495106, 126001, 100006, 1000061205044, 'BUTTON', :tenantId, -1, '2024-03-28 14:49:06');
INSERT INTO `auth_policy_func` (`id`, `policy_id`, `app_id`, `func_id`, `func_type`, `tenant_id`, `created_by`, `created_date`) VALUES (219305136122495107, 126001, 100006, 1000061205008, 'MENU', :tenantId, -1, '2024-03-28 14:49:06');
INSERT INTO `auth_policy_func` (`id`, `policy_id`, `app_id`, `func_id`, `func_type`, `tenant_id`, `created_by`, `created_date`) VALUES (219305136122495108, 126001, 100006, 1000061205066, 'MENU', :tenantId, -1, '2024-03-28 14:49:06');
INSERT INTO `auth_policy_func` (`id`, `policy_id`, `app_id`, `func_id`, `func_type`, `tenant_id`, `created_by`, `created_date`) VALUES (219305136122495109, 126001, 100006, 1000061205068, 'BUTTON', :tenantId, -1, '2024-03-28 14:49:06');
INSERT INTO `auth_policy_func` (`id`, `policy_id`, `app_id`, `func_id`, `func_type`, `tenant_id`, `created_by`, `created_date`) VALUES (219305136122495110, 126001, 100006, 1000061205024, 'MENU', :tenantId, -1, '2024-03-28 14:49:06');
INSERT INTO `auth_policy_func` (`id`, `policy_id`, `app_id`, `func_id`, `func_type`, `tenant_id`, `created_by`, `created_date`) VALUES (219305136122495111, 126001, 100006, 1000061205047, 'BUTTON', :tenantId, -1, '2024-03-28 14:49:06');
INSERT INTO `auth_policy_func` (`id`, `policy_id`, `app_id`, `func_id`, `func_type`, `tenant_id`, `created_by`, `created_date`) VALUES (219305136122495112, 126001, 100006, 1000061205004, 'MENU', :tenantId, -1, '2024-03-28 14:49:06');
INSERT INTO `auth_policy_func` (`id`, `policy_id`, `app_id`, `func_id`, `func_type`, `tenant_id`, `created_by`, `created_date`) VALUES (219305136122495113, 126001, 100006, 1000061201012, 'BUTTON', :tenantId, -1, '2024-03-28 14:49:06');
INSERT INTO `auth_policy_func` (`id`, `policy_id`, `app_id`, `func_id`, `func_type`, `tenant_id`, `created_by`, `created_date`) VALUES (219305136122495114, 126001, 100006, 1000061205050, 'BUTTON', :tenantId, -1, '2024-03-28 14:49:06');
INSERT INTO `auth_policy_func` (`id`, `policy_id`, `app_id`, `func_id`, `func_type`, `tenant_id`, `created_by`, `created_date`) VALUES (219305136122495115, 126001, 100006, 1000061205053, 'BUTTON', :tenantId, -1, '2024-03-28 14:49:06');
INSERT INTO `auth_policy_func` (`id`, `policy_id`, `app_id`, `func_id`, `func_type`, `tenant_id`, `created_by`, `created_date`) VALUES (219305136122495116, 126001, 100006, 1000061205052, 'BUTTON', :tenantId, -1, '2024-03-28 14:49:06');
INSERT INTO `auth_policy_func` (`id`, `policy_id`, `app_id`, `func_id`, `func_type`, `tenant_id`, `created_by`, `created_date`) VALUES (219305136122495117, 126001, 100006, 1000061204001, 'MENU', :tenantId, -1, '2024-03-28 14:49:06');
INSERT INTO `auth_policy_func` (`id`, `policy_id`, `app_id`, `func_id`, `func_type`, `tenant_id`, `created_by`, `created_date`) VALUES (219305136122495118, 126001, 100006, 1000061204011, 'BUTTON', :tenantId, -1, '2024-03-28 14:49:06');
INSERT INTO `auth_policy_func` (`id`, `policy_id`, `app_id`, `func_id`, `func_type`, `tenant_id`, `created_by`, `created_date`) VALUES (219305136122495119, 126001, 100006, 1000061204012, 'BUTTON', :tenantId, -1, '2024-03-28 14:49:06');
INSERT INTO `auth_policy_func` (`id`, `policy_id`, `app_id`, `func_id`, `func_type`, `tenant_id`, `created_by`, `created_date`) VALUES (219305136122495120, 126001, 100006, 1000061204005, 'MENU', :tenantId, -1, '2024-03-28 14:49:06');
INSERT INTO `auth_policy_func` (`id`, `policy_id`, `app_id`, `func_id`, `func_type`, `tenant_id`, `created_by`, `created_date`) VALUES (219305136122495121, 126001, 100006, 1000061204006, 'MENU', :tenantId, -1, '2024-03-28 14:49:06');
INSERT INTO `auth_policy_func` (`id`, `policy_id`, `app_id`, `func_id`, `func_type`, `tenant_id`, `created_by`, `created_date`) VALUES (219305136122495122, 126001, 100006, 1000061205001, 'MENU', :tenantId, -1, '2024-03-28 14:49:06');
INSERT INTO `auth_policy_func` (`id`, `policy_id`, `app_id`, `func_id`, `func_type`, `tenant_id`, `created_by`, `created_date`) VALUES (219305136122495123, 126001, 100006, 1000061205021, 'MENU', :tenantId, -1, '2024-03-28 14:49:06');
INSERT INTO `auth_policy_func` (`id`, `policy_id`, `app_id`, `func_id`, `func_type`, `tenant_id`, `created_by`, `created_date`) VALUES (219305136122495124, 126001, 100006, 1000061205019, 'MENU', :tenantId, -1, '2024-03-28 14:49:06');
INSERT INTO `auth_policy_func` (`id`, `policy_id`, `app_id`, `func_id`, `func_type`, `tenant_id`, `created_by`, `created_date`) VALUES (219305136122495125, 126001, 100006, 1000061205056, 'BUTTON', :tenantId, -1, '2024-03-28 14:49:06');
INSERT INTO `auth_policy_func` (`id`, `policy_id`, `app_id`, `func_id`, `func_type`, `tenant_id`, `created_by`, `created_date`) VALUES (219305136122495126, 126001, 100006, 1000061205054, 'BUTTON', :tenantId, -1, '2024-03-28 14:49:06');
INSERT INTO `auth_policy_func` (`id`, `policy_id`, `app_id`, `func_id`, `func_type`, `tenant_id`, `created_by`, `created_date`) VALUES (219305136122495127, 126001, 100006, 1000061205057, 'BUTTON', :tenantId, -1, '2024-03-28 14:49:06');
INSERT INTO `auth_policy_func` (`id`, `policy_id`, `app_id`, `func_id`, `func_type`, `tenant_id`, `created_by`, `created_date`) VALUES (219305136122495128, 126001, 100006, 1000061205055, 'BUTTON', :tenantId, -1, '2024-03-28 14:49:06');
INSERT INTO `auth_policy_func` (`id`, `policy_id`, `app_id`, `func_id`, `func_type`, `tenant_id`, `created_by`, `created_date`) VALUES (219305136122495129, 126001, 100006, 1000061205002, 'MENU', :tenantId, -1, '2024-03-28 14:49:06');
INSERT INTO `auth_policy_func` (`id`, `policy_id`, `app_id`, `func_id`, `func_type`, `tenant_id`, `created_by`, `created_date`) VALUES (219305136122495130, 126001, 100006, 1000061201005, 'MENU', :tenantId, -1, '2024-03-28 14:49:06');
INSERT INTO `auth_policy_func` (`id`, `policy_id`, `app_id`, `func_id`, `func_type`, `tenant_id`, `created_by`, `created_date`) VALUES (219305136122495131, 126001, 100006, 1000061201041, 'BUTTON', :tenantId, -1, '2024-03-28 14:49:06');
INSERT INTO `auth_policy_func` (`id`, `policy_id`, `app_id`, `func_id`, `func_type`, `tenant_id`, `created_by`, `created_date`) VALUES (219305136122495132, 126001, 100006, 1000061201043, 'BUTTON', :tenantId, -1, '2024-03-28 14:49:06');
INSERT INTO `auth_policy_func` (`id`, `policy_id`, `app_id`, `func_id`, `func_type`, `tenant_id`, `created_by`, `created_date`) VALUES (219305136122495133, 126001, 100006, 1000061201046, 'BUTTON', :tenantId, -1, '2024-03-28 14:49:06');
INSERT INTO `auth_policy_func` (`id`, `policy_id`, `app_id`, `func_id`, `func_type`, `tenant_id`, `created_by`, `created_date`) VALUES (219305136122495134, 126001, 100006, 1000061201047, 'BUTTON', :tenantId, -1, '2024-03-28 14:49:06');
INSERT INTO `auth_policy_func` (`id`, `policy_id`, `app_id`, `func_id`, `func_type`, `tenant_id`, `created_by`, `created_date`) VALUES (219305136122495135, 126001, 100006, 1000061201048, 'BUTTON', :tenantId, -1, '2024-03-28 14:49:06');
INSERT INTO `auth_policy_func` (`id`, `policy_id`, `app_id`, `func_id`, `func_type`, `tenant_id`, `created_by`, `created_date`) VALUES (219305136122495136, 126001, 100006, 1000061201049, 'BUTTON', :tenantId, -1, '2024-03-28 14:49:06');
INSERT INTO `auth_policy_func` (`id`, `policy_id`, `app_id`, `func_id`, `func_type`, `tenant_id`, `created_by`, `created_date`) VALUES (219305136122495137, 126001, 100006, 1000061201042, 'BUTTON', :tenantId, -1, '2024-03-28 14:49:06');
INSERT INTO `auth_policy_func` (`id`, `policy_id`, `app_id`, `func_id`, `func_type`, `tenant_id`, `created_by`, `created_date`) VALUES (219305136122495138, 126001, 100006, 1000061201044, 'BUTTON', :tenantId, -1, '2024-03-28 14:49:06');
INSERT INTO `auth_policy_func` (`id`, `policy_id`, `app_id`, `func_id`, `func_type`, `tenant_id`, `created_by`, `created_date`) VALUES (219305136122495139, 126001, 100006, 1000061201045, 'BUTTON', :tenantId, -1, '2024-03-28 14:49:06');
INSERT INTO `auth_policy_func` (`id`, `policy_id`, `app_id`, `func_id`, `func_type`, `tenant_id`, `created_by`, `created_date`) VALUES (219305136122495140, 126001, 100006, 1000061205051, 'BUTTON', :tenantId, -1, '2024-03-28 14:49:06');
INSERT INTO `auth_policy_func` (`id`, `policy_id`, `app_id`, `func_id`, `func_type`, `tenant_id`, `created_by`, `created_date`) VALUES (219305136122495141, 126001, 100006, 1000061201002, 'MENU', :tenantId, -1, '2024-03-28 14:49:06');
INSERT INTO `auth_policy_func` (`id`, `policy_id`, `app_id`, `func_id`, `func_type`, `tenant_id`, `created_by`, `created_date`) VALUES (219305136122495142, 126001, 100006, 1000061201006, 'BUTTON', :tenantId, -1, '2024-03-28 14:49:06');
INSERT INTO `auth_policy_func` (`id`, `policy_id`, `app_id`, `func_id`, `func_type`, `tenant_id`, `created_by`, `created_date`) VALUES (219305136122495143, 126001, 100006, 1000061201020, 'BUTTON', :tenantId, -1, '2024-03-28 14:49:06');
INSERT INTO `auth_policy_func` (`id`, `policy_id`, `app_id`, `func_id`, `func_type`, `tenant_id`, `created_by`, `created_date`) VALUES (219305136122495144, 126001, 100006, 1000061201010, 'BUTTON', :tenantId, -1, '2024-03-28 14:49:06');
INSERT INTO `auth_policy_func` (`id`, `policy_id`, `app_id`, `func_id`, `func_type`, `tenant_id`, `created_by`, `created_date`) VALUES (219305136122495145, 126001, 100006, 1000061201013, 'BUTTON', :tenantId, -1, '2024-03-28 14:49:06');
INSERT INTO `auth_policy_func` (`id`, `policy_id`, `app_id`, `func_id`, `func_type`, `tenant_id`, `created_by`, `created_date`) VALUES (219305136122495146, 126001, 100006, 1000061201014, 'BUTTON', :tenantId, -1, '2024-03-28 14:49:06');
INSERT INTO `auth_policy_func` (`id`, `policy_id`, `app_id`, `func_id`, `func_type`, `tenant_id`, `created_by`, `created_date`) VALUES (219305136122495147, 126001, 100006, 1000061201021, 'BUTTON', :tenantId, -1, '2024-03-28 14:49:06');
INSERT INTO `auth_policy_func` (`id`, `policy_id`, `app_id`, `func_id`, `func_type`, `tenant_id`, `created_by`, `created_date`) VALUES (219305136122495148, 126001, 100006, 1000061201009, 'BUTTON', :tenantId, -1, '2024-03-28 14:49:06');
INSERT INTO `auth_policy_func` (`id`, `policy_id`, `app_id`, `func_id`, `func_type`, `tenant_id`, `created_by`, `created_date`) VALUES (219305136122495149, 126001, 100006, 1000061201015, 'BUTTON', :tenantId, -1, '2024-03-28 14:49:06');
INSERT INTO `auth_policy_func` (`id`, `policy_id`, `app_id`, `func_id`, `func_type`, `tenant_id`, `created_by`, `created_date`) VALUES (219305136122495150, 126001, 100006, 1000061201016, 'BUTTON', :tenantId, -1, '2024-03-28 14:49:06');
INSERT INTO `auth_policy_func` (`id`, `policy_id`, `app_id`, `func_id`, `func_type`, `tenant_id`, `created_by`, `created_date`) VALUES (219305136122495151, 126001, 100006, 1000061201007, 'BUTTON', :tenantId, -1, '2024-03-28 14:49:06');
INSERT INTO `auth_policy_func` (`id`, `policy_id`, `app_id`, `func_id`, `func_type`, `tenant_id`, `created_by`, `created_date`) VALUES (219305136122495152, 126001, 100006, 1000061201017, 'BUTTON', :tenantId, -1, '2024-03-28 14:49:06');
INSERT INTO `auth_policy_func` (`id`, `policy_id`, `app_id`, `func_id`, `func_type`, `tenant_id`, `created_by`, `created_date`) VALUES (219305136122495153, 126001, 100006, 1000061201018, 'BUTTON', :tenantId, -1, '2024-03-28 14:49:06');
INSERT INTO `auth_policy_func` (`id`, `policy_id`, `app_id`, `func_id`, `func_type`, `tenant_id`, `created_by`, `created_date`) VALUES (219305136122495154, 126001, 100006, 1000061204013, 'BUTTON', :tenantId, -1, '2024-03-28 14:49:06');
INSERT INTO `auth_policy_func` (`id`, `policy_id`, `app_id`, `func_id`, `func_type`, `tenant_id`, `created_by`, `created_date`) VALUES (219305136122495155, 126001, 100006, 1000061204014, 'BUTTON', :tenantId, -1, '2024-03-28 14:49:06');
INSERT INTO `auth_policy_func` (`id`, `policy_id`, `app_id`, `func_id`, `func_type`, `tenant_id`, `created_by`, `created_date`) VALUES (219427254927622806, 126003, 100006, 1000061201001, 'MENU', :tenantId, -1, '2024-03-28 15:45:08');
INSERT INTO `auth_policy_func` (`id`, `policy_id`, `app_id`, `func_id`, `func_type`, `tenant_id`, `created_by`, `created_date`) VALUES (219427254927622807, 126003, 100006, 1000061201002, 'MENU', :tenantId, -1, '2024-03-28 15:45:08');
INSERT INTO `auth_policy_func` (`id`, `policy_id`, `app_id`, `func_id`, `func_type`, `tenant_id`, `created_by`, `created_date`) VALUES (219427254927622808, 126003, 100006, 1000061201003, 'MENU', :tenantId, -1, '2024-03-28 15:45:08');
INSERT INTO `auth_policy_func` (`id`, `policy_id`, `app_id`, `func_id`, `func_type`, `tenant_id`, `created_by`, `created_date`) VALUES (219427254927622809, 126003, 100006, 1000061201004, 'MENU', :tenantId, -1, '2024-03-28 15:45:08');
INSERT INTO `auth_policy_func` (`id`, `policy_id`, `app_id`, `func_id`, `func_type`, `tenant_id`, `created_by`, `created_date`) VALUES (219427254927622810, 126003, 100006, 1000061201005, 'MENU', :tenantId, -1, '2024-03-28 15:45:08');
INSERT INTO `auth_policy_func` (`id`, `policy_id`, `app_id`, `func_id`, `func_type`, `tenant_id`, `created_by`, `created_date`) VALUES (219427254927622811, 126003, 100006, 1000061201021, 'BUTTON', :tenantId, -1, '2024-03-28 15:45:08');
INSERT INTO `auth_policy_func` (`id`, `policy_id`, `app_id`, `func_id`, `func_type`, `tenant_id`, `created_by`, `created_date`) VALUES (219427254927622812, 126003, 100006, 1000061201040, 'BUTTON', :tenantId, -1, '2024-03-28 15:45:08');
INSERT INTO `auth_policy_func` (`id`, `policy_id`, `app_id`, `func_id`, `func_type`, `tenant_id`, `created_by`, `created_date`) VALUES (219427254927622813, 126003, 100006, 1000061202001, 'MENU', :tenantId, -1, '2024-03-28 15:45:08');
INSERT INTO `auth_policy_func` (`id`, `policy_id`, `app_id`, `func_id`, `func_type`, `tenant_id`, `created_by`, `created_date`) VALUES (219427254927622814, 126003, 100006, 1000061202002, 'MENU', :tenantId, -1, '2024-03-28 15:45:08');
INSERT INTO `auth_policy_func` (`id`, `policy_id`, `app_id`, `func_id`, `func_type`, `tenant_id`, `created_by`, `created_date`) VALUES (219427254927622815, 126003, 100006, 1000061202003, 'MENU', :tenantId, -1, '2024-03-28 15:45:08');
INSERT INTO `auth_policy_func` (`id`, `policy_id`, `app_id`, `func_id`, `func_type`, `tenant_id`, `created_by`, `created_date`) VALUES (219427254927622816, 126003, 100006, 1000061202015, 'BUTTON', :tenantId, -1, '2024-03-28 15:45:08');
INSERT INTO `auth_policy_func` (`id`, `policy_id`, `app_id`, `func_id`, `func_type`, `tenant_id`, `created_by`, `created_date`) VALUES (219427254927622817, 126003, 100006, 1000061203001, 'MENU', :tenantId, -1, '2024-03-28 15:45:08');
INSERT INTO `auth_policy_func` (`id`, `policy_id`, `app_id`, `func_id`, `func_type`, `tenant_id`, `created_by`, `created_date`) VALUES (219427254927622818, 126003, 100006, 1000061203002, 'MENU', :tenantId, -1, '2024-03-28 15:45:08');
INSERT INTO `auth_policy_func` (`id`, `policy_id`, `app_id`, `func_id`, `func_type`, `tenant_id`, `created_by`, `created_date`) VALUES (219427254927622819, 126003, 100006, 1000061203003, 'MENU', :tenantId, -1, '2024-03-28 15:45:08');
INSERT INTO `auth_policy_func` (`id`, `policy_id`, `app_id`, `func_id`, `func_type`, `tenant_id`, `created_by`, `created_date`) VALUES (219427254927622820, 126003, 100006, 1000061203006, 'BUTTON', :tenantId, -1, '2024-03-28 15:45:08');
INSERT INTO `auth_policy_func` (`id`, `policy_id`, `app_id`, `func_id`, `func_type`, `tenant_id`, `created_by`, `created_date`) VALUES (219427254927622821, 126003, 100006, 1000061203008, 'BUTTON', :tenantId, -1, '2024-03-28 15:45:08');
INSERT INTO `auth_policy_func` (`id`, `policy_id`, `app_id`, `func_id`, `func_type`, `tenant_id`, `created_by`, `created_date`) VALUES (219427254927622822, 126003, 100006, 1000061204001, 'MENU', :tenantId, -1, '2024-03-28 15:45:08');
INSERT INTO `auth_policy_func` (`id`, `policy_id`, `app_id`, `func_id`, `func_type`, `tenant_id`, `created_by`, `created_date`) VALUES (219427254927622823, 126003, 100006, 1000061204005, 'MENU', :tenantId, -1, '2024-03-28 15:45:08');
INSERT INTO `auth_policy_func` (`id`, `policy_id`, `app_id`, `func_id`, `func_type`, `tenant_id`, `created_by`, `created_date`) VALUES (219427254927622824, 126003, 100006, 1000061204006, 'MENU', :tenantId, -1, '2024-03-28 15:45:08');
INSERT INTO `auth_policy_func` (`id`, `policy_id`, `app_id`, `func_id`, `func_type`, `tenant_id`, `created_by`, `created_date`) VALUES (219427254927622825, 126003, 100006, 1000061204010, 'BUTTON', :tenantId, -1, '2024-03-28 15:45:08');
INSERT INTO `auth_policy_func` (`id`, `policy_id`, `app_id`, `func_id`, `func_type`, `tenant_id`, `created_by`, `created_date`) VALUES (219427254927622826, 126003, 100006, 1000061204011, 'BUTTON', :tenantId, -1, '2024-03-28 15:45:08');
INSERT INTO `auth_policy_func` (`id`, `policy_id`, `app_id`, `func_id`, `func_type`, `tenant_id`, `created_by`, `created_date`) VALUES (219427254927622827, 126003, 100006, 1000061204012, 'BUTTON', :tenantId, -1, '2024-03-28 15:45:08');
INSERT INTO `auth_policy_func` (`id`, `policy_id`, `app_id`, `func_id`, `func_type`, `tenant_id`, `created_by`, `created_date`) VALUES (219427254927622828, 126003, 100006, 1000061204013, 'BUTTON', :tenantId, -1, '2024-03-28 15:45:08');
INSERT INTO `auth_policy_func` (`id`, `policy_id`, `app_id`, `func_id`, `func_type`, `tenant_id`, `created_by`, `created_date`) VALUES (219427254927622829, 126003, 100006, 1000061204014, 'BUTTON', :tenantId, -1, '2024-03-28 15:45:08');
INSERT INTO `auth_policy_func` (`id`, `policy_id`, `app_id`, `func_id`, `func_type`, `tenant_id`, `created_by`, `created_date`) VALUES (219427254927622830, 126003, 100006, 1000061205001, 'MENU', :tenantId, -1, '2024-03-28 15:45:08');
INSERT INTO `auth_policy_func` (`id`, `policy_id`, `app_id`, `func_id`, `func_type`, `tenant_id`, `created_by`, `created_date`) VALUES (219427254927622831, 126003, 100006, 1000061205002, 'MENU', :tenantId, -1, '2024-03-28 15:45:08');
INSERT INTO `auth_policy_func` (`id`, `policy_id`, `app_id`, `func_id`, `func_type`, `tenant_id`, `created_by`, `created_date`) VALUES (219427254927622832, 126003, 100006, 1000061205005, 'MENU', :tenantId, -1, '2024-03-28 15:45:08');
INSERT INTO `auth_policy_func` (`id`, `policy_id`, `app_id`, `func_id`, `func_type`, `tenant_id`, `created_by`, `created_date`) VALUES (219427254927622833, 126003, 100006, 1000061205006, 'MENU', :tenantId, -1, '2024-03-28 15:45:08');
INSERT INTO `auth_policy_func` (`id`, `policy_id`, `app_id`, `func_id`, `func_type`, `tenant_id`, `created_by`, `created_date`) VALUES (219427254927622834, 126003, 100006, 1000061205007, 'MENU', :tenantId, -1, '2024-03-28 15:45:08');
INSERT INTO `auth_policy_func` (`id`, `policy_id`, `app_id`, `func_id`, `func_type`, `tenant_id`, `created_by`, `created_date`) VALUES (219427254927622835, 126003, 100006, 1000061205008, 'MENU', :tenantId, -1, '2024-03-28 15:45:08');
INSERT INTO `auth_policy_func` (`id`, `policy_id`, `app_id`, `func_id`, `func_type`, `tenant_id`, `created_by`, `created_date`) VALUES (219427254927622836, 126003, 100006, 1000061205009, 'MENU', :tenantId, -1, '2024-03-28 15:45:08');
INSERT INTO `auth_policy_func` (`id`, `policy_id`, `app_id`, `func_id`, `func_type`, `tenant_id`, `created_by`, `created_date`) VALUES (219427254927622837, 126003, 100006, 1000061205010, 'MENU', :tenantId, -1, '2024-03-28 15:45:08');
INSERT INTO `auth_policy_func` (`id`, `policy_id`, `app_id`, `func_id`, `func_type`, `tenant_id`, `created_by`, `created_date`) VALUES (219427254927622838, 126003, 100006, 1000061205011, 'MENU', :tenantId, -1, '2024-03-28 15:45:08');
INSERT INTO `auth_policy_func` (`id`, `policy_id`, `app_id`, `func_id`, `func_type`, `tenant_id`, `created_by`, `created_date`) VALUES (219427254927622839, 126003, 100006, 1000061205012, 'MENU', :tenantId, -1, '2024-03-28 15:45:08');
INSERT INTO `auth_policy_func` (`id`, `policy_id`, `app_id`, `func_id`, `func_type`, `tenant_id`, `created_by`, `created_date`) VALUES (219427254927622840, 126003, 100006, 1000061205013, 'MENU', :tenantId, -1, '2024-03-28 15:45:08');
INSERT INTO `auth_policy_func` (`id`, `policy_id`, `app_id`, `func_id`, `func_type`, `tenant_id`, `created_by`, `created_date`) VALUES (219427254927622841, 126003, 100006, 1000061205014, 'MENU', :tenantId, -1, '2024-03-28 15:45:08');
INSERT INTO `auth_policy_func` (`id`, `policy_id`, `app_id`, `func_id`, `func_type`, `tenant_id`, `created_by`, `created_date`) VALUES (219427254927622842, 126003, 100006, 1000061205016, 'MENU', :tenantId, -1, '2024-03-28 15:45:08');
INSERT INTO `auth_policy_func` (`id`, `policy_id`, `app_id`, `func_id`, `func_type`, `tenant_id`, `created_by`, `created_date`) VALUES (219427254927622843, 126003, 100006, 1000061205017, 'MENU', :tenantId, -1, '2024-03-28 15:45:08');
INSERT INTO `auth_policy_func` (`id`, `policy_id`, `app_id`, `func_id`, `func_type`, `tenant_id`, `created_by`, `created_date`) VALUES (219427254927622844, 126003, 100006, 1000061205018, 'MENU', :tenantId, -1, '2024-03-28 15:45:08');
INSERT INTO `auth_policy_func` (`id`, `policy_id`, `app_id`, `func_id`, `func_type`, `tenant_id`, `created_by`, `created_date`) VALUES (219427254927622845, 126003, 100006, 1000061205020, 'MENU', :tenantId, -1, '2024-03-28 15:45:08');
INSERT INTO `auth_policy_func` (`id`, `policy_id`, `app_id`, `func_id`, `func_type`, `tenant_id`, `created_by`, `created_date`) VALUES (219427254927622846, 126003, 100006, 1000061205021, 'MENU', :tenantId, -1, '2024-03-28 15:45:08');
INSERT INTO `auth_policy_func` (`id`, `policy_id`, `app_id`, `func_id`, `func_type`, `tenant_id`, `created_by`, `created_date`) VALUES (219427254927622847, 126003, 100006, 1000061205022, 'MENU', :tenantId, -1, '2024-03-28 15:45:08');
INSERT INTO `auth_policy_func` (`id`, `policy_id`, `app_id`, `func_id`, `func_type`, `tenant_id`, `created_by`, `created_date`) VALUES (219427254927622848, 126003, 100006, 1000061205023, 'MENU', :tenantId, -1, '2024-03-28 15:45:08');
INSERT INTO `auth_policy_func` (`id`, `policy_id`, `app_id`, `func_id`, `func_type`, `tenant_id`, `created_by`, `created_date`) VALUES (219427254927622849, 126003, 100006, 1000061205024, 'MENU', :tenantId, -1, '2024-03-28 15:45:08');
INSERT INTO `auth_policy_func` (`id`, `policy_id`, `app_id`, `func_id`, `func_type`, `tenant_id`, `created_by`, `created_date`) VALUES (219427254927622850, 126003, 100006, 1000061205031, 'BUTTON', :tenantId, -1, '2024-03-28 15:45:08');
INSERT INTO `auth_policy_func` (`id`, `policy_id`, `app_id`, `func_id`, `func_type`, `tenant_id`, `created_by`, `created_date`) VALUES (219427254927622851, 126003, 100006, 1000061205058, 'MENU', :tenantId, -1, '2024-03-28 15:45:08');
INSERT INTO `auth_policy_func` (`id`, `policy_id`, `app_id`, `func_id`, `func_type`, `tenant_id`, `created_by`, `created_date`) VALUES (219427254927622852, 126003, 100006, 1000061205059, 'BUTTON', :tenantId, -1, '2024-03-28 15:45:08');
INSERT INTO `auth_policy_func` (`id`, `policy_id`, `app_id`, `func_id`, `func_type`, `tenant_id`, `created_by`, `created_date`) VALUES (219427254927622853, 126003, 100006, 1000061205065, 'MENU', :tenantId, -1, '2024-03-28 15:45:08');
INSERT INTO `auth_policy_func` (`id`, `policy_id`, `app_id`, `func_id`, `func_type`, `tenant_id`, `created_by`, `created_date`) VALUES (219427254927622854, 126003, 100006, 1000061205066, 'MENU', :tenantId, -1, '2024-03-28 15:45:08');
INSERT INTO `auth_policy_func` (`id`, `policy_id`, `app_id`, `func_id`, `func_type`, `tenant_id`, `created_by`, `created_date`) VALUES (219427254927622855, 126003, 100006, 1000061205067, 'BUTTON', :tenantId, -1, '2024-03-28 15:45:08');
INSERT INTO `auth_policy_func` (`id`, `policy_id`, `app_id`, `func_id`, `func_type`, `tenant_id`, `created_by`, `created_date`) VALUES (219427254927622856, 126003, 100006, 1000061205068, 'BUTTON', :tenantId, -1, '2024-03-28 15:45:08');
INSERT INTO `auth_policy_func` (`id`, `policy_id`, `app_id`, `func_id`, `func_type`, `tenant_id`, `created_by`, `created_date`) VALUES (219427254927623278, 126002, 100006, 1000061205018, 'MENU', :tenantId, -1, '2024-03-28 16:27:00');
INSERT INTO `auth_policy_func` (`id`, `policy_id`, `app_id`, `func_id`, `func_type`, `tenant_id`, `created_by`, `created_date`) VALUES (219427254927623279, 126002, 100006, 1000061205014, 'MENU', :tenantId, -1, '2024-03-28 16:27:00');
INSERT INTO `auth_policy_func` (`id`, `policy_id`, `app_id`, `func_id`, `func_type`, `tenant_id`, `created_by`, `created_date`) VALUES (219427254927623280, 126002, 100006, 1000061205016, 'MENU', :tenantId, -1, '2024-03-28 16:27:00');
INSERT INTO `auth_policy_func` (`id`, `policy_id`, `app_id`, `func_id`, `func_type`, `tenant_id`, `created_by`, `created_date`) VALUES (219427254927623281, 126002, 100006, 1000061202003, 'MENU', :tenantId, -1, '2024-03-28 16:27:00');
INSERT INTO `auth_policy_func` (`id`, `policy_id`, `app_id`, `func_id`, `func_type`, `tenant_id`, `created_by`, `created_date`) VALUES (219427254927623282, 126002, 100006, 1000061205069, 'BUTTON', :tenantId, -1, '2024-03-28 16:27:00');
INSERT INTO `auth_policy_func` (`id`, `policy_id`, `app_id`, `func_id`, `func_type`, `tenant_id`, `created_by`, `created_date`) VALUES (219427254927623283, 126002, 100006, 1000061205071, 'BUTTON', :tenantId, -1, '2024-03-28 16:27:00');
INSERT INTO `auth_policy_func` (`id`, `policy_id`, `app_id`, `func_id`, `func_type`, `tenant_id`, `created_by`, `created_date`) VALUES (219427254927623284, 126002, 100006, 1000061205072, 'BUTTON', :tenantId, -1, '2024-03-28 16:27:00');
INSERT INTO `auth_policy_func` (`id`, `policy_id`, `app_id`, `func_id`, `func_type`, `tenant_id`, `created_by`, `created_date`) VALUES (219427254927623285, 126002, 100006, 1000061201003, 'MENU', :tenantId, -1, '2024-03-28 16:27:00');
INSERT INTO `auth_policy_func` (`id`, `policy_id`, `app_id`, `func_id`, `func_type`, `tenant_id`, `created_by`, `created_date`) VALUES (219427254927623286, 126002, 100006, 1000061201022, 'BUTTON', :tenantId, -1, '2024-03-28 16:27:00');
INSERT INTO `auth_policy_func` (`id`, `policy_id`, `app_id`, `func_id`, `func_type`, `tenant_id`, `created_by`, `created_date`) VALUES (219427254927623287, 126002, 100006, 1000061201024, 'BUTTON', :tenantId, -1, '2024-03-28 16:27:00');
INSERT INTO `auth_policy_func` (`id`, `policy_id`, `app_id`, `func_id`, `func_type`, `tenant_id`, `created_by`, `created_date`) VALUES (219427254927623288, 126002, 100006, 1000061201023, 'BUTTON', :tenantId, -1, '2024-03-28 16:27:00');
INSERT INTO `auth_policy_func` (`id`, `policy_id`, `app_id`, `func_id`, `func_type`, `tenant_id`, `created_by`, `created_date`) VALUES (219427254927623289, 126002, 100006, 1000061201026, 'BUTTON', :tenantId, -1, '2024-03-28 16:27:00');
INSERT INTO `auth_policy_func` (`id`, `policy_id`, `app_id`, `func_id`, `func_type`, `tenant_id`, `created_by`, `created_date`) VALUES (219427254927623290, 126002, 100006, 1000061201028, 'BUTTON', :tenantId, -1, '2024-03-28 16:27:00');
INSERT INTO `auth_policy_func` (`id`, `policy_id`, `app_id`, `func_id`, `func_type`, `tenant_id`, `created_by`, `created_date`) VALUES (219427254927623291, 126002, 100006, 1000061201029, 'BUTTON', :tenantId, -1, '2024-03-28 16:27:00');
INSERT INTO `auth_policy_func` (`id`, `policy_id`, `app_id`, `func_id`, `func_type`, `tenant_id`, `created_by`, `created_date`) VALUES (219427254927623292, 126002, 100006, 1000061205031, 'BUTTON', :tenantId, -1, '2024-03-28 16:27:00');
INSERT INTO `auth_policy_func` (`id`, `policy_id`, `app_id`, `func_id`, `func_type`, `tenant_id`, `created_by`, `created_date`) VALUES (219427254927623293, 126002, 100006, 1000061205010, 'MENU', :tenantId, -1, '2024-03-28 16:27:00');
INSERT INTO `auth_policy_func` (`id`, `policy_id`, `app_id`, `func_id`, `func_type`, `tenant_id`, `created_by`, `created_date`) VALUES (219427254927623294, 126002, 100006, 1000061205009, 'MENU', :tenantId, -1, '2024-03-28 16:27:00');
INSERT INTO `auth_policy_func` (`id`, `policy_id`, `app_id`, `func_id`, `func_type`, `tenant_id`, `created_by`, `created_date`) VALUES (219427254927623295, 126002, 100006, 1000061205011, 'MENU', :tenantId, -1, '2024-03-28 16:27:00');
INSERT INTO `auth_policy_func` (`id`, `policy_id`, `app_id`, `func_id`, `func_type`, `tenant_id`, `created_by`, `created_date`) VALUES (219427254927623296, 126002, 100006, 1000061202001, 'MENU', :tenantId, -1, '2024-03-28 16:27:00');
INSERT INTO `auth_policy_func` (`id`, `policy_id`, `app_id`, `func_id`, `func_type`, `tenant_id`, `created_by`, `created_date`) VALUES (219427254927623297, 126002, 100006, 1000061201004, 'MENU', :tenantId, -1, '2024-03-28 16:27:00');
INSERT INTO `auth_policy_func` (`id`, `policy_id`, `app_id`, `func_id`, `func_type`, `tenant_id`, `created_by`, `created_date`) VALUES (219427254927623298, 126002, 100006, 1000061201032, 'BUTTON', :tenantId, -1, '2024-03-28 16:27:00');
INSERT INTO `auth_policy_func` (`id`, `policy_id`, `app_id`, `func_id`, `func_type`, `tenant_id`, `created_by`, `created_date`) VALUES (219427254927623299, 126002, 100006, 1000061201040, 'BUTTON', :tenantId, -1, '2024-03-28 16:27:00');
INSERT INTO `auth_policy_func` (`id`, `policy_id`, `app_id`, `func_id`, `func_type`, `tenant_id`, `created_by`, `created_date`) VALUES (219427254927623300, 126002, 100006, 1000061201033, 'BUTTON', :tenantId, -1, '2024-03-28 16:27:00');
INSERT INTO `auth_policy_func` (`id`, `policy_id`, `app_id`, `func_id`, `func_type`, `tenant_id`, `created_by`, `created_date`) VALUES (219427254927623301, 126002, 100006, 1000061201036, 'BUTTON', :tenantId, -1, '2024-03-28 16:27:00');
INSERT INTO `auth_policy_func` (`id`, `policy_id`, `app_id`, `func_id`, `func_type`, `tenant_id`, `created_by`, `created_date`) VALUES (219427254927623302, 126002, 100006, 1000061201037, 'BUTTON', :tenantId, -1, '2024-03-28 16:27:00');
INSERT INTO `auth_policy_func` (`id`, `policy_id`, `app_id`, `func_id`, `func_type`, `tenant_id`, `created_by`, `created_date`) VALUES (219427254927623303, 126002, 100006, 1000061204010, 'BUTTON', :tenantId, -1, '2024-03-28 16:27:00');
INSERT INTO `auth_policy_func` (`id`, `policy_id`, `app_id`, `func_id`, `func_type`, `tenant_id`, `created_by`, `created_date`) VALUES (219427254927623304, 126002, 100006, 1000061204007, 'MENU', :tenantId, -1, '2024-03-28 16:27:00');
INSERT INTO `auth_policy_func` (`id`, `policy_id`, `app_id`, `func_id`, `func_type`, `tenant_id`, `created_by`, `created_date`) VALUES (219427254927623305, 126002, 100006, 1000061205006, 'MENU', :tenantId, -1, '2024-03-28 16:27:00');
INSERT INTO `auth_policy_func` (`id`, `policy_id`, `app_id`, `func_id`, `func_type`, `tenant_id`, `created_by`, `created_date`) VALUES (219427254927623306, 126002, 100006, 1000061205033, 'BUTTON', :tenantId, -1, '2024-03-28 16:27:00');
INSERT INTO `auth_policy_func` (`id`, `policy_id`, `app_id`, `func_id`, `func_type`, `tenant_id`, `created_by`, `created_date`) VALUES (219427254927623307, 126002, 100006, 1000061205034, 'BUTTON', :tenantId, -1, '2024-03-28 16:27:00');
INSERT INTO `auth_policy_func` (`id`, `policy_id`, `app_id`, `func_id`, `func_type`, `tenant_id`, `created_by`, `created_date`) VALUES (219427254927623308, 126002, 100006, 1000061205036, 'BUTTON', :tenantId, -1, '2024-03-28 16:27:00');
INSERT INTO `auth_policy_func` (`id`, `policy_id`, `app_id`, `func_id`, `func_type`, `tenant_id`, `created_by`, `created_date`) VALUES (219427254927623309, 126002, 100006, 1000061205007, 'MENU', :tenantId, -1, '2024-03-28 16:27:00');
INSERT INTO `auth_policy_func` (`id`, `policy_id`, `app_id`, `func_id`, `func_type`, `tenant_id`, `created_by`, `created_date`) VALUES (219427254927623310, 126002, 100006, 1000061205065, 'MENU', :tenantId, -1, '2024-03-28 16:27:00');
INSERT INTO `auth_policy_func` (`id`, `policy_id`, `app_id`, `func_id`, `func_type`, `tenant_id`, `created_by`, `created_date`) VALUES (219427254927623311, 126002, 100006, 1000061205067, 'BUTTON', :tenantId, -1, '2024-03-28 16:27:00');
INSERT INTO `auth_policy_func` (`id`, `policy_id`, `app_id`, `func_id`, `func_type`, `tenant_id`, `created_by`, `created_date`) VALUES (219427254927623312, 126002, 100006, 1000061205058, 'MENU', :tenantId, -1, '2024-03-28 16:27:00');
INSERT INTO `auth_policy_func` (`id`, `policy_id`, `app_id`, `func_id`, `func_type`, `tenant_id`, `created_by`, `created_date`) VALUES (219427254927623313, 126002, 100006, 1000061205060, 'BUTTON', :tenantId, -1, '2024-03-28 16:27:00');
INSERT INTO `auth_policy_func` (`id`, `policy_id`, `app_id`, `func_id`, `func_type`, `tenant_id`, `created_by`, `created_date`) VALUES (219427254927623314, 126002, 100006, 1000061205059, 'BUTTON', :tenantId, -1, '2024-03-28 16:27:00');
INSERT INTO `auth_policy_func` (`id`, `policy_id`, `app_id`, `func_id`, `func_type`, `tenant_id`, `created_by`, `created_date`) VALUES (219427254927623315, 126002, 100006, 1000061205062, 'BUTTON', :tenantId, -1, '2024-03-28 16:27:00');
INSERT INTO `auth_policy_func` (`id`, `policy_id`, `app_id`, `func_id`, `func_type`, `tenant_id`, `created_by`, `created_date`) VALUES (219427254927623316, 126002, 100006, 1000061205064, 'BUTTON', :tenantId, -1, '2024-03-28 16:27:00');
INSERT INTO `auth_policy_func` (`id`, `policy_id`, `app_id`, `func_id`, `func_type`, `tenant_id`, `created_by`, `created_date`) VALUES (219427254927623317, 126002, 100006, 1000061203003, 'MENU', :tenantId, -1, '2024-03-28 16:27:00');
INSERT INTO `auth_policy_func` (`id`, `policy_id`, `app_id`, `func_id`, `func_type`, `tenant_id`, `created_by`, `created_date`) VALUES (219427254927623318, 126002, 100006, 1000061203008, 'BUTTON', :tenantId, -1, '2024-03-28 16:27:00');
INSERT INTO `auth_policy_func` (`id`, `policy_id`, `app_id`, `func_id`, `func_type`, `tenant_id`, `created_by`, `created_date`) VALUES (219427254927623319, 126002, 100006, 1000061203007, 'BUTTON', :tenantId, -1, '2024-03-28 16:27:00');
INSERT INTO `auth_policy_func` (`id`, `policy_id`, `app_id`, `func_id`, `func_type`, `tenant_id`, `created_by`, `created_date`) VALUES (219427254927623320, 126002, 100006, 1000061201027, 'BUTTON', :tenantId, -1, '2024-03-28 16:27:00');
INSERT INTO `auth_policy_func` (`id`, `policy_id`, `app_id`, `func_id`, `func_type`, `tenant_id`, `created_by`, `created_date`) VALUES (219427254927623321, 126002, 100006, 1000061203002, 'MENU', :tenantId, -1, '2024-03-28 16:27:00');
INSERT INTO `auth_policy_func` (`id`, `policy_id`, `app_id`, `func_id`, `func_type`, `tenant_id`, `created_by`, `created_date`) VALUES (219427254927623322, 126002, 100006, 1000061203001, 'MENU', :tenantId, -1, '2024-03-28 16:27:00');
INSERT INTO `auth_policy_func` (`id`, `policy_id`, `app_id`, `func_id`, `func_type`, `tenant_id`, `created_by`, `created_date`) VALUES (219427254927623323, 126002, 100006, 1000061203006, 'BUTTON', :tenantId, -1, '2024-03-28 16:27:00');
INSERT INTO `auth_policy_func` (`id`, `policy_id`, `app_id`, `func_id`, `func_type`, `tenant_id`, `created_by`, `created_date`) VALUES (219427254927623324, 126002, 100006, 1000061203004, 'BUTTON', :tenantId, -1, '2024-03-28 16:27:00');
INSERT INTO `auth_policy_func` (`id`, `policy_id`, `app_id`, `func_id`, `func_type`, `tenant_id`, `created_by`, `created_date`) VALUES (219427254927623325, 126002, 100006, 1000061205017, 'MENU', :tenantId, -1, '2024-03-28 16:27:00');
INSERT INTO `auth_policy_func` (`id`, `policy_id`, `app_id`, `func_id`, `func_type`, `tenant_id`, `created_by`, `created_date`) VALUES (219427254927623326, 126002, 100006, 1000061205020, 'MENU', :tenantId, -1, '2024-03-28 16:27:00');
INSERT INTO `auth_policy_func` (`id`, `policy_id`, `app_id`, `func_id`, `func_type`, `tenant_id`, `created_by`, `created_date`) VALUES (219427254927623327, 126002, 100006, 1000061201001, 'MENU', :tenantId, -1, '2024-03-28 16:27:00');
INSERT INTO `auth_policy_func` (`id`, `policy_id`, `app_id`, `func_id`, `func_type`, `tenant_id`, `created_by`, `created_date`) VALUES (219427254927623328, 126002, 100006, 1000061202002, 'MENU', :tenantId, -1, '2024-03-28 16:27:00');
INSERT INTO `auth_policy_func` (`id`, `policy_id`, `app_id`, `func_id`, `func_type`, `tenant_id`, `created_by`, `created_date`) VALUES (219427254927623329, 126002, 100006, 1000061202015, 'BUTTON', :tenantId, -1, '2024-03-28 16:27:00');
INSERT INTO `auth_policy_func` (`id`, `policy_id`, `app_id`, `func_id`, `func_type`, `tenant_id`, `created_by`, `created_date`) VALUES (219427254927623330, 126002, 100006, 1000061205032, 'BUTTON', :tenantId, -1, '2024-03-28 16:27:00');
INSERT INTO `auth_policy_func` (`id`, `policy_id`, `app_id`, `func_id`, `func_type`, `tenant_id`, `created_by`, `created_date`) VALUES (219427254927623331, 126002, 100006, 1000061205012, 'MENU', :tenantId, -1, '2024-03-28 16:27:00');
INSERT INTO `auth_policy_func` (`id`, `policy_id`, `app_id`, `func_id`, `func_type`, `tenant_id`, `created_by`, `created_date`) VALUES (219427254927623332, 126002, 100006, 1000061205030, 'BUTTON', :tenantId, -1, '2024-03-28 16:27:00');
INSERT INTO `auth_policy_func` (`id`, `policy_id`, `app_id`, `func_id`, `func_type`, `tenant_id`, `created_by`, `created_date`) VALUES (219427254927623333, 126002, 100006, 1000061205005, 'MENU', :tenantId, -1, '2024-03-28 16:27:00');
INSERT INTO `auth_policy_func` (`id`, `policy_id`, `app_id`, `func_id`, `func_type`, `tenant_id`, `created_by`, `created_date`) VALUES (219427254927623334, 126002, 100006, 1000061205022, 'MENU', :tenantId, -1, '2024-03-28 16:27:00');
INSERT INTO `auth_policy_func` (`id`, `policy_id`, `app_id`, `func_id`, `func_type`, `tenant_id`, `created_by`, `created_date`) VALUES (219427254927623335, 126002, 100006, 1000061205013, 'MENU', :tenantId, -1, '2024-03-28 16:27:00');
INSERT INTO `auth_policy_func` (`id`, `policy_id`, `app_id`, `func_id`, `func_type`, `tenant_id`, `created_by`, `created_date`) VALUES (219427254927623336, 126002, 100006, 1000061205023, 'MENU', :tenantId, -1, '2024-03-28 16:27:00');
INSERT INTO `auth_policy_func` (`id`, `policy_id`, `app_id`, `func_id`, `func_type`, `tenant_id`, `created_by`, `created_date`) VALUES (219427254927623337, 126002, 100006, 1000061205045, 'BUTTON', :tenantId, -1, '2024-03-28 16:27:00');
INSERT INTO `auth_policy_func` (`id`, `policy_id`, `app_id`, `func_id`, `func_type`, `tenant_id`, `created_by`, `created_date`) VALUES (219427254927623338, 126002, 100006, 1000061205044, 'BUTTON', :tenantId, -1, '2024-03-28 16:27:00');
INSERT INTO `auth_policy_func` (`id`, `policy_id`, `app_id`, `func_id`, `func_type`, `tenant_id`, `created_by`, `created_date`) VALUES (219427254927623339, 126002, 100006, 1000061205008, 'MENU', :tenantId, -1, '2024-03-28 16:27:00');
INSERT INTO `auth_policy_func` (`id`, `policy_id`, `app_id`, `func_id`, `func_type`, `tenant_id`, `created_by`, `created_date`) VALUES (219427254927623340, 126002, 100006, 1000061205066, 'MENU', :tenantId, -1, '2024-03-28 16:27:00');
INSERT INTO `auth_policy_func` (`id`, `policy_id`, `app_id`, `func_id`, `func_type`, `tenant_id`, `created_by`, `created_date`) VALUES (219427254927623341, 126002, 100006, 1000061205068, 'BUTTON', :tenantId, -1, '2024-03-28 16:27:00');
INSERT INTO `auth_policy_func` (`id`, `policy_id`, `app_id`, `func_id`, `func_type`, `tenant_id`, `created_by`, `created_date`) VALUES (219427254927623342, 126002, 100006, 1000061205024, 'MENU', :tenantId, -1, '2024-03-28 16:27:00');
INSERT INTO `auth_policy_func` (`id`, `policy_id`, `app_id`, `func_id`, `func_type`, `tenant_id`, `created_by`, `created_date`) VALUES (219427254927623343, 126002, 100006, 1000061205004, 'MENU', :tenantId, -1, '2024-03-28 16:27:00');
INSERT INTO `auth_policy_func` (`id`, `policy_id`, `app_id`, `func_id`, `func_type`, `tenant_id`, `created_by`, `created_date`) VALUES (219427254927623344, 126002, 100006, 1000061204001, 'MENU', :tenantId, -1, '2024-03-28 16:27:00');
INSERT INTO `auth_policy_func` (`id`, `policy_id`, `app_id`, `func_id`, `func_type`, `tenant_id`, `created_by`, `created_date`) VALUES (219427254927623345, 126002, 100006, 1000061204011, 'BUTTON', :tenantId, -1, '2024-03-28 16:27:00');
INSERT INTO `auth_policy_func` (`id`, `policy_id`, `app_id`, `func_id`, `func_type`, `tenant_id`, `created_by`, `created_date`) VALUES (219427254927623346, 126002, 100006, 1000061204012, 'BUTTON', :tenantId, -1, '2024-03-28 16:27:00');
INSERT INTO `auth_policy_func` (`id`, `policy_id`, `app_id`, `func_id`, `func_type`, `tenant_id`, `created_by`, `created_date`) VALUES (219427254927623347, 126002, 100006, 1000061204005, 'MENU', :tenantId, -1, '2024-03-28 16:27:00');
INSERT INTO `auth_policy_func` (`id`, `policy_id`, `app_id`, `func_id`, `func_type`, `tenant_id`, `created_by`, `created_date`) VALUES (219427254927623348, 126002, 100006, 1000061204006, 'MENU', :tenantId, -1, '2024-03-28 16:27:00');
INSERT INTO `auth_policy_func` (`id`, `policy_id`, `app_id`, `func_id`, `func_type`, `tenant_id`, `created_by`, `created_date`) VALUES (219427254927623349, 126002, 100006, 1000061205001, 'MENU', :tenantId, -1, '2024-03-28 16:27:00');
INSERT INTO `auth_policy_func` (`id`, `policy_id`, `app_id`, `func_id`, `func_type`, `tenant_id`, `created_by`, `created_date`) VALUES (219427254927623350, 126002, 100006, 1000061205002, 'MENU', :tenantId, -1, '2024-03-28 16:27:00');
INSERT INTO `auth_policy_func` (`id`, `policy_id`, `app_id`, `func_id`, `func_type`, `tenant_id`, `created_by`, `created_date`) VALUES (219427254927623351, 126002, 100006, 1000061201005, 'MENU', :tenantId, -1, '2024-03-28 16:27:00');
INSERT INTO `auth_policy_func` (`id`, `policy_id`, `app_id`, `func_id`, `func_type`, `tenant_id`, `created_by`, `created_date`) VALUES (219427254927623352, 126002, 100006, 1000061201041, 'BUTTON', :tenantId, -1, '2024-03-28 16:27:00');
INSERT INTO `auth_policy_func` (`id`, `policy_id`, `app_id`, `func_id`, `func_type`, `tenant_id`, `created_by`, `created_date`) VALUES (219427254927623353, 126002, 100006, 1000061201046, 'BUTTON', :tenantId, -1, '2024-03-28 16:27:00');
INSERT INTO `auth_policy_func` (`id`, `policy_id`, `app_id`, `func_id`, `func_type`, `tenant_id`, `created_by`, `created_date`) VALUES (219427254927623354, 126002, 100006, 1000061201047, 'BUTTON', :tenantId, -1, '2024-03-28 16:27:00');
INSERT INTO `auth_policy_func` (`id`, `policy_id`, `app_id`, `func_id`, `func_type`, `tenant_id`, `created_by`, `created_date`) VALUES (219427254927623355, 126002, 100006, 1000061201048, 'BUTTON', :tenantId, -1, '2024-03-28 16:27:00');
INSERT INTO `auth_policy_func` (`id`, `policy_id`, `app_id`, `func_id`, `func_type`, `tenant_id`, `created_by`, `created_date`) VALUES (219427254927623356, 126002, 100006, 1000061201049, 'BUTTON', :tenantId, -1, '2024-03-28 16:27:00');
INSERT INTO `auth_policy_func` (`id`, `policy_id`, `app_id`, `func_id`, `func_type`, `tenant_id`, `created_by`, `created_date`) VALUES (219427254927623357, 126002, 100006, 1000061201042, 'BUTTON', :tenantId, -1, '2024-03-28 16:27:00');
INSERT INTO `auth_policy_func` (`id`, `policy_id`, `app_id`, `func_id`, `func_type`, `tenant_id`, `created_by`, `created_date`) VALUES (219427254927623358, 126002, 100006, 1000061201044, 'BUTTON', :tenantId, -1, '2024-03-28 16:27:00');
INSERT INTO `auth_policy_func` (`id`, `policy_id`, `app_id`, `func_id`, `func_type`, `tenant_id`, `created_by`, `created_date`) VALUES (219427254927623359, 126002, 100006, 1000061201045, 'BUTTON', :tenantId, -1, '2024-03-28 16:27:00');
INSERT INTO `auth_policy_func` (`id`, `policy_id`, `app_id`, `func_id`, `func_type`, `tenant_id`, `created_by`, `created_date`) VALUES (219427254927623360, 126002, 100006, 1000061201002, 'MENU', :tenantId, -1, '2024-03-28 16:27:00');
INSERT INTO `auth_policy_func` (`id`, `policy_id`, `app_id`, `func_id`, `func_type`, `tenant_id`, `created_by`, `created_date`) VALUES (219427254927623361, 126002, 100006, 1000061201006, 'BUTTON', :tenantId, -1, '2024-03-28 16:27:00');
INSERT INTO `auth_policy_func` (`id`, `policy_id`, `app_id`, `func_id`, `func_type`, `tenant_id`, `created_by`, `created_date`) VALUES (219427254927623362, 126002, 100006, 1000061201013, 'BUTTON', :tenantId, -1, '2024-03-28 16:27:00');
INSERT INTO `auth_policy_func` (`id`, `policy_id`, `app_id`, `func_id`, `func_type`, `tenant_id`, `created_by`, `created_date`) VALUES (219427254927623363, 126002, 100006, 1000061201014, 'BUTTON', :tenantId, -1, '2024-03-28 16:27:00');
INSERT INTO `auth_policy_func` (`id`, `policy_id`, `app_id`, `func_id`, `func_type`, `tenant_id`, `created_by`, `created_date`) VALUES (219427254927623364, 126002, 100006, 1000061201021, 'BUTTON', :tenantId, -1, '2024-03-28 16:27:00');
INSERT INTO `auth_policy_func` (`id`, `policy_id`, `app_id`, `func_id`, `func_type`, `tenant_id`, `created_by`, `created_date`) VALUES (219427254927623365, 126002, 100006, 1000061201015, 'BUTTON', :tenantId, -1, '2024-03-28 16:27:00');
INSERT INTO `auth_policy_func` (`id`, `policy_id`, `app_id`, `func_id`, `func_type`, `tenant_id`, `created_by`, `created_date`) VALUES (219427254927623366, 126002, 100006, 1000061201016, 'BUTTON', :tenantId, -1, '2024-03-28 16:27:00');
INSERT INTO `auth_policy_func` (`id`, `policy_id`, `app_id`, `func_id`, `func_type`, `tenant_id`, `created_by`, `created_date`) VALUES (219427254927623367, 126002, 100006, 1000061201007, 'BUTTON', :tenantId, -1, '2024-03-28 16:27:00');
INSERT INTO `auth_policy_func` (`id`, `policy_id`, `app_id`, `func_id`, `func_type`, `tenant_id`, `created_by`, `created_date`) VALUES (219427254927623368, 126002, 100006, 1000061201017, 'BUTTON', :tenantId, -1, '2024-03-28 16:27:00');
INSERT INTO `auth_policy_func` (`id`, `policy_id`, `app_id`, `func_id`, `func_type`, `tenant_id`, `created_by`, `created_date`) VALUES (219427254927623369, 126002, 100006, 1000061201018, 'BUTTON', :tenantId, -1, '2024-03-28 16:27:00');
INSERT INTO `auth_policy_func` (`id`, `policy_id`, `app_id`, `func_id`, `func_type`, `tenant_id`, `created_by`, `created_date`) VALUES (219427254927623370, 126002, 100006, 1000061204013, 'BUTTON', :tenantId, -1, '2024-03-28 16:27:00');
INSERT INTO `auth_policy_func` (`id`, `policy_id`, `app_id`, `func_id`, `func_type`, `tenant_id`, `created_by`, `created_date`) VALUES (219427254927623371, 126002, 100006, 1000061204014, 'BUTTON', :tenantId, -1, '2024-03-28 16:27:00');
INSERT INTO `auth_policy_func` (`id`, `policy_id`, `app_id`, `func_id`, `func_type`, `tenant_id`, `created_by`, `created_date`) VALUES (222636594077630676, 126001, 100006, 1000061202021, 'BUTTON', :tenantId, -1, '2024-04-18 12:42:35');

-- Clear dirty data
DELETE FROM auth_policy_func WHERE func_id NOT IN (SELECT id FROM app_func);
DELETE FROM auth_policy_func WHERE policy_id NOT IN (SELECT id FROM auth_policy);

-- ----------------------------
-- Table data for auth_policy_org
-- ----------------------------
INSERT INTO `auth_policy_org` (`id`, `policy_id`, `policy_type`, `org_id`, `org_type`, `grant_scope`, `open_auth_flag`, `app_id`, `tenant_id`, `default_flag`, `created_by`, `created_date`) VALUES (219427254927626039, 126001, 'PRE_DEFINED', :tenantId, 'TENANT', 'TENANT_SYS_ADMIN', 1, 100006, :tenantId, 0, -1, '2024-03-31 23:51:12');
INSERT INTO `auth_policy_org` (`id`, `policy_id`, `policy_type`, `org_id`, `org_type`, `grant_scope`, `open_auth_flag`, `app_id`, `tenant_id`, `default_flag`, `created_by`, `created_date`) VALUES (219427254927626040, 126003, 'PRE_DEFINED', :tenantId, 'TENANT', 'TENANT_ALL_USER', 0, 100006, :tenantId, 1, -1, '2024-03-31 23:51:12');

-- @formatter:on